"Grade","Profissional_Grade","Unidade_Funcional","Condicao_De_Atendimento","Especialidade","Situacao_Atual_Grade","Dia_da_Semana","Hora_Inicio","Turno","Situacao_Atual_Horario","Quantidade_Vagas"
12,C. A. D. S. ,UROLOGIA (AMBULATÓRIO),RETORNO,UROLOGIA,Inativo,Quinta,1970-01-01 07:00:00.000,Manhã,Ativo,20
12,C. A. D. S. ,UROLOGIA (AMBULATÓRIO),CONSULTA PRIMEIRA VEZ SERVIDOR(A),UROLOGIA,Inativo,Quinta,1970-01-01 07:00:00.000,Manhã,Ativo,1
12,C. A. D. S. ,UROLOGIA (AMBULATÓRIO),INTERCONSULTA,UROLOGIA,Inativo,Quinta,1970-01-01 07:00:00.000,Manhã,Ativo,2
12,C. A. D. S. ,UROLOGIA (AMBULATÓRIO),TELEATENDIMENTO,UROLOGIA,Inativo,Quinta,1970-01-01 07:00:00.000,Manhã,Ativo,1
13,C. A. D. S. ,UROLOGIA (AMBULATÓRIO),RETORNO,UROLOGIA NEURO,Inativo,Quinta,1970-01-01 13:00:00.000,Tarde,Ativo,15
13,C. A. D. S. ,UROLOGIA (AMBULATÓRIO),CONSULTA PRIMEIRA VEZ SERVIDOR(A),UROLOGIA NEURO,Inativo,Quinta,1970-01-01 13:00:00.000,Tarde,Ativo,1
13,C. A. D. S. ,UROLOGIA (AMBULATÓRIO),INTERCONSULTA,UROLOGIA NEURO,Inativo,Quinta,1970-01-01 13:00:00.000,Tarde,Ativo,1
13,C. A. D. S. ,UROLOGIA (AMBULATÓRIO),TELEATENDIMENTO,UROLOGIA NEURO,Inativo,Quinta,1970-01-01 13:00:00.000,Tarde,Ativo,1
14,F. D. O. V. ,UROLOGIA (AMBULATÓRIO),,UROLOGIA,Ativo,,,,,
16,P. D. C. C. N. ,UROLOGIA (AMBULATÓRIO),TELEATENDIMENTO,UROLOGIA,Inativo,Quinta,1970-01-01 07:00:00.000,Manhã,Ativo,1
16,P. D. C. C. N. ,UROLOGIA (AMBULATÓRIO),CONSULTA REGULADA,UROLOGIA,Inativo,Quinta,1970-01-01 07:00:00.000,Manhã,Ativo,5
16,P. D. C. C. N. ,UROLOGIA (AMBULATÓRIO),RETORNO,UROLOGIA,Inativo,Quinta,1970-01-01 13:00:00.000,Tarde,Ativo,50
16,P. D. C. C. N. ,UROLOGIA (AMBULATÓRIO),RETORNO,UROLOGIA,Inativo,Quinta,1970-01-01 07:00:00.000,Manhã,Ativo,50
16,P. D. C. C. N. ,UROLOGIA (AMBULATÓRIO),INTERCONSULTA,UROLOGIA,Inativo,Quinta,1970-01-01 07:00:00.000,Manhã,Ativo,1
16,P. D. C. C. N. ,UROLOGIA (AMBULATÓRIO),CONSULTA PRIMEIRA VEZ SERVIDOR(A),UROLOGIA,Inativo,Quinta,1970-01-01 07:00:00.000,Manhã,Ativo,1
17,T. D. P. B. J. ,UROLOGIA (AMBULATÓRIO),RETORNO,UROLOGIA,Inativo,Quarta,1970-01-01 07:00:00.000,Manhã,Inativo,15
34,E. V. F. ,UROLOGIA (AMBULATÓRIO),RETORNO,URO ENFERMAGEM,Inativo,Segunda,1970-01-01 07:00:00.000,Manhã,Inativo,20
34,E. V. F. ,UROLOGIA (AMBULATÓRIO),RETORNO,URO ENFERMAGEM,Inativo,Terça,1970-01-01 07:00:00.000,Manhã,Inativo,3
34,E. V. F. ,UROLOGIA (AMBULATÓRIO),RETORNO,URO ENFERMAGEM,Inativo,Quinta,1970-01-01 07:00:00.000,Manhã,Inativo,5
34,E. V. F. ,UROLOGIA (AMBULATÓRIO),RETORNO,URO ENFERMAGEM,Inativo,Sexta,1970-01-01 07:00:00.000,Manhã,Inativo,12
36,M. W. D. S. J. ,UROLOGIA (AMBULATÓRIO),INTERCONSULTA,UROLOGIA,Inativo,Terça,1970-01-01 07:00:00.000,Manhã,Inativo,4
36,M. W. D. S. J. ,UROLOGIA (AMBULATÓRIO),RETORNO,UROLOGIA,Inativo,Terça,1970-01-01 07:00:00.000,Manhã,Inativo,20
37,L. H. C. S. D. M. ,UROLOGIA (AMBULATÓRIO),RETORNO,UROLOGIA,Ativo,Terça,1970-01-01 13:00:00.000,Tarde,Ativo,20
38,M. C. D. A. N. ,UROLOGIA (AMBULATÓRIO),RETORNO,UROLOGIA ONCO,Ativo,Segunda,1970-01-01 07:00:00.000,Manhã,Ativo,20
40,E. M. L. ,CIRURGIA VASCULAR (AMBULATÓRIO),INTERCONSULTA,CIRURGIA VASCULAR,Ativo,Quinta,1970-01-01 07:00:00.000,Manhã,Ativo,1
40,E. M. L. ,CIRURGIA VASCULAR (AMBULATÓRIO),RETORNO,CIRURGIA VASCULAR,Ativo,Quinta,1970-01-01 07:00:00.000,Manhã,Ativo,8
40,E. M. L. ,CIRURGIA VASCULAR (AMBULATÓRIO),CONSULTA REGULADA,CIRURGIA VASCULAR,Ativo,Quinta,1970-01-01 10:00:00.000,Manhã,Ativo,8
41,R. M. D. S. ,INFECTOLOGIA (AMBULATÓRIO),RETORNO,DIP ENFERMAGEM,Inativo,Segunda,1970-01-01 07:00:00.000,Manhã,Ativo,5
41,R. M. D. S. ,INFECTOLOGIA (AMBULATÓRIO),RETORNO,DIP ENFERMAGEM,Inativo,Segunda,1970-01-01 13:00:00.000,Tarde,Ativo,5
41,R. M. D. S. ,INFECTOLOGIA (AMBULATÓRIO),INTERCONSULTA,DIP ENFERMAGEM,Inativo,Segunda,1970-01-01 07:00:00.000,Manhã,Ativo,4
41,R. M. D. S. ,INFECTOLOGIA (AMBULATÓRIO),PRIMEIRA CONSULTA,DIP ENFERMAGEM,Inativo,Segunda,1970-01-01 13:00:00.000,Tarde,Ativo,2
41,R. M. D. S. ,INFECTOLOGIA (AMBULATÓRIO),PRIMEIRA CONSULTA,DIP ENFERMAGEM,Inativo,Segunda,1970-01-01 07:00:00.000,Manhã,Ativo,2
41,R. M. D. S. ,INFECTOLOGIA (AMBULATÓRIO),INTERCONSULTA,DIP ENFERMAGEM,Inativo,Segunda,1970-01-01 13:00:00.000,Tarde,Ativo,4
41,R. M. D. S. ,INFECTOLOGIA (AMBULATÓRIO),RETORNO,DIP ENFERMAGEM,Inativo,Terça,1970-01-01 07:00:00.000,Manhã,Ativo,5
41,R. M. D. S. ,INFECTOLOGIA (AMBULATÓRIO),PRIMEIRA CONSULTA,DIP ENFERMAGEM,Inativo,Terça,1970-01-01 07:00:00.000,Manhã,Ativo,2
41,R. M. D. S. ,INFECTOLOGIA (AMBULATÓRIO),INTERCONSULTA,DIP ENFERMAGEM,Inativo,Terça,1970-01-01 07:00:00.000,Manhã,Ativo,4
41,R. M. D. S. ,INFECTOLOGIA (AMBULATÓRIO),INTERCONSULTA,DIP ENFERMAGEM,Inativo,Quarta,1970-01-01 07:00:00.000,Manhã,Ativo,4
41,R. M. D. S. ,INFECTOLOGIA (AMBULATÓRIO),PRIMEIRA CONSULTA,DIP ENFERMAGEM,Inativo,Quarta,1970-01-01 07:00:00.000,Manhã,Ativo,2
41,R. M. D. S. ,INFECTOLOGIA (AMBULATÓRIO),RETORNO,DIP ENFERMAGEM,Inativo,Quarta,1970-01-01 07:00:00.000,Manhã,Ativo,5
41,R. M. D. S. ,INFECTOLOGIA (AMBULATÓRIO),RETORNO,DIP ENFERMAGEM,Inativo,Quinta,1970-01-01 07:00:00.000,Manhã,Ativo,5
41,R. M. D. S. ,INFECTOLOGIA (AMBULATÓRIO),INTERCONSULTA,DIP ENFERMAGEM,Inativo,Quinta,1970-01-01 07:00:00.000,Manhã,Ativo,4
41,R. M. D. S. ,INFECTOLOGIA (AMBULATÓRIO),PRIMEIRA CONSULTA,DIP ENFERMAGEM,Inativo,Quinta,1970-01-01 07:00:00.000,Manhã,Ativo,2
41,R. M. D. S. ,INFECTOLOGIA (AMBULATÓRIO),RETORNO,DIP ENFERMAGEM,Inativo,Sexta,1970-01-01 07:00:00.000,Manhã,Ativo,5
41,R. M. D. S. ,INFECTOLOGIA (AMBULATÓRIO),INTERCONSULTA,DIP ENFERMAGEM,Inativo,Sexta,1970-01-01 07:00:00.000,Manhã,Ativo,4
41,R. M. D. S. ,INFECTOLOGIA (AMBULATÓRIO),PRIMEIRA CONSULTA,DIP ENFERMAGEM,Inativo,Sexta,1970-01-01 07:00:00.000,Manhã,Ativo,2
44,A. L. D. S. P. ,INFECTOLOGIA (AMBULATÓRIO),INTERCONSULTA,DOENÇAS INFECTO PARASITARIAS,Inativo,Segunda,1970-01-01 07:00:00.000,Manhã,Ativo,1
44,A. L. D. S. P. ,INFECTOLOGIA (AMBULATÓRIO),RETORNO,DOENÇAS INFECTO PARASITARIAS,Inativo,Segunda,1970-01-01 07:00:00.000,Manhã,Ativo,6
45,A. L. D. S. P. ,INFECTOLOGIA (AMBULATÓRIO),RETORNO,DOENÇAS INFECTO PARASITARIAS,Inativo,Quinta,1970-01-01 07:00:00.000,Manhã,Ativo,6
45,A. L. D. S. P. ,INFECTOLOGIA (AMBULATÓRIO),INTERCONSULTA,DOENÇAS INFECTO PARASITARIAS,Inativo,Quinta,1970-01-01 07:00:00.000,Manhã,Ativo,1
46,L. C. M. F. ,INFECTOLOGIA (AMBULATÓRIO),PRIMEIRA CONSULTA,DIP ESPECIAL,Ativo,Terça,1970-01-01 07:00:00.000,Manhã,Ativo,1
46,L. C. M. F. ,INFECTOLOGIA (AMBULATÓRIO),RETORNO,DIP ESPECIAL,Ativo,Terça,1970-01-01 07:00:00.000,Manhã,Ativo,7
46,L. C. M. F. ,INFECTOLOGIA (AMBULATÓRIO),RETORNO,DIP ESPECIAL,Ativo,Quinta,1970-01-01 07:00:00.000,Manhã,Ativo,7
46,L. C. M. F. ,INFECTOLOGIA (AMBULATÓRIO),PRIMEIRA CONSULTA,DIP ESPECIAL,Ativo,Quinta,1970-01-01 07:00:00.000,Manhã,Ativo,1
47,L. C. R. V. ,INFECTOLOGIA (AMBULATÓRIO),RETORNO,DIP ESPECIAL,Inativo,Quinta,1970-01-01 13:00:00.000,Tarde,Inativo,5
47,L. C. R. V. ,INFECTOLOGIA (AMBULATÓRIO),INTERCONSULTA,DIP ESPECIAL,Inativo,Quinta,1970-01-01 13:00:00.000,Tarde,Inativo,1
48,C. E. G. P. ,INFECTOLOGIA (AMBULATÓRIO),CONSULTA REGULADA,DIP ESPECIAL,Ativo,Segunda,1970-01-01 15:30:00.000,Tarde,Ativo,1
48,C. E. G. P. ,INFECTOLOGIA (AMBULATÓRIO),PRIMEIRA CONSULTA,DIP ESPECIAL,Ativo,Segunda,1970-01-01 13:00:00.000,Tarde,Ativo,1
48,C. E. G. P. ,INFECTOLOGIA (AMBULATÓRIO),RETORNO,DIP ESPECIAL,Ativo,Segunda,1970-01-01 13:00:00.000,Tarde,Ativo,6
49,C. E. G. P. ,INFECTOLOGIA (AMBULATÓRIO),RETORNO,DIP ESPECIAL,Ativo,Quinta,1970-01-01 13:00:00.000,Tarde,Ativo,6
49,C. E. G. P. ,INFECTOLOGIA (AMBULATÓRIO),PRIMEIRA CONSULTA,DIP ESPECIAL,Ativo,Quinta,1970-01-01 13:00:00.000,Tarde,Ativo,1
49,C. E. G. P. ,INFECTOLOGIA (AMBULATÓRIO),CONSULTA REGULADA,DIP ESPECIAL,Ativo,Quinta,1970-01-01 15:30:00.000,Tarde,Ativo,1
50,E. D. B. C. J. ,INFECTOLOGIA (AMBULATÓRIO),RETORNO,DIP ESPECIAL,Ativo,Terça,1970-01-01 13:00:00.000,Tarde,Ativo,6
50,E. D. B. C. J. ,INFECTOLOGIA (AMBULATÓRIO),PRIMEIRA CONSULTA,DIP ESPECIAL,Ativo,Terça,1970-01-01 13:00:00.000,Tarde,Ativo,1
50,E. D. B. C. J. ,INFECTOLOGIA (AMBULATÓRIO),CONSULTA REGULADA,DIP ESPECIAL,Ativo,Terça,1970-01-01 15:30:00.000,Tarde,Ativo,1
51,E. D. B. C. J. ,INFECTOLOGIA (AMBULATÓRIO),CONSULTA REGULADA,DIP ESPECIAL,Ativo,Quinta,1970-01-01 10:00:00.000,Manhã,Ativo,1
51,E. D. B. C. J. ,INFECTOLOGIA (AMBULATÓRIO),PRIMEIRA CONSULTA,DIP ESPECIAL,Ativo,Quinta,1970-01-01 07:00:00.000,Manhã,Ativo,1
51,E. D. B. C. J. ,INFECTOLOGIA (AMBULATÓRIO),RETORNO,DIP ESPECIAL,Ativo,Quinta,1970-01-01 07:00:00.000,Manhã,Ativo,6
52,C. F. A. B. A. ,INFECTOLOGIA (AMBULATÓRIO),PRIMEIRA CONSULTA,DIP ESPECIAL,Ativo,Segunda,1970-01-01 13:00:00.000,Tarde,Ativo,1
52,C. F. A. B. A. ,INFECTOLOGIA (AMBULATÓRIO),INTERCONSULTA,DIP ESPECIAL,Ativo,Segunda,1970-01-01 13:00:00.000,Tarde,Ativo,1
52,C. F. A. B. A. ,INFECTOLOGIA (AMBULATÓRIO),RETORNO,DIP ESPECIAL,Ativo,Segunda,1970-01-01 13:00:00.000,Tarde,Ativo,5
53,M. I. D. O. ,INFECTOLOGIA (AMBULATÓRIO),RETORNO,DIP ESPECIAL,Ativo,Quarta,1970-01-01 13:00:00.000,Tarde,Ativo,6
53,M. I. D. O. ,INFECTOLOGIA (AMBULATÓRIO),PRIMEIRA CONSULTA,DIP ESPECIAL,Ativo,Quarta,1970-01-01 13:00:00.000,Tarde,Ativo,1
53,M. I. D. O. ,INFECTOLOGIA (AMBULATÓRIO),CONSULTA REGULADA,DIP ESPECIAL,Ativo,Quarta,1970-01-01 15:30:00.000,Tarde,Ativo,1
54,C. F. D. L. V. ,INFECTOLOGIA (AMBULATÓRIO),RETORNO,DIP ESPECIAL,Ativo,Segunda,1970-01-01 13:00:00.000,Tarde,Ativo,7
54,C. F. D. L. V. ,INFECTOLOGIA (AMBULATÓRIO),CONSULTA REGULADA,DIP ESPECIAL,Ativo,Segunda,1970-01-01 15:30:00.000,Tarde,Ativo,1
54,C. F. D. L. V. ,INFECTOLOGIA (AMBULATÓRIO),RETORNO,DIP ESPECIAL,Ativo,Quinta,1970-01-01 07:00:00.000,Manhã,Ativo,5
54,C. F. D. L. V. ,INFECTOLOGIA (AMBULATÓRIO),CONSULTA REGULADA,DIP ESPECIAL,Ativo,Quinta,1970-01-01 10:00:00.000,Manhã,Ativo,1
56,M. C. D. A. N. ,UROLOGIA (AMBULATÓRIO),RETORNO,UROLOGIA,Inativo,Segunda,1970-01-01 07:00:00.000,Manhã,Ativo,5
56,M. C. D. A. N. ,UROLOGIA (AMBULATÓRIO),CONSULTA REGULADA,UROLOGIA,Inativo,Segunda,1970-01-01 07:00:00.000,Manhã,Ativo,5
60,S. H. C. S. S. ,INFECTOLOGIA (AMBULATÓRIO),RETORNO,DIP SERVIÇO SOCIAL,Ativo,Terça,1970-01-01 07:00:00.000,Manhã,Ativo,2
60,S. H. C. S. S. ,INFECTOLOGIA (AMBULATÓRIO),PRIMEIRA CONSULTA,DIP SERVIÇO SOCIAL,Ativo,Terça,1970-01-01 07:00:00.000,Manhã,Ativo,3
62,C. E. L. T. ,UROLOGIA (AMBULATÓRIO),,UROLOGIA,Ativo,,,,,
64,E. M. D. S. T. ,CIRURGIA VASCULAR (AMBULATÓRIO),RETORNO,CIRURGIA VASCULAR,Ativo,Quarta,1970-01-01 07:00:00.000,Manhã,Inativo,4
64,E. M. D. S. T. ,CIRURGIA VASCULAR (AMBULATÓRIO),INTERCONSULTA,CIRURGIA VASCULAR,Ativo,Quarta,1970-01-01 07:00:00.000,Manhã,Inativo,4
65,A. L. M. ,CIRURGIA VASCULAR (AMBULATÓRIO),CONSULTA REGULADA,CIRURGIA VASCULAR,Ativo,Segunda,1970-01-01 15:30:00.000,Tarde,Ativo,8
65,A. L. M. ,CIRURGIA VASCULAR (AMBULATÓRIO),INTERCONSULTA,CIRURGIA VASCULAR,Ativo,Segunda,1970-01-01 13:00:00.000,Tarde,Ativo,1
65,A. L. M. ,CIRURGIA VASCULAR (AMBULATÓRIO),RETORNO,CIRURGIA VASCULAR,Ativo,Segunda,1970-01-01 13:00:00.000,Tarde,Ativo,8
68,R. M. D. S. ,CIRURGIA VASCULAR (AMBULATÓRIO),RETORNO,CIRURGIA VASCULAR CURATIVO,Inativo,Segunda,1970-01-01 07:00:00.000,Manhã,Ativo,20
68,R. M. D. S. ,CIRURGIA VASCULAR (AMBULATÓRIO),RETORNO,CIRURGIA VASCULAR CURATIVO,Inativo,Terça,1970-01-01 07:00:00.000,Manhã,Ativo,20
68,R. M. D. S. ,CIRURGIA VASCULAR (AMBULATÓRIO),RETORNO,CIRURGIA VASCULAR CURATIVO,Inativo,Quarta,1970-01-01 07:00:00.000,Manhã,Ativo,20
68,R. M. D. S. ,CIRURGIA VASCULAR (AMBULATÓRIO),RETORNO,CIRURGIA VASCULAR CURATIVO,Inativo,Quinta,1970-01-01 07:00:00.000,Manhã,Ativo,10
68,R. M. D. S. ,CIRURGIA VASCULAR (AMBULATÓRIO),RETORNO,CIRURGIA VASCULAR CURATIVO,Inativo,Sexta,1970-01-01 07:00:00.000,Manhã,Ativo,20
69,R. M. D. S. ,CIRURGIA VASCULAR (AMBULATÓRIO),RETORNO,CIRURGIA VASCULAR ENFERMAGEM,Inativo,Segunda,1970-01-01 07:00:00.000,Manhã,Ativo,20
69,R. M. D. S. ,CIRURGIA VASCULAR (AMBULATÓRIO),RETORNO,CIRURGIA VASCULAR ENFERMAGEM,Inativo,Terça,1970-01-01 07:00:00.000,Manhã,Ativo,20
69,R. M. D. S. ,CIRURGIA VASCULAR (AMBULATÓRIO),RETORNO,CIRURGIA VASCULAR ENFERMAGEM,Inativo,Quarta,1970-01-01 07:00:00.000,Manhã,Ativo,20
69,R. M. D. S. ,CIRURGIA VASCULAR (AMBULATÓRIO),RETORNO,CIRURGIA VASCULAR ENFERMAGEM,Inativo,Quinta,1970-01-01 07:00:00.000,Manhã,Ativo,20
69,R. M. D. S. ,CIRURGIA VASCULAR (AMBULATÓRIO),RETORNO,CIRURGIA VASCULAR ENFERMAGEM,Inativo,Sexta,1970-01-01 07:00:00.000,Manhã,Ativo,20
71,A. C. D. M. B. ,UROLOGIA (AMBULATÓRIO),RETORNO,UROLOGIA,Inativo,Quarta,1970-01-01 07:00:00.000,Manhã,Ativo,50
71,A. C. D. M. B. ,UROLOGIA (AMBULATÓRIO),RETORNO,UROLOGIA,Inativo,Sexta,1970-01-01 07:00:00.000,Manhã,Ativo,50
82,C. R. M. ,INFECTOLOGIA (AMBULATÓRIO),RETORNO,DIP PSICOLOGIA,Ativo,Segunda,1970-01-01 13:00:00.000,Tarde,Ativo,7
84,S. R. G. D. C. P. ,UROLOGIA (AMBULATÓRIO),RETORNO,UROLOGIA,Inativo,Segunda,1970-01-01 13:00:00.000,Tarde,Ativo,50
86,R. D. M. R. ,CIRURGIA VASCULAR (AMBULATÓRIO),RETORNO,CIRURGIA VASCULAR,Ativo,Segunda,1970-01-01 13:00:00.000,Tarde,Ativo,3
88,R. M. D. S. ,UROLOGIA (AMBULATÓRIO),RETORNO,URO ENFERMAGEM,Inativo,Segunda,1970-01-01 07:00:00.000,Manhã,Ativo,20
88,R. M. D. S. ,UROLOGIA (AMBULATÓRIO),RETORNO,URO ENFERMAGEM,Inativo,Terça,1970-01-01 07:00:00.000,Manhã,Ativo,3
88,R. M. D. S. ,UROLOGIA (AMBULATÓRIO),RETORNO,URO ENFERMAGEM,Inativo,Quinta,1970-01-01 07:00:00.000,Manhã,Ativo,5
88,R. M. D. S. ,UROLOGIA (AMBULATÓRIO),RETORNO,URO ENFERMAGEM,Inativo,Sexta,1970-01-01 07:00:00.000,Manhã,Ativo,12
90,E. V. F. ,CIRURGIA VASCULAR (AMBULATÓRIO),RETORNO,CIRURGIA VASCULAR CURATIVO,Inativo,Segunda,1970-01-01 07:00:00.000,Manhã,Inativo,20
90,E. V. F. ,CIRURGIA VASCULAR (AMBULATÓRIO),RETORNO,CIRURGIA VASCULAR CURATIVO,Inativo,Terça,1970-01-01 07:00:00.000,Manhã,Inativo,20
90,E. V. F. ,CIRURGIA VASCULAR (AMBULATÓRIO),RETORNO,CIRURGIA VASCULAR CURATIVO,Inativo,Quarta,1970-01-01 07:00:00.000,Manhã,Inativo,20
90,E. V. F. ,CIRURGIA VASCULAR (AMBULATÓRIO),RETORNO,CIRURGIA VASCULAR CURATIVO,Inativo,Quinta,1970-01-01 07:00:00.000,Manhã,Inativo,20
90,E. V. F. ,CIRURGIA VASCULAR (AMBULATÓRIO),RETORNO,CIRURGIA VASCULAR CURATIVO,Inativo,Sexta,1970-01-01 07:00:00.000,Manhã,Inativo,20
91,E. V. F. ,CIRURGIA VASCULAR (AMBULATÓRIO),RETORNO,CIRURGIA VASCULAR ENFERMAGEM,Inativo,Segunda,1970-01-01 07:00:00.000,Manhã,Inativo,20
91,E. V. F. ,CIRURGIA VASCULAR (AMBULATÓRIO),RETORNO,CIRURGIA VASCULAR ENFERMAGEM,Inativo,Terça,1970-01-01 07:00:00.000,Manhã,Inativo,20
91,E. V. F. ,CIRURGIA VASCULAR (AMBULATÓRIO),RETORNO,CIRURGIA VASCULAR ENFERMAGEM,Inativo,Quarta,1970-01-01 07:00:00.000,Manhã,Inativo,20
91,E. V. F. ,CIRURGIA VASCULAR (AMBULATÓRIO),RETORNO,CIRURGIA VASCULAR ENFERMAGEM,Inativo,Quinta,1970-01-01 07:00:00.000,Manhã,Inativo,20
91,E. V. F. ,CIRURGIA VASCULAR (AMBULATÓRIO),RETORNO,CIRURGIA VASCULAR ENFERMAGEM,Inativo,Sexta,1970-01-01 07:00:00.000,Manhã,Inativo,20
92,E. V. F. ,INFECTOLOGIA (AMBULATÓRIO),RETORNO,DIP ENFERMAGEM,Inativo,Segunda,1970-01-01 13:00:00.000,Tarde,Inativo,8
92,E. V. F. ,INFECTOLOGIA (AMBULATÓRIO),INTERCONSULTA,DIP ENFERMAGEM,Inativo,Segunda,1970-01-01 13:00:00.000,Tarde,Inativo,2
92,E. V. F. ,INFECTOLOGIA (AMBULATÓRIO),INTERCONSULTA,DIP ENFERMAGEM,Inativo,Terça,1970-01-01 13:00:00.000,Tarde,Inativo,5
92,E. V. F. ,INFECTOLOGIA (AMBULATÓRIO),RETORNO,DIP ENFERMAGEM,Inativo,Terça,1970-01-01 13:00:00.000,Tarde,Inativo,5
92,E. V. F. ,INFECTOLOGIA (AMBULATÓRIO),PRIMEIRA CONSULTA,DIP ENFERMAGEM,Inativo,Quarta,1970-01-01 13:00:00.000,Tarde,Inativo,2
92,E. V. F. ,INFECTOLOGIA (AMBULATÓRIO),INTERCONSULTA,DIP ENFERMAGEM,Inativo,Quinta,1970-01-01 13:00:00.000,Tarde,Inativo,2
92,E. V. F. ,INFECTOLOGIA (AMBULATÓRIO),RETORNO,DIP ENFERMAGEM,Inativo,Quinta,1970-01-01 13:00:00.000,Tarde,Inativo,8
92,E. V. F. ,INFECTOLOGIA (AMBULATÓRIO),INTERCONSULTA,DIP ENFERMAGEM,Inativo,Sexta,1970-01-01 13:00:00.000,Tarde,Inativo,5
92,E. V. F. ,INFECTOLOGIA (AMBULATÓRIO),RETORNO,DIP ENFERMAGEM,Inativo,Sexta,1970-01-01 13:00:00.000,Tarde,Inativo,5
94,A. V. G. ,CIRURGIA VASCULAR (AMBULATÓRIO),RETORNO,CIRURGIA VASCULAR,Ativo,Quarta,1970-01-01 07:00:00.000,Manhã,Inativo,4
94,A. V. G. ,CIRURGIA VASCULAR (AMBULATÓRIO),INTERCONSULTA,CIRURGIA VASCULAR,Ativo,Quarta,1970-01-01 07:00:00.000,Manhã,Inativo,4
96,M. W. D. S. J. ,UROLOGIA (AMBULATÓRIO),RETORNO,UROLOGIA PROCEDIMENTOS,Inativo,Terça,1970-01-01 07:00:00.000,Manhã,Inativo,5
98,T. D. P. B. J. ,UROLOGIA (AMBULATÓRIO),RETORNO,UROLOGIA PROCEDIMENTOS,Inativo,Quarta,1970-01-01 07:00:00.000,Manhã,Inativo,5
99,C. A. D. S. ,UROLOGIA (AMBULATÓRIO),RETORNO,UROLOGIA PROCEDIMENTOS,Inativo,Quinta,1970-01-01 07:00:00.000,Manhã,Ativo,8
100,C. C. D. A. ,CIRURGIA VASCULAR (AMBULATÓRIO),,CIRURGIA VASCULAR,Ativo,,,,,
101,J. T. C. P. ,CIRURGIA VASCULAR (AMBULATÓRIO),RETORNO,CIRURGIA VASCULAR CURATIVO,Inativo,Segunda,1970-01-01 07:00:00.000,Manhã,Ativo,20
101,J. T. C. P. ,CIRURGIA VASCULAR (AMBULATÓRIO),RETORNO,CIRURGIA VASCULAR CURATIVO,Inativo,Terça,1970-01-01 07:00:00.000,Manhã,Ativo,20
101,J. T. C. P. ,CIRURGIA VASCULAR (AMBULATÓRIO),RETORNO,CIRURGIA VASCULAR CURATIVO,Inativo,Quarta,1970-01-01 07:00:00.000,Manhã,Ativo,20
101,J. T. C. P. ,CIRURGIA VASCULAR (AMBULATÓRIO),RETORNO,CIRURGIA VASCULAR CURATIVO,Inativo,Sexta,1970-01-01 07:00:00.000,Manhã,Ativo,20
102,J. T. C. P. ,CIRURGIA VASCULAR (AMBULATÓRIO),RETORNO,CIRURGIA VASCULAR ENFERMAGEM,Inativo,Segunda,1970-01-01 07:00:00.000,Manhã,Ativo,20
102,J. T. C. P. ,CIRURGIA VASCULAR (AMBULATÓRIO),RETORNO,CIRURGIA VASCULAR ENFERMAGEM,Inativo,Terça,1970-01-01 07:00:00.000,Manhã,Ativo,20
102,J. T. C. P. ,CIRURGIA VASCULAR (AMBULATÓRIO),RETORNO,CIRURGIA VASCULAR ENFERMAGEM,Inativo,Quarta,1970-01-01 07:00:00.000,Manhã,Ativo,20
102,J. T. C. P. ,CIRURGIA VASCULAR (AMBULATÓRIO),RETORNO,CIRURGIA VASCULAR ENFERMAGEM,Inativo,Quinta,1970-01-01 07:00:00.000,Manhã,Ativo,20
102,J. T. C. P. ,CIRURGIA VASCULAR (AMBULATÓRIO),RETORNO,CIRURGIA VASCULAR ENFERMAGEM,Inativo,Sexta,1970-01-01 07:00:00.000,Manhã,Ativo,20
104,J. T. C. P. ,INFECTOLOGIA (AMBULATÓRIO),RETORNO,DIP ENFERMAGEM,Inativo,Segunda,1970-01-01 13:00:00.000,Tarde,Ativo,8
104,J. T. C. P. ,INFECTOLOGIA (AMBULATÓRIO),INTERCONSULTA,DIP ENFERMAGEM,Inativo,Segunda,1970-01-01 13:00:00.000,Tarde,Ativo,2
104,J. T. C. P. ,INFECTOLOGIA (AMBULATÓRIO),INTERCONSULTA,DIP ENFERMAGEM,Inativo,Terça,1970-01-01 13:00:00.000,Tarde,Ativo,5
104,J. T. C. P. ,INFECTOLOGIA (AMBULATÓRIO),RETORNO,DIP ENFERMAGEM,Inativo,Terça,1970-01-01 13:00:00.000,Tarde,Ativo,5
104,J. T. C. P. ,INFECTOLOGIA (AMBULATÓRIO),PRIMEIRA CONSULTA,DIP ENFERMAGEM,Inativo,Quarta,1970-01-01 13:00:00.000,Tarde,Ativo,2
104,J. T. C. P. ,INFECTOLOGIA (AMBULATÓRIO),INTERCONSULTA,DIP ENFERMAGEM,Inativo,Quinta,1970-01-01 13:00:00.000,Tarde,Ativo,2
104,J. T. C. P. ,INFECTOLOGIA (AMBULATÓRIO),RETORNO,DIP ENFERMAGEM,Inativo,Quinta,1970-01-01 13:00:00.000,Tarde,Ativo,8
104,J. T. C. P. ,INFECTOLOGIA (AMBULATÓRIO),RETORNO,DIP ENFERMAGEM,Inativo,Sexta,1970-01-01 13:00:00.000,Tarde,Ativo,5
104,J. T. C. P. ,INFECTOLOGIA (AMBULATÓRIO),INTERCONSULTA,DIP ENFERMAGEM,Inativo,Sexta,1970-01-01 13:00:00.000,Tarde,Ativo,5
105,J. T. C. P. ,UROLOGIA (AMBULATÓRIO),RETORNO,URO ENFERMAGEM,Inativo,Segunda,1970-01-01 07:00:00.000,Manhã,Ativo,20
105,J. T. C. P. ,UROLOGIA (AMBULATÓRIO),RETORNO,URO ENFERMAGEM,Inativo,Terça,1970-01-01 07:00:00.000,Manhã,Ativo,3
105,J. T. C. P. ,UROLOGIA (AMBULATÓRIO),RETORNO,URO ENFERMAGEM,Inativo,Quinta,1970-01-01 07:00:00.000,Manhã,Ativo,5
105,J. T. C. P. ,UROLOGIA (AMBULATÓRIO),RETORNO,URO ENFERMAGEM,Inativo,Sexta,1970-01-01 07:00:00.000,Manhã,Ativo,12
106,G. P. D. S. ,UROLOGIA (AMBULATÓRIO),RETORNO,URO ENFERMAGEM,Inativo,Segunda,1970-01-01 07:00:00.000,Manhã,Inativo,15
106,G. P. D. S. ,UROLOGIA (AMBULATÓRIO),RETORNO,URO ENFERMAGEM,Inativo,Terça,1970-01-01 07:00:00.000,Manhã,Inativo,15
106,G. P. D. S. ,UROLOGIA (AMBULATÓRIO),RETORNO,URO ENFERMAGEM,Inativo,Quarta,1970-01-01 07:00:00.000,Manhã,Inativo,15
106,G. P. D. S. ,UROLOGIA (AMBULATÓRIO),RETORNO,URO ENFERMAGEM,Inativo,Quinta,1970-01-01 07:00:00.000,Manhã,Inativo,15
106,G. P. D. S. ,UROLOGIA (AMBULATÓRIO),RETORNO,URO ENFERMAGEM,Inativo,Sexta,1970-01-01 07:00:00.000,Manhã,Inativo,15
108,G. P. D. S. ,CIRURGIA VASCULAR (AMBULATÓRIO),RETORNO,CIRURGIA VASCULAR ENFERMAGEM,Inativo,Segunda,1970-01-01 07:00:00.000,Manhã,Ativo,20
108,G. P. D. S. ,CIRURGIA VASCULAR (AMBULATÓRIO),RETORNO,CIRURGIA VASCULAR ENFERMAGEM,Inativo,Terça,1970-01-01 07:00:00.000,Manhã,Ativo,20
108,G. P. D. S. ,CIRURGIA VASCULAR (AMBULATÓRIO),RETORNO,CIRURGIA VASCULAR ENFERMAGEM,Inativo,Quarta,1970-01-01 07:00:00.000,Manhã,Ativo,20
108,G. P. D. S. ,CIRURGIA VASCULAR (AMBULATÓRIO),RETORNO,CIRURGIA VASCULAR ENFERMAGEM,Inativo,Quinta,1970-01-01 07:00:00.000,Manhã,Ativo,20
108,G. P. D. S. ,CIRURGIA VASCULAR (AMBULATÓRIO),RETORNO,CIRURGIA VASCULAR ENFERMAGEM,Inativo,Sexta,1970-01-01 07:00:00.000,Manhã,Ativo,20
110,G. P. D. S. ,CIRURGIA VASCULAR (AMBULATÓRIO),RETORNO,CIRURGIA VASCULAR CURATIVO,Ativo,Segunda,1970-01-01 13:00:00.000,Tarde,Ativo,20
110,G. P. D. S. ,CIRURGIA VASCULAR (AMBULATÓRIO),RETORNO,CIRURGIA VASCULAR CURATIVO,Ativo,Segunda,1970-01-01 07:00:00.000,Manhã,Ativo,20
110,G. P. D. S. ,CIRURGIA VASCULAR (AMBULATÓRIO),RETORNO,CIRURGIA VASCULAR CURATIVO,Ativo,Terça,1970-01-01 07:00:00.000,Manhã,Ativo,20
110,G. P. D. S. ,CIRURGIA VASCULAR (AMBULATÓRIO),RETORNO,CIRURGIA VASCULAR CURATIVO,Ativo,Terça,1970-01-01 13:00:00.000,Tarde,Ativo,20
110,G. P. D. S. ,CIRURGIA VASCULAR (AMBULATÓRIO),RETORNO,CIRURGIA VASCULAR CURATIVO,Ativo,Quarta,1970-01-01 13:00:00.000,Tarde,Ativo,20
110,G. P. D. S. ,CIRURGIA VASCULAR (AMBULATÓRIO),RETORNO,CIRURGIA VASCULAR CURATIVO,Ativo,Quarta,1970-01-01 07:00:00.000,Manhã,Ativo,20
110,G. P. D. S. ,CIRURGIA VASCULAR (AMBULATÓRIO),RETORNO,CIRURGIA VASCULAR CURATIVO,Ativo,Quinta,1970-01-01 07:00:00.000,Manhã,Ativo,10
110,G. P. D. S. ,CIRURGIA VASCULAR (AMBULATÓRIO),RETORNO,CIRURGIA VASCULAR CURATIVO,Ativo,Quinta,1970-01-01 13:00:00.000,Tarde,Ativo,10
110,G. P. D. S. ,CIRURGIA VASCULAR (AMBULATÓRIO),RETORNO,CIRURGIA VASCULAR CURATIVO,Ativo,Sexta,1970-01-01 07:00:00.000,Manhã,Ativo,20
110,G. P. D. S. ,CIRURGIA VASCULAR (AMBULATÓRIO),RETORNO,CIRURGIA VASCULAR CURATIVO,Ativo,Sexta,1970-01-01 13:00:00.000,Tarde,Ativo,20
112,G. P. D. S. ,INFECTOLOGIA (AMBULATÓRIO),RETORNO,DIP ENFERMAGEM,Inativo,Segunda,1970-01-01 13:00:00.000,Tarde,Ativo,5
112,G. P. D. S. ,INFECTOLOGIA (AMBULATÓRIO),PRIMEIRA CONSULTA,DIP ENFERMAGEM,Inativo,Segunda,1970-01-01 13:00:00.000,Tarde,Ativo,2
112,G. P. D. S. ,INFECTOLOGIA (AMBULATÓRIO),PRIMEIRA CONSULTA,DIP ENFERMAGEM,Inativo,Segunda,1970-01-01 07:00:00.000,Manhã,Ativo,2
112,G. P. D. S. ,INFECTOLOGIA (AMBULATÓRIO),RETORNO,DIP ENFERMAGEM,Inativo,Segunda,1970-01-01 07:00:00.000,Manhã,Ativo,5
112,G. P. D. S. ,INFECTOLOGIA (AMBULATÓRIO),INTERCONSULTA,DIP ENFERMAGEM,Inativo,Segunda,1970-01-01 13:00:00.000,Tarde,Ativo,4
112,G. P. D. S. ,INFECTOLOGIA (AMBULATÓRIO),INTERCONSULTA,DIP ENFERMAGEM,Inativo,Segunda,1970-01-01 07:00:00.000,Manhã,Ativo,4
112,G. P. D. S. ,INFECTOLOGIA (AMBULATÓRIO),PRIMEIRA CONSULTA,DIP ENFERMAGEM,Inativo,Terça,1970-01-01 07:00:00.000,Manhã,Ativo,2
112,G. P. D. S. ,INFECTOLOGIA (AMBULATÓRIO),RETORNO,DIP ENFERMAGEM,Inativo,Terça,1970-01-01 07:00:00.000,Manhã,Ativo,5
112,G. P. D. S. ,INFECTOLOGIA (AMBULATÓRIO),INTERCONSULTA,DIP ENFERMAGEM,Inativo,Terça,1970-01-01 07:00:00.000,Manhã,Ativo,4
112,G. P. D. S. ,INFECTOLOGIA (AMBULATÓRIO),PRIMEIRA CONSULTA,DIP ENFERMAGEM,Inativo,Quarta,1970-01-01 07:00:00.000,Manhã,Ativo,2
112,G. P. D. S. ,INFECTOLOGIA (AMBULATÓRIO),RETORNO,DIP ENFERMAGEM,Inativo,Quarta,1970-01-01 07:00:00.000,Manhã,Ativo,5
112,G. P. D. S. ,INFECTOLOGIA (AMBULATÓRIO),INTERCONSULTA,DIP ENFERMAGEM,Inativo,Quarta,1970-01-01 07:00:00.000,Manhã,Ativo,4
112,G. P. D. S. ,INFECTOLOGIA (AMBULATÓRIO),INTERCONSULTA,DIP ENFERMAGEM,Inativo,Quinta,1970-01-01 07:00:00.000,Manhã,Ativo,4
112,G. P. D. S. ,INFECTOLOGIA (AMBULATÓRIO),PRIMEIRA CONSULTA,DIP ENFERMAGEM,Inativo,Quinta,1970-01-01 07:00:00.000,Manhã,Ativo,2
112,G. P. D. S. ,INFECTOLOGIA (AMBULATÓRIO),RETORNO,DIP ENFERMAGEM,Inativo,Quinta,1970-01-01 07:00:00.000,Manhã,Ativo,5
112,G. P. D. S. ,INFECTOLOGIA (AMBULATÓRIO),PRIMEIRA CONSULTA,DIP ENFERMAGEM,Inativo,Sexta,1970-01-01 07:00:00.000,Manhã,Ativo,2
112,G. P. D. S. ,INFECTOLOGIA (AMBULATÓRIO),INTERCONSULTA,DIP ENFERMAGEM,Inativo,Sexta,1970-01-01 07:00:00.000,Manhã,Ativo,4
112,G. P. D. S. ,INFECTOLOGIA (AMBULATÓRIO),RETORNO,DIP ENFERMAGEM,Inativo,Sexta,1970-01-01 07:00:00.000,Manhã,Ativo,5
116,M. C. D. A. N. ,UROLOGIA (AMBULATÓRIO),RETORNO,UROLOGIA HORMONIOTERAPIA,Ativo,Segunda,1970-01-01 07:00:00.000,Manhã,Ativo,20
120,M. W. D. S. J. ,UROLOGIA (AMBULATÓRIO),RETORNO,UROLOGIA URODINAMICA,Inativo,Terça,1970-01-01 07:00:00.000,Manhã,Ativo,3
122,M. W. D. S. J. ,UROLOGIA (AMBULATÓRIO),RETORNO,UROLOGIA UROFLUXO,Inativo,Terça,1970-01-01 07:00:00.000,Manhã,Ativo,2
124,T. D. P. B. J. ,UROLOGIA (AMBULATÓRIO),RETORNO,UROLOGIA URODINAMICA,Inativo,Quarta,1970-01-01 07:00:00.000,Manhã,Ativo,3
125,C. A. D. S. ,UROLOGIA (AMBULATÓRIO),RETORNO,UROLOGIA URODINAMICA,Inativo,Quinta,1970-01-01 07:00:00.000,Manhã,Ativo,2
126,T. D. P. B. J. ,UROLOGIA (AMBULATÓRIO),RETORNO,UROLOGIA UROFLUXO,Inativo,Quarta,1970-01-01 07:00:00.000,Manhã,Ativo,2
128,C. A. D. S. ,UROLOGIA (AMBULATÓRIO),RETORNO,UROLOGIA UROFLUXO,Inativo,Quinta,1970-01-01 07:00:00.000,Manhã,Ativo,3
129,C. A. D. S. ,UROLOGIA (AMBULATÓRIO),RETORNO,UROLOGIA DILATAÇÃO,Inativo,Quinta,1970-01-01 07:00:00.000,Manhã,Ativo,3
130,L. C. M. A. ,INFECTOLOGIA (AMBULATÓRIO),PRIMEIRA CONSULTA,DIP ESPECIAL,Ativo,Terça,1970-01-01 07:00:00.000,Manhã,Ativo,1
130,L. C. M. A. ,INFECTOLOGIA (AMBULATÓRIO),CONSULTA REGULADA,DIP ESPECIAL,Ativo,Terça,1970-01-01 10:00:00.000,Manhã,Ativo,1
130,L. C. M. A. ,INFECTOLOGIA (AMBULATÓRIO),RETORNO,DIP ESPECIAL,Ativo,Terça,1970-01-01 07:00:00.000,Manhã,Ativo,6
130,L. C. M. A. ,INFECTOLOGIA (AMBULATÓRIO),RETORNO,DIP ESPECIAL,Ativo,Quinta,1970-01-01 07:00:00.000,Manhã,Ativo,6
130,L. C. M. A. ,INFECTOLOGIA (AMBULATÓRIO),CONSULTA REGULADA,DIP ESPECIAL,Ativo,Quinta,1970-01-01 10:00:00.000,Manhã,Ativo,1
130,L. C. M. A. ,INFECTOLOGIA (AMBULATÓRIO),PRIMEIRA CONSULTA,DIP ESPECIAL,Ativo,Quinta,1970-01-01 07:00:00.000,Manhã,Ativo,1
131,R. D. C. A. S. ,INFECTOLOGIA (AMBULATÓRIO),PRIMEIRA CONSULTA,DIP ATENCAO FARMACEUTICA,Ativo,Segunda,1970-01-01 13:00:00.000,Tarde,Ativo,2
131,R. D. C. A. S. ,INFECTOLOGIA (AMBULATÓRIO),PRIMEIRA CONSULTA,DIP ATENCAO FARMACEUTICA,Ativo,Segunda,1970-01-01 07:00:00.000,Manhã,Ativo,2
131,R. D. C. A. S. ,INFECTOLOGIA (AMBULATÓRIO),RETORNO,DIP ATENCAO FARMACEUTICA,Ativo,Segunda,1970-01-01 13:00:00.000,Tarde,Ativo,4
131,R. D. C. A. S. ,INFECTOLOGIA (AMBULATÓRIO),RETORNO,DIP ATENCAO FARMACEUTICA,Ativo,Segunda,1970-01-01 07:00:00.000,Manhã,Ativo,4
131,R. D. C. A. S. ,INFECTOLOGIA (AMBULATÓRIO),RETORNO,DIP ATENCAO FARMACEUTICA,Ativo,Terça,1970-01-01 13:00:00.000,Tarde,Ativo,4
131,R. D. C. A. S. ,INFECTOLOGIA (AMBULATÓRIO),PRIMEIRA CONSULTA,DIP ATENCAO FARMACEUTICA,Ativo,Terça,1970-01-01 07:00:00.000,Manhã,Ativo,2
131,R. D. C. A. S. ,INFECTOLOGIA (AMBULATÓRIO),RETORNO,DIP ATENCAO FARMACEUTICA,Ativo,Terça,1970-01-01 07:00:00.000,Manhã,Ativo,4
131,R. D. C. A. S. ,INFECTOLOGIA (AMBULATÓRIO),PRIMEIRA CONSULTA,DIP ATENCAO FARMACEUTICA,Ativo,Terça,1970-01-01 13:00:00.000,Tarde,Ativo,2
131,R. D. C. A. S. ,INFECTOLOGIA (AMBULATÓRIO),PRIMEIRA CONSULTA,DIP ATENCAO FARMACEUTICA,Ativo,Quarta,1970-01-01 13:00:00.000,Tarde,Ativo,2
131,R. D. C. A. S. ,INFECTOLOGIA (AMBULATÓRIO),PRIMEIRA CONSULTA,DIP ATENCAO FARMACEUTICA,Ativo,Quarta,1970-01-01 07:00:00.000,Manhã,Ativo,2
131,R. D. C. A. S. ,INFECTOLOGIA (AMBULATÓRIO),RETORNO,DIP ATENCAO FARMACEUTICA,Ativo,Quarta,1970-01-01 13:00:00.000,Tarde,Ativo,4
131,R. D. C. A. S. ,INFECTOLOGIA (AMBULATÓRIO),RETORNO,DIP ATENCAO FARMACEUTICA,Ativo,Quarta,1970-01-01 07:00:00.000,Manhã,Ativo,4
131,R. D. C. A. S. ,INFECTOLOGIA (AMBULATÓRIO),PRIMEIRA CONSULTA,DIP ATENCAO FARMACEUTICA,Ativo,Quinta,1970-01-01 13:00:00.000,Tarde,Ativo,2
131,R. D. C. A. S. ,INFECTOLOGIA (AMBULATÓRIO),RETORNO,DIP ATENCAO FARMACEUTICA,Ativo,Quinta,1970-01-01 07:00:00.000,Manhã,Ativo,4
131,R. D. C. A. S. ,INFECTOLOGIA (AMBULATÓRIO),RETORNO,DIP ATENCAO FARMACEUTICA,Ativo,Quinta,1970-01-01 13:00:00.000,Tarde,Ativo,4
131,R. D. C. A. S. ,INFECTOLOGIA (AMBULATÓRIO),PRIMEIRA CONSULTA,DIP ATENCAO FARMACEUTICA,Ativo,Quinta,1970-01-01 07:00:00.000,Manhã,Ativo,2
132,R. D. C. A. S. ,INFECTOLOGIA (AMBULATÓRIO),,DIP ATENCAO FARMACEUTICA,Inativo,,,,,
134,D. C. C. P. ,INFECTOLOGIA (AMBULATÓRIO),INTERCONSULTA,DIP ESPECIAL,Inativo,Terça,1970-01-01 09:00:00.000,Manhã,Inativo,1
134,D. C. C. P. ,INFECTOLOGIA (AMBULATÓRIO),RETORNO,DIP ESPECIAL,Inativo,Terça,1970-01-01 09:00:00.000,Manhã,Inativo,6
137,T. D. P. B. J. ,UROLOGIA (AMBULATÓRIO),CONSULTA PRIMEIRA VEZ SERVIDOR(A),UROLOGIA,Inativo,Terça,1970-01-01 13:00:00.000,Tarde,Ativo,1
137,T. D. P. B. J. ,UROLOGIA (AMBULATÓRIO),RETORNO,UROLOGIA,Inativo,Terça,1970-01-01 13:00:00.000,Tarde,Ativo,20
137,T. D. P. B. J. ,UROLOGIA (AMBULATÓRIO),TELEATENDIMENTO,UROLOGIA,Inativo,Terça,1970-01-01 13:00:00.000,Tarde,Ativo,1
137,T. D. P. B. J. ,UROLOGIA (AMBULATÓRIO),CONSULTA REGULADA,UROLOGIA,Inativo,Terça,1970-01-01 13:00:00.000,Tarde,Ativo,5
140,F. D. O. V. ,UROLOGIA (AMBULATÓRIO),TELEATENDIMENTO,UROLOGIA NEURO,Inativo,Quinta,1970-01-01 13:00:00.000,Tarde,Ativo,1
140,F. D. O. V. ,UROLOGIA (AMBULATÓRIO),RETORNO,UROLOGIA NEURO,Inativo,Quinta,1970-01-01 13:00:00.000,Tarde,Ativo,15
140,F. D. O. V. ,UROLOGIA (AMBULATÓRIO),CONSULTA PRIMEIRA VEZ SERVIDOR(A),UROLOGIA NEURO,Inativo,Quinta,1970-01-01 13:00:00.000,Tarde,Ativo,1
140,F. D. O. V. ,UROLOGIA (AMBULATÓRIO),INTERCONSULTA,UROLOGIA NEURO,Inativo,Quinta,1970-01-01 13:00:00.000,Tarde,Ativo,1
141,F. D. O. V. ,UROLOGIA (AMBULATÓRIO),RETORNO,UROLOGIA URODINAMICA,Inativo,Quinta,1970-01-01 07:00:00.000,Manhã,Ativo,3
142,F. D. O. V. ,UROLOGIA (AMBULATÓRIO),RETORNO,UROLOGIA UROFLUXO,Inativo,Quinta,1970-01-01 07:00:00.000,Manhã,Ativo,2
143,F. D. O. V. ,UROLOGIA (AMBULATÓRIO),RETORNO,UROLOGIA DILATAÇÃO,Inativo,Quinta,1970-01-01 07:00:00.000,Manhã,Ativo,3
144,F. D. O. V. ,UROLOGIA (AMBULATÓRIO),CONSULTA REGULADA,UROLOGIA,Inativo,Terça,1970-01-01 13:00:00.000,Tarde,Ativo,5
144,F. D. O. V. ,UROLOGIA (AMBULATÓRIO),RETORNO,UROLOGIA,Inativo,Terça,1970-01-01 13:00:00.000,Tarde,Ativo,20
144,F. D. O. V. ,UROLOGIA (AMBULATÓRIO),TELEATENDIMENTO,UROLOGIA,Inativo,Terça,1970-01-01 13:00:00.000,Tarde,Ativo,1
144,F. D. O. V. ,UROLOGIA (AMBULATÓRIO),CONSULTA PRIMEIRA VEZ SERVIDOR(A),UROLOGIA,Inativo,Terça,1970-01-01 13:00:00.000,Tarde,Ativo,1
145,F. D. O. V. ,UROLOGIA (AMBULATÓRIO),CONSULTA PRIMEIRA VEZ SERVIDOR(A),UROLOGIA,Inativo,Quinta,1970-01-01 07:00:00.000,Manhã,Ativo,1
145,F. D. O. V. ,UROLOGIA (AMBULATÓRIO),TELEATENDIMENTO,UROLOGIA,Inativo,Quinta,1970-01-01 07:00:00.000,Manhã,Ativo,1
145,F. D. O. V. ,UROLOGIA (AMBULATÓRIO),RETORNO,UROLOGIA,Inativo,Quinta,1970-01-01 07:00:00.000,Manhã,Ativo,20
145,F. D. O. V. ,UROLOGIA (AMBULATÓRIO),INTERCONSULTA,UROLOGIA,Inativo,Quinta,1970-01-01 07:00:00.000,Manhã,Ativo,1
145,F. D. O. V. ,UROLOGIA (AMBULATÓRIO),CONSULTA REGULADA,UROLOGIA,Inativo,Quinta,1970-01-01 07:00:00.000,Manhã,Ativo,5
146,M. C. D. A. N. ,UROLOGIA (AMBULATÓRIO),TELEATENDIMENTO,UROLOGIA,Inativo,Quarta,1970-01-01 07:00:00.000,Manhã,Ativo,1
146,M. C. D. A. N. ,UROLOGIA (AMBULATÓRIO),CONSULTA REGULADA,UROLOGIA,Inativo,Quarta,1970-01-01 07:00:00.000,Manhã,Ativo,5
146,M. C. D. A. N. ,UROLOGIA (AMBULATÓRIO),RETORNO,UROLOGIA,Inativo,Quarta,1970-01-01 07:00:00.000,Manhã,Ativo,20
146,M. C. D. A. N. ,UROLOGIA (AMBULATÓRIO),INTERCONSULTA,UROLOGIA,Inativo,Quarta,1970-01-01 07:00:00.000,Manhã,Ativo,2
146,M. C. D. A. N. ,UROLOGIA (AMBULATÓRIO),CONSULTA PRIMEIRA VEZ SERVIDOR(A),UROLOGIA,Inativo,Quarta,1970-01-01 07:00:00.000,Manhã,Ativo,1
150,M. C. D. A. N. ,UROLOGIA (AMBULATÓRIO),TELEATENDIMENTO,UROLOGIA,Inativo,Sexta,1970-01-01 07:00:00.000,Manhã,Ativo,1
150,M. C. D. A. N. ,UROLOGIA (AMBULATÓRIO),CONSULTA PRIMEIRA VEZ SERVIDOR(A),UROLOGIA,Inativo,Sexta,1970-01-01 07:00:00.000,Manhã,Ativo,1
150,M. C. D. A. N. ,UROLOGIA (AMBULATÓRIO),RETORNO,UROLOGIA,Inativo,Sexta,1970-01-01 07:00:00.000,Manhã,Ativo,20
150,M. C. D. A. N. ,UROLOGIA (AMBULATÓRIO),CONSULTA REGULADA,UROLOGIA,Inativo,Sexta,1970-01-01 07:00:00.000,Manhã,Ativo,5
150,M. C. D. A. N. ,UROLOGIA (AMBULATÓRIO),INTERCONSULTA,UROLOGIA,Inativo,Sexta,1970-01-01 07:00:00.000,Manhã,Ativo,1
154,F. D. O. V. ,UROLOGIA (AMBULATÓRIO),RETORNO,UROLOGIA ONCO,Inativo,Segunda,1970-01-01 07:00:00.000,Manhã,Ativo,20
154,F. D. O. V. ,UROLOGIA (AMBULATÓRIO),INTERCONSULTA,UROLOGIA ONCO,Inativo,Segunda,1970-01-01 07:00:00.000,Manhã,Ativo,1
155,L. H. C. S. D. M. ,UROLOGIA (AMBULATÓRIO),RETORNO,UROLOGIA URODINAMICA,Inativo,Quarta,1970-01-01 07:00:00.000,Manhã,Ativo,3
157,F. D. O. V. ,UROLOGIA (AMBULATÓRIO),RETORNO,UROLOGIA HORMONIOTERAPIA,Inativo,Segunda,1970-01-01 07:00:00.000,Manhã,Ativo,20
159,L. H. C. S. D. M. ,UROLOGIA (AMBULATÓRIO),TELEATENDIMENTO,UROLOGIA,Inativo,Quarta,1970-01-01 07:00:00.000,Manhã,Ativo,1
159,L. H. C. S. D. M. ,UROLOGIA (AMBULATÓRIO),RETORNO,UROLOGIA,Inativo,Quarta,1970-01-01 07:00:00.000,Manhã,Ativo,20
159,L. H. C. S. D. M. ,UROLOGIA (AMBULATÓRIO),CONSULTA REGULADA,UROLOGIA,Inativo,Quarta,1970-01-01 07:00:00.000,Manhã,Ativo,5
159,L. H. C. S. D. M. ,UROLOGIA (AMBULATÓRIO),CONSULTA PRIMEIRA VEZ SERVIDOR(A),UROLOGIA,Inativo,Quarta,1970-01-01 07:00:00.000,Manhã,Ativo,1
160,L. H. C. S. D. M. ,UROLOGIA (AMBULATÓRIO),RETORNO,UROLOGIA UROFLUXO,Inativo,Quarta,1970-01-01 07:00:00.000,Manhã,Ativo,2
161,F. D. O. V. ,UROLOGIA (AMBULATÓRIO),TELEATENDIMENTO,UROLOGIA,Inativo,Quarta,1970-01-01 07:00:00.000,Manhã,Ativo,1
161,F. D. O. V. ,UROLOGIA (AMBULATÓRIO),RETORNO,UROLOGIA,Inativo,Quarta,1970-01-01 07:00:00.000,Manhã,Ativo,20
161,F. D. O. V. ,UROLOGIA (AMBULATÓRIO),CONSULTA REGULADA,UROLOGIA,Inativo,Quarta,1970-01-01 07:00:00.000,Manhã,Ativo,5
161,F. D. O. V. ,UROLOGIA (AMBULATÓRIO),CONSULTA PRIMEIRA VEZ SERVIDOR(A),UROLOGIA,Inativo,Quarta,1970-01-01 07:00:00.000,Manhã,Ativo,1
162,T. D. P. B. J. ,UROLOGIA (AMBULATÓRIO),CONSULTA PRIMEIRA VEZ SERVIDOR(A),UROLOGIA,Inativo,Sexta,1970-01-01 07:00:00.000,Manhã,Ativo,1
162,T. D. P. B. J. ,UROLOGIA (AMBULATÓRIO),INTERCONSULTA,UROLOGIA,Inativo,Sexta,1970-01-01 07:00:00.000,Manhã,Ativo,1
162,T. D. P. B. J. ,UROLOGIA (AMBULATÓRIO),RETORNO,UROLOGIA,Inativo,Sexta,1970-01-01 07:00:00.000,Manhã,Ativo,20
162,T. D. P. B. J. ,UROLOGIA (AMBULATÓRIO),TELEATENDIMENTO,UROLOGIA,Inativo,Sexta,1970-01-01 07:00:00.000,Manhã,Ativo,1
163,F. D. O. V. ,UROLOGIA (AMBULATÓRIO),,UROLOGIA,Ativo,,,,,
164,F. D. O. V. ,UROLOGIA (AMBULATÓRIO),RETORNO,UROLOGIA URODINAMICA,Inativo,Quarta,1970-01-01 07:00:00.000,Manhã,Ativo,3
165,F. D. O. V. ,UROLOGIA (AMBULATÓRIO),RETORNO,UROLOGIA UROFLUXO,Inativo,Quarta,1970-01-01 07:00:00.000,Manhã,Ativo,2
166,R. P. D. S. F. ,INFECTOLOGIA (AMBULATÓRIO),PRIMEIRA CONSULTA,DOENÇAS INFECTO PARASITARIAS,Inativo,Terça,1970-01-01 13:00:00.000,Tarde,Ativo,2
166,R. P. D. S. F. ,INFECTOLOGIA (AMBULATÓRIO),RETORNO,DOENÇAS INFECTO PARASITARIAS,Inativo,Terça,1970-01-01 13:00:00.000,Tarde,Ativo,5
174,L. H. C. S. D. M. ,UROLOGIA (AMBULATÓRIO),RETORNO,UROLOGIA ONCO,Inativo,Segunda,1970-01-01 07:00:00.000,Manhã,Inativo,20
174,L. H. C. S. D. M. ,UROLOGIA (AMBULATÓRIO),INTERCONSULTA,UROLOGIA ONCO,Inativo,Segunda,1970-01-01 07:00:00.000,Manhã,Inativo,2
175,L. H. C. S. D. M. ,UROLOGIA (AMBULATÓRIO),RETORNO,UROLOGIA HORMONIOTERAPIA,Ativo,Segunda,1970-01-01 07:00:00.000,Manhã,Ativo,20
188,C. D. D. S. C. R. ,UROLOGIA (AMBULATÓRIO),RETORNO,URO ENFERMAGEM,Inativo,Segunda,1970-01-01 07:00:00.000,Manhã,Inativo,15
188,C. D. D. S. C. R. ,UROLOGIA (AMBULATÓRIO),RETORNO,URO ENFERMAGEM,Inativo,Terça,1970-01-01 07:00:00.000,Manhã,Inativo,15
188,C. D. D. S. C. R. ,UROLOGIA (AMBULATÓRIO),RETORNO,URO ENFERMAGEM,Inativo,Quarta,1970-01-01 07:00:00.000,Manhã,Inativo,15
188,C. D. D. S. C. R. ,UROLOGIA (AMBULATÓRIO),RETORNO,URO ENFERMAGEM,Inativo,Quinta,1970-01-01 07:00:00.000,Manhã,Inativo,15
188,C. D. D. S. C. R. ,UROLOGIA (AMBULATÓRIO),RETORNO,URO ENFERMAGEM,Inativo,Sexta,1970-01-01 07:00:00.000,Manhã,Inativo,15
190,C. T. D. L. ,INFECTOLOGIA (AMBULATÓRIO),PRIMEIRA CONSULTA,DOENÇAS INFECTO PARASITARIAS,Inativo,Segunda,1970-01-01 07:00:00.000,Manhã,Ativo,2
190,C. T. D. L. ,INFECTOLOGIA (AMBULATÓRIO),RETORNO,DOENÇAS INFECTO PARASITARIAS,Inativo,Segunda,1970-01-01 07:00:00.000,Manhã,Ativo,5
192,G. D. A. C. ,UROLOGIA (AMBULATÓRIO),RETORNO,UROLOGIA URODINAMICA,Ativo,Terça,1970-01-01 07:00:00.000,Manhã,Ativo,2
192,G. D. A. C. ,UROLOGIA (AMBULATÓRIO),RETORNO,UROLOGIA URODINAMICA,Ativo,Quinta,1970-01-01 07:00:00.000,Manhã,Ativo,2
194,G. D. A. C. ,UROLOGIA (AMBULATÓRIO),RETORNO,UROLOGIA UROFLUXO,Ativo,Terça,1970-01-01 07:00:00.000,Manhã,Ativo,3
194,G. D. A. C. ,UROLOGIA (AMBULATÓRIO),RETORNO,UROLOGIA UROFLUXO,Ativo,Quinta,1970-01-01 07:00:00.000,Manhã,Ativo,3
196,F. D. O. V. ,UROLOGIA (AMBULATÓRIO),RETORNO,UROLOGIA RETORNO CIRURGICO,Inativo,Sexta,1970-01-01 07:00:00.000,Manhã,Ativo,20
198,C. D. D. S. C. R. ,CIRURGIA VASCULAR (AMBULATÓRIO),RETORNO,CIRURGIA VASCULAR CURATIVO,Ativo,Segunda,1970-01-01 07:00:00.000,Manhã,Ativo,20
198,C. D. D. S. C. R. ,CIRURGIA VASCULAR (AMBULATÓRIO),RETORNO,CIRURGIA VASCULAR CURATIVO,Ativo,Segunda,1970-01-01 13:00:00.000,Tarde,Ativo,20
198,C. D. D. S. C. R. ,CIRURGIA VASCULAR (AMBULATÓRIO),RETORNO,CIRURGIA VASCULAR CURATIVO,Ativo,Terça,1970-01-01 13:00:00.000,Tarde,Ativo,20
198,C. D. D. S. C. R. ,CIRURGIA VASCULAR (AMBULATÓRIO),RETORNO,CIRURGIA VASCULAR CURATIVO,Ativo,Terça,1970-01-01 07:00:00.000,Manhã,Ativo,20
198,C. D. D. S. C. R. ,CIRURGIA VASCULAR (AMBULATÓRIO),RETORNO,CIRURGIA VASCULAR CURATIVO,Ativo,Quarta,1970-01-01 07:00:00.000,Manhã,Ativo,20
198,C. D. D. S. C. R. ,CIRURGIA VASCULAR (AMBULATÓRIO),RETORNO,CIRURGIA VASCULAR CURATIVO,Ativo,Quarta,1970-01-01 13:00:00.000,Tarde,Ativo,20
198,C. D. D. S. C. R. ,CIRURGIA VASCULAR (AMBULATÓRIO),RETORNO,CIRURGIA VASCULAR CURATIVO,Ativo,Quinta,1970-01-01 13:00:00.000,Tarde,Ativo,10
198,C. D. D. S. C. R. ,CIRURGIA VASCULAR (AMBULATÓRIO),RETORNO,CIRURGIA VASCULAR CURATIVO,Ativo,Quinta,1970-01-01 07:00:00.000,Manhã,Ativo,10
198,C. D. D. S. C. R. ,CIRURGIA VASCULAR (AMBULATÓRIO),RETORNO,CIRURGIA VASCULAR CURATIVO,Ativo,Sexta,1970-01-01 13:00:00.000,Tarde,Ativo,20
198,C. D. D. S. C. R. ,CIRURGIA VASCULAR (AMBULATÓRIO),RETORNO,CIRURGIA VASCULAR CURATIVO,Ativo,Sexta,1970-01-01 07:00:00.000,Manhã,Ativo,20
200,L. C. R. V. ,INFECTOLOGIA (AMBULATÓRIO),RETORNO,DOENÇAS INFECTO PARASITARIAS,Inativo,Segunda,1970-01-01 13:00:00.000,Tarde,Inativo,5
200,L. C. R. V. ,INFECTOLOGIA (AMBULATÓRIO),INTERCONSULTA,DOENÇAS INFECTO PARASITARIAS,Inativo,Segunda,1970-01-01 13:00:00.000,Tarde,Inativo,1
202,F. D. O. V. ,UROLOGIA (AMBULATÓRIO),RETORNO,UROLOGIA AULAS PRATICAS,Inativo,Quinta,1970-01-01 14:00:00.000,Tarde,Ativo,5
204,L. H. D. A. A. ,UROLOGIA (AMBULATÓRIO),INTERCONSULTA,UROLOGIA AULAS PRATICAS,Inativo,Quinta,1970-01-01 13:00:00.000,Tarde,Ativo,5
216,M. S. C. D. ,UROLOGIA (AMBULATÓRIO),INTERCONSULTA,UROGINECO-UROFLUXO FEMININA,Inativo,Quarta,1970-01-01 13:00:00.000,Tarde,Ativo,2
218,M. S. C. D. ,UROLOGIA (AMBULATÓRIO),INTERCONSULTA,UROGINECO-URODINAMICA FEMININA,Inativo,Quarta,1970-01-01 13:00:00.000,Tarde,Ativo,3
222,G. D. A. C. ,UROLOGIA (AMBULATÓRIO),RETORNO,URO GINECO NEUROLOGIA,Ativo,Quinta,1970-01-01 07:00:00.000,Manhã,Ativo,8
224,L. H. D. A. A. ,UROLOGIA (AMBULATÓRIO),INTERCONSULTA,UROLOGIA ONCO,Ativo,Terça,1970-01-01 07:00:00.000,Manhã,Ativo,4
224,L. H. D. A. A. ,UROLOGIA (AMBULATÓRIO),RETORNO,UROLOGIA ONCO,Ativo,Terça,1970-01-01 07:00:00.000,Manhã,Ativo,20
226,F. D. O. V. ,UROLOGIA (AMBULATÓRIO),RETORNO,UROLOGIA MARCAÇÃO DE CIRURGIA,Ativo,Quarta,1970-01-01 07:00:00.000,Manhã,Ativo,10
228,J. C. D. S. C. ,CIRURGIA VASCULAR (AMBULATÓRIO),RETORNO,CIRURGIA VASCULAR,Inativo,Terça,1970-01-01 13:00:00.000,Tarde,Inativo,6
228,J. C. D. S. C. ,CIRURGIA VASCULAR (AMBULATÓRIO),INTERCONSULTA,CIRURGIA VASCULAR,Inativo,Terça,1970-01-01 13:00:00.000,Tarde,Inativo,4
230,M. I. D. O. ,INFECTOLOGIA (AMBULATÓRIO),INTERCONSULTA,DIP PREP,Ativo,Quinta,1970-01-01 13:00:00.000,Tarde,Ativo,4
230,M. I. D. O. ,INFECTOLOGIA (AMBULATÓRIO),RETORNO,DIP PREP,Ativo,Quinta,1970-01-01 13:00:00.000,Tarde,Ativo,4
230,M. I. D. O. ,INFECTOLOGIA (AMBULATÓRIO),PRIMEIRA CONSULTA,DIP PREP,Ativo,Quinta,1970-01-01 13:00:00.000,Tarde,Ativo,1
232,D. W. D. B. ,UROLOGIA (AMBULATÓRIO),,UROLOGIA TRIAGEM,Inativo,,,,,
234,E. D. B. C. J. ,INFECTOLOGIA (AMBULATÓRIO),PRIMEIRA CONSULTA,DIP COVID - EGRESSOS,Ativo,Segunda,1970-01-01 07:00:00.000,Manhã,Ativo,1
234,E. D. B. C. J. ,INFECTOLOGIA (AMBULATÓRIO),RETORNO,DIP COVID - EGRESSOS,Ativo,Segunda,1970-01-01 07:00:00.000,Manhã,Ativo,5
234,E. D. B. C. J. ,INFECTOLOGIA (AMBULATÓRIO),RETORNO,DIP COVID - EGRESSOS,Ativo,Terça,1970-01-01 13:00:00.000,Tarde,Ativo,5
234,E. D. B. C. J. ,INFECTOLOGIA (AMBULATÓRIO),PRIMEIRA CONSULTA,DIP COVID - EGRESSOS,Ativo,Terça,1970-01-01 13:00:00.000,Tarde,Ativo,1
234,E. D. B. C. J. ,INFECTOLOGIA (AMBULATÓRIO),RETORNO,DIP COVID - EGRESSOS,Ativo,Quarta,1970-01-01 13:00:00.000,Tarde,Ativo,5
234,E. D. B. C. J. ,INFECTOLOGIA (AMBULATÓRIO),PRIMEIRA CONSULTA,DIP COVID - EGRESSOS,Ativo,Quarta,1970-01-01 13:00:00.000,Tarde,Ativo,1
236,E. S. L. ,UROLOGIA (AMBULATÓRIO),RETORNO,UROLOGIA MARCAÇÃO DE CIRURGIA,Ativo,Quarta,1970-01-01 07:00:00.000,Manhã,Ativo,12
238,G. P. D. S. ,INFECTOLOGIA (AMBULATÓRIO),INTERCONSULTA,DIP - PPD,Ativo,Segunda,1970-01-01 07:00:00.000,Manhã,Ativo,2
238,G. P. D. S. ,INFECTOLOGIA (AMBULATÓRIO),PRIMEIRA CONSULTA,DIP - PPD,Ativo,Segunda,1970-01-01 07:00:00.000,Manhã,Ativo,2
238,G. P. D. S. ,INFECTOLOGIA (AMBULATÓRIO),RETORNO,DIP - PPD,Ativo,Segunda,1970-01-01 07:00:00.000,Manhã,Ativo,16
238,G. P. D. S. ,INFECTOLOGIA (AMBULATÓRIO),PRIMEIRA CONSULTA,DIP - PPD,Ativo,Terça,1970-01-01 07:00:00.000,Manhã,Ativo,2
238,G. P. D. S. ,INFECTOLOGIA (AMBULATÓRIO),INTERCONSULTA,DIP - PPD,Ativo,Terça,1970-01-01 07:00:00.000,Manhã,Ativo,2
238,G. P. D. S. ,INFECTOLOGIA (AMBULATÓRIO),RETORNO,DIP - PPD,Ativo,Terça,1970-01-01 07:00:00.000,Manhã,Ativo,16
238,G. P. D. S. ,INFECTOLOGIA (AMBULATÓRIO),INTERCONSULTA,DIP - PPD,Ativo,Quarta,1970-01-01 07:00:00.000,Manhã,Ativo,2
238,G. P. D. S. ,INFECTOLOGIA (AMBULATÓRIO),PRIMEIRA CONSULTA,DIP - PPD,Ativo,Quarta,1970-01-01 07:00:00.000,Manhã,Ativo,2
238,G. P. D. S. ,INFECTOLOGIA (AMBULATÓRIO),RETORNO,DIP - PPD,Ativo,Quarta,1970-01-01 07:00:00.000,Manhã,Ativo,16
238,G. P. D. S. ,INFECTOLOGIA (AMBULATÓRIO),RETORNO,DIP - PPD,Ativo,Quinta,1970-01-01 07:00:00.000,Manhã,Ativo,16
238,G. P. D. S. ,INFECTOLOGIA (AMBULATÓRIO),INTERCONSULTA,DIP - PPD,Ativo,Quinta,1970-01-01 07:00:00.000,Manhã,Ativo,2
238,G. P. D. S. ,INFECTOLOGIA (AMBULATÓRIO),PRIMEIRA CONSULTA,DIP - PPD,Ativo,Quinta,1970-01-01 07:00:00.000,Manhã,Ativo,2
238,G. P. D. S. ,INFECTOLOGIA (AMBULATÓRIO),INTERCONSULTA,DIP - PPD,Ativo,Sexta,1970-01-01 07:00:00.000,Manhã,Ativo,2
238,G. P. D. S. ,INFECTOLOGIA (AMBULATÓRIO),RETORNO,DIP - PPD,Ativo,Sexta,1970-01-01 07:00:00.000,Manhã,Ativo,16
238,G. P. D. S. ,INFECTOLOGIA (AMBULATÓRIO),PRIMEIRA CONSULTA,DIP - PPD,Ativo,Sexta,1970-01-01 07:00:00.000,Manhã,Ativo,2
240,L. H. D. A. A. ,UROLOGIA (AMBULATÓRIO),RETORNO,URO APAC,Ativo,Terça,1970-01-01 07:00:00.000,Manhã,Ativo,20
242,T. D. P. B. J. ,UROLOGIA (AMBULATÓRIO),RETORNO,UROLOGIA MARCAÇÃO DE CIRURGIA,Ativo,Quarta,1970-01-01 07:00:00.000,Manhã,Ativo,12
244,G. P. D. S. ,UROLOGIA (AMBULATÓRIO),RETORNO,URO - ADMINISTRAÇÃO DE MEDICAMENTOS,Ativo,Segunda,1970-01-01 07:00:00.000,Manhã,Ativo,20
246,C. D. D. S. C. R. ,UROLOGIA (AMBULATÓRIO),RETORNO,URO - ADMINISTRAÇÃO DE MEDICAMENTOS,Ativo,Segunda,1970-01-01 07:00:00.000,Manhã,Ativo,20
248,R. A. ,CIRURGIA PLÁSTICA (AMBULATÓRIO),RETORNO,CIRURGIA PLASTICA,Ativo,Terça,1970-01-01 07:00:00.000,Manhã,Ativo,7
250,G. T. D. S. ,CIRURGIA PLÁSTICA (AMBULATÓRIO),RETORNO,CIRURGIA PLASTICA,Ativo,Sexta,1970-01-01 07:00:00.000,Manhã,Ativo,6
252,J. Z. D. S. ,CIRURGIA PLÁSTICA (AMBULATÓRIO),RETORNO,CIRURGIA PLASTICA,Ativo,Segunda,1970-01-01 07:00:00.000,Manhã,Ativo,9
252,J. Z. D. S. ,CIRURGIA PLÁSTICA (AMBULATÓRIO),RETORNO,CIRURGIA PLASTICA,Ativo,Quarta,1970-01-01 07:00:00.000,Manhã,Inativo,2
254,M. D. C. D. B. C. ,HEMATOLOGIA (AMBULATÓRIO),RETORNO,HEMATOLOGIA,Ativo,Quinta,1970-01-01 07:00:00.000,Manhã,Ativo,6
254,M. D. C. D. B. C. ,HEMATOLOGIA (AMBULATÓRIO),INTERCONSULTA,HEMATOLOGIA,Ativo,Quinta,1970-01-01 07:00:00.000,Manhã,Inativo,3
256,R. A. B. ,HEMATOLOGIA (AMBULATÓRIO),CONSULTA REGULADA,HEMATOLOGIA,Ativo,Terça,1970-01-01 15:30:00.000,Tarde,Ativo,2
256,R. A. B. ,HEMATOLOGIA (AMBULATÓRIO),INTERCONSULTA,HEMATOLOGIA,Ativo,Terça,1970-01-01 13:00:00.000,Tarde,Ativo,2
256,R. A. B. ,HEMATOLOGIA (AMBULATÓRIO),RETORNO,HEMATOLOGIA,Ativo,Terça,1970-01-01 13:00:00.000,Tarde,Ativo,8
257,M. F. H. C. ,HEMATOLOGIA (AMBULATÓRIO),INTERCONSULTA,HEMATOLOGIA,Ativo,Sexta,1970-01-01 07:00:00.000,Manhã,Ativo,1
257,M. F. H. C. ,HEMATOLOGIA (AMBULATÓRIO),RETORNO,HEMATOLOGIA,Ativo,Sexta,1970-01-01 07:00:00.000,Manhã,Ativo,6
257,M. F. H. C. ,HEMATOLOGIA (AMBULATÓRIO),CONSULTA REGULADA,HEMATOLOGIA,Ativo,Sexta,1970-01-01 10:00:00.000,Manhã,Ativo,1
258,D. D. C. B. N. ,CIRURGIA TORÁCICA (AMBULATÓRIO),INTERCONSULTA,CIRURGIA TORACICA,Ativo,Segunda,1970-01-01 07:00:00.000,Manhã,Ativo,1
258,D. D. C. B. N. ,CIRURGIA TORÁCICA (AMBULATÓRIO),CONSULTA REGULADA,CIRURGIA TORACICA,Ativo,Segunda,1970-01-01 10:00:00.000,Manhã,Ativo,3
258,D. D. C. B. N. ,CIRURGIA TORÁCICA (AMBULATÓRIO),RETORNO,CIRURGIA TORACICA,Ativo,Segunda,1970-01-01 07:00:00.000,Manhã,Ativo,2
260,J. D. S. N. ,HEMATOLOGIA (AMBULATÓRIO),RETORNO,HEMATOLOGIA,Ativo,Quarta,1970-01-01 07:00:00.000,Manhã,Ativo,6
260,J. D. S. N. ,HEMATOLOGIA (AMBULATÓRIO),INTERCONSULTA,HEMATOLOGIA,Ativo,Quinta,1970-01-01 08:00:00.000,Manhã,Ativo,2
260,J. D. S. N. ,HEMATOLOGIA (AMBULATÓRIO),RETORNO,HEMATOLOGIA,Ativo,Quinta,1970-01-01 08:00:00.000,Manhã,Ativo,6
262,C. A. A. ,CIRURGIA TORÁCICA (AMBULATÓRIO),RETORNO,CIRURGIA TORACICA,Ativo,Terça,1970-01-01 07:00:00.000,Manhã,Ativo,2
262,C. A. A. ,CIRURGIA TORÁCICA (AMBULATÓRIO),CONSULTA REGULADA,CIRURGIA TORACICA,Ativo,Terça,1970-01-01 08:00:00.000,Manhã,Ativo,3
262,C. A. A. ,CIRURGIA TORÁCICA (AMBULATÓRIO),INTERCONSULTA,CIRURGIA TORACICA,Ativo,Terça,1970-01-01 07:00:00.000,Manhã,Ativo,1
264,R. A. B. ,HEMATOLOGIA (AMBULATÓRIO),RETORNO,HEMATOLOGIA - QUIMIOTERAPIA,Ativo,Quarta,1970-01-01 07:00:00.000,Manhã,Ativo,8
264,R. A. B. ,HEMATOLOGIA (AMBULATÓRIO),RETORNO,HEMATOLOGIA - QUIMIOTERAPIA,Ativo,Sexta,1970-01-01 07:00:00.000,Manhã,Ativo,8
266,C. W. D. B. C. ,HEMATOLOGIA (AMBULATÓRIO),INTERCONSULTA,HEMATOLOGIA - QUIMIOTERAPIA,Ativo,Segunda,1970-01-01 07:00:00.000,Manhã,Ativo,1
266,C. W. D. B. C. ,HEMATOLOGIA (AMBULATÓRIO),PRIMEIRA CONSULTA,HEMATOLOGIA - QUIMIOTERAPIA,Ativo,Segunda,1970-01-01 07:00:00.000,Manhã,Ativo,1
266,C. W. D. B. C. ,HEMATOLOGIA (AMBULATÓRIO),RETORNO,HEMATOLOGIA - QUIMIOTERAPIA,Ativo,Segunda,1970-01-01 07:00:00.000,Manhã,Ativo,10
266,C. W. D. B. C. ,HEMATOLOGIA (AMBULATÓRIO),PRIMEIRA CONSULTA,HEMATOLOGIA - QUIMIOTERAPIA,Ativo,Quinta,1970-01-01 07:00:00.000,Manhã,Ativo,1
266,C. W. D. B. C. ,HEMATOLOGIA (AMBULATÓRIO),RETORNO,HEMATOLOGIA - QUIMIOTERAPIA,Ativo,Quinta,1970-01-01 07:00:00.000,Manhã,Ativo,10
266,C. W. D. B. C. ,HEMATOLOGIA (AMBULATÓRIO),INTERCONSULTA,HEMATOLOGIA - QUIMIOTERAPIA,Ativo,Quinta,1970-01-01 07:00:00.000,Manhã,Ativo,1
266,C. W. D. B. C. ,HEMATOLOGIA (AMBULATÓRIO),RETORNO,HEMATOLOGIA - QUIMIOTERAPIA,Ativo,Sexta,1970-01-01 07:00:00.000,Manhã,Ativo,10
268,C. W. D. B. C. ,HEMATOLOGIA (AMBULATÓRIO),RETORNO,HEMATOLOGIA - MIELOGRAMA,Inativo,Segunda,1970-01-01 07:00:00.000,Manhã,Ativo,6
270,J. D. S. N. ,HEMATOLOGIA (AMBULATÓRIO),RETORNO,HEMATOLOGIA - MIELOGRAMA,Inativo,Terça,1970-01-01 13:00:00.000,Tarde,Ativo,6
272,A. C. S. ,PNEUMOLOGIA (AMBULATÓRIO),CONSULTA REGULADA,PNEUMOLOGIA,Ativo,Quinta,1970-01-01 10:00:00.000,Manhã,Ativo,5
272,A. C. S. ,PNEUMOLOGIA (AMBULATÓRIO),RETORNO,PNEUMOLOGIA,Ativo,Quinta,1970-01-01 07:00:00.000,Manhã,Ativo,7
274,K. T. D. F. ,PNEUMOLOGIA (AMBULATÓRIO),INTERCONSULTA,PNEUMOLOGIA,Ativo,Terça,1970-01-01 07:00:00.000,Manhã,Inativo,1
274,K. T. D. F. ,PNEUMOLOGIA (AMBULATÓRIO),CONSULTA REGULADA,PNEUMOLOGIA,Ativo,Terça,1970-01-01 10:00:00.000,Manhã,Ativo,5
274,K. T. D. F. ,PNEUMOLOGIA (AMBULATÓRIO),RETORNO,PNEUMOLOGIA,Ativo,Terça,1970-01-01 07:00:00.000,Manhã,Ativo,4
276,M. A. A. ,PNEUMOLOGIA (AMBULATÓRIO),RETORNO,PNEUMOLOGIA,Ativo,Terça,1970-01-01 13:00:00.000,Tarde,Ativo,6
276,M. A. A. ,PNEUMOLOGIA (AMBULATÓRIO),CONSULTA REGULADA,PNEUMOLOGIA,Ativo,Terça,1970-01-01 15:30:00.000,Tarde,Ativo,6
276,M. A. A. ,PNEUMOLOGIA (AMBULATÓRIO),RETORNO,PNEUMOLOGIA,Ativo,Quarta,1970-01-01 07:00:00.000,Manhã,Ativo,4
277,C. D. F. C. C. ,PNEUMOLOGIA (AMBULATÓRIO),RETORNO,PNEUMOLOGIA,Ativo,Terça,1970-01-01 07:00:00.000,Manhã,Ativo,6
277,C. D. F. C. C. ,PNEUMOLOGIA (AMBULATÓRIO),CONSULTA REGULADA,PNEUMOLOGIA,Ativo,Terça,1970-01-01 10:00:00.000,Manhã,Ativo,4
278,T. C. N. D. M. ,PNEUMOLOGIA (AMBULATÓRIO),CONSULTA REGULADA,PNEUMOLOGIA,Ativo,Sexta,1970-01-01 10:00:00.000,Manhã,Ativo,5
278,T. C. N. D. M. ,PNEUMOLOGIA (AMBULATÓRIO),RETORNO,PNEUMOLOGIA,Ativo,Sexta,1970-01-01 07:00:00.000,Manhã,Ativo,6
278,T. C. N. D. M. ,PNEUMOLOGIA (AMBULATÓRIO),INTERCONSULTA,PNEUMOLOGIA,Ativo,Sexta,1970-01-01 07:00:00.000,Manhã,Inativo,1
280,A. C. S. ,PNEUMOLOGIA (AMBULATÓRIO),CONSULTA REGULADA,PNEUMOLOGIA - ASMA,Ativo,Terça,1970-01-01 10:00:00.000,Manhã,Ativo,3
280,A. C. S. ,PNEUMOLOGIA (AMBULATÓRIO),RETORNO,PNEUMOLOGIA - ASMA,Ativo,Terça,1970-01-01 07:00:00.000,Manhã,Ativo,5
281,K. T. D. F. ,PNEUMOLOGIA (AMBULATÓRIO),INTERCONSULTA,PNEUMOLOGIA - ASMA,Ativo,Quinta,1970-01-01 07:00:00.000,Manhã,Ativo,1
281,K. T. D. F. ,PNEUMOLOGIA (AMBULATÓRIO),RETORNO,PNEUMOLOGIA - ASMA,Ativo,Quinta,1970-01-01 07:00:00.000,Manhã,Ativo,12
281,K. T. D. F. ,PNEUMOLOGIA (AMBULATÓRIO),RETORNO,PNEUMOLOGIA - ASMA,Ativo,Sexta,1970-01-01 07:00:00.000,Manhã,Ativo,6
281,K. T. D. F. ,PNEUMOLOGIA (AMBULATÓRIO),CONSULTA REGULADA,PNEUMOLOGIA - ASMA,Ativo,Sexta,1970-01-01 10:00:00.000,Manhã,Ativo,3
282,A. C. S. ,PNEUMOLOGIA (AMBULATÓRIO),RETORNO,PNEUMOLOGIA - DOENÇAS INTERSTICIAIS,Ativo,Quarta,1970-01-01 07:00:00.000,Manhã,Ativo,4
282,A. C. S. ,PNEUMOLOGIA (AMBULATÓRIO),RETORNO,PNEUMOLOGIA - DOENÇAS INTERSTICIAIS,Ativo,Quinta,1970-01-01 13:00:00.000,Tarde,Ativo,8
282,A. C. S. ,PNEUMOLOGIA (AMBULATÓRIO),INTERCONSULTA,PNEUMOLOGIA - DOENÇAS INTERSTICIAIS,Ativo,Quinta,1970-01-01 13:00:00.000,Tarde,Ativo,2
284,T. C. N. D. M. ,PNEUMOLOGIA (AMBULATÓRIO),EXAME,PNEUMOLOGIA - TESTE DE CAMINHADA DE 6 MINUTOS,Inativo,Sexta,1970-01-01 07:00:00.000,Manhã,Ativo,7
286,M. A. A. ,PNEUMOLOGIA (AMBULATÓRIO),RETORNO,PNEUMOLOGIA - DPOC,Ativo,Segunda,1970-01-01 13:00:00.000,Tarde,Ativo,8
286,M. A. A. ,PNEUMOLOGIA (AMBULATÓRIO),CONSULTA REGULADA,PNEUMOLOGIA - DPOC,Ativo,Segunda,1970-01-01 15:30:00.000,Tarde,Ativo,2
286,M. A. A. ,PNEUMOLOGIA (AMBULATÓRIO),INTERCONSULTA,PNEUMOLOGIA - DPOC,Ativo,Sexta,1970-01-01 07:00:00.000,Manhã,Ativo,1
286,M. A. A. ,PNEUMOLOGIA (AMBULATÓRIO),RETORNO,PNEUMOLOGIA - DPOC,Ativo,Sexta,1970-01-01 07:00:00.000,Manhã,Ativo,8
288,T. C. N. D. M. ,PNEUMOLOGIA (AMBULATÓRIO),INTERCONSULTA,PNEUMOLOGIA - DPOC,Ativo,Quarta,1970-01-01 13:00:00.000,Tarde,Ativo,1
288,T. C. N. D. M. ,PNEUMOLOGIA (AMBULATÓRIO),RETORNO,PNEUMOLOGIA - DPOC,Ativo,Quarta,1970-01-01 13:00:00.000,Tarde,Ativo,10
289,K. T. D. F. ,PNEUMOLOGIA (AMBULATÓRIO),RETORNO,PNEUMOLOGIA - BRONQUIECTASIA,Ativo,Quarta,1970-01-01 07:00:00.000,Manhã,Ativo,4
290,A. B. D. M. D. S. L. ,CARDIOLOGIA (AMBULATÓRIO),INTERCONSULTA,CARDIOLOGIA,Inativo,Quarta,1970-01-01 07:00:00.000,Manhã,Ativo,1
290,A. B. D. M. D. S. L. ,CARDIOLOGIA (AMBULATÓRIO),CONSULTA REGULADA,CARDIOLOGIA,Inativo,Quarta,1970-01-01 10:00:00.000,Manhã,Ativo,4
290,A. B. D. M. D. S. L. ,CARDIOLOGIA (AMBULATÓRIO),RETORNO,CARDIOLOGIA,Inativo,Quarta,1970-01-01 07:00:00.000,Manhã,Ativo,6
292,A. R. A. M. J. ,CARDIOLOGIA (AMBULATÓRIO),RETORNO,CARDIOLOGIA,Ativo,Quarta,1970-01-01 13:00:00.000,Tarde,Ativo,6
292,A. R. A. M. J. ,CARDIOLOGIA (AMBULATÓRIO),INTERCONSULTA,CARDIOLOGIA,Ativo,Quarta,1970-01-01 13:00:00.000,Tarde,Ativo,1
292,A. R. A. M. J. ,CARDIOLOGIA (AMBULATÓRIO),CONSULTA REGULADA,CARDIOLOGIA,Ativo,Quarta,1970-01-01 15:30:00.000,Tarde,Ativo,3
293,N. A. M. D. A. ,CARDIOLOGIA (AMBULATÓRIO),RETORNO,CARDIOLOGIA,Inativo,Quarta,1970-01-01 07:00:00.000,Manhã,Inativo,8
293,N. A. M. D. A. ,CARDIOLOGIA (AMBULATÓRIO),INTERCONSULTA,CARDIOLOGIA,Inativo,Quarta,1970-01-01 07:00:00.000,Manhã,Inativo,2
296,S. P. D. S. ,CARDIOLOGIA (AMBULATÓRIO),RETORNO,CARDIOLOGIA,Ativo,Segunda,1970-01-01 07:00:00.000,Manhã,Ativo,5
296,S. P. D. S. ,CARDIOLOGIA (AMBULATÓRIO),CONSULTA REGULADA,CARDIOLOGIA,Ativo,Segunda,1970-01-01 10:00:00.000,Manhã,Ativo,4
296,S. P. D. S. ,CARDIOLOGIA (AMBULATÓRIO),RETORNO,CARDIOLOGIA,Ativo,Terça,1970-01-01 07:00:00.000,Manhã,Ativo,5
296,S. P. D. S. ,CARDIOLOGIA (AMBULATÓRIO),CONSULTA REGULADA,CARDIOLOGIA,Ativo,Terça,1970-01-01 10:00:00.000,Manhã,Ativo,4
296,S. P. D. S. ,CARDIOLOGIA (AMBULATÓRIO),RETORNO,CARDIOLOGIA,Ativo,Quarta,1970-01-01 07:00:00.000,Manhã,Ativo,5
296,S. P. D. S. ,CARDIOLOGIA (AMBULATÓRIO),CONSULTA REGULADA,CARDIOLOGIA,Ativo,Quarta,1970-01-01 10:00:00.000,Manhã,Ativo,4
296,S. P. D. S. ,CARDIOLOGIA (AMBULATÓRIO),RETORNO,CARDIOLOGIA,Ativo,Sexta,1970-01-01 07:00:00.000,Manhã,Ativo,5
296,S. P. D. S. ,CARDIOLOGIA (AMBULATÓRIO),CONSULTA REGULADA,CARDIOLOGIA,Ativo,Sexta,1970-01-01 10:00:00.000,Manhã,Ativo,4
298,A. M. F. C. ,ALERGIA E IMUNOLOGIA (AMBULATÓRIO),RETORNO,ALERGIA - ALIMENTAR,Ativo,Segunda,1970-01-01 13:00:00.000,Tarde,Ativo,1
299,G. R. E. S. D. Q. ,ALERGIA E IMUNOLOGIA (AMBULATÓRIO),,ALERGIA - RINITE,Inativo,,,,,
300,G. R. E. S. D. Q. ,ALERGIA E IMUNOLOGIA (AMBULATÓRIO),,ALERGIA - REACAO A MEDICACAO,Inativo,,,,,
302,A. C. C. D. B. M. ,ALERGIA E IMUNOLOGIA (AMBULATÓRIO),,ALERGIA  - LACTENTE SIBILANTE,Inativo,,,,,
303,A. C. C. D. B. M. ,ALERGIA E IMUNOLOGIA (AMBULATÓRIO),,ALERGIA - DERMATOSES ALERGICAS,Inativo,,,,,
304,L. M. V. D. O. S. ,CARDIOLOGIA (AMBULATÓRIO),INTERCONSULTA,CARDIO - PEDIATRIA,Ativo,Sexta,1970-01-01 07:00:00.000,Manhã,Ativo,1
304,L. M. V. D. O. S. ,CARDIOLOGIA (AMBULATÓRIO),RETORNO,CARDIO - PEDIATRIA,Ativo,Sexta,1970-01-01 07:00:00.000,Manhã,Ativo,8
306,E. S. C. S. ,ALERGIA E IMUNOLOGIA (AMBULATÓRIO),RETORNO,ALERGIA - ASMA E CONJUNTIVITE,Ativo,Quinta,1970-01-01 13:00:00.000,Tarde,Ativo,1
308,A. G. D. S. R. ,CARDIOLOGIA (AMBULATÓRIO),RETORNO,CARDIO - ARRITMIA,Inativo,Terça,1970-01-01 07:00:00.000,Manhã,Inativo,6
308,A. G. D. S. R. ,CARDIOLOGIA (AMBULATÓRIO),PRIMEIRA CONSULTA,CARDIO - ARRITMIA,Inativo,Terça,1970-01-01 07:00:00.000,Manhã,Inativo,3
310,P. A. B. ,CARDIOLOGIA (AMBULATÓRIO),RETORNO,CARDIO - ONCOLOGIA,Ativo,Terça,1970-01-01 13:00:00.000,Tarde,Ativo,9
310,P. A. B. ,CARDIOLOGIA (AMBULATÓRIO),INTERCONSULTA,CARDIO - ONCOLOGIA,Ativo,Terça,1970-01-01 13:00:00.000,Tarde,Ativo,3
310,P. A. B. ,CARDIOLOGIA (AMBULATÓRIO),RETORNO,CARDIO - ONCOLOGIA,Ativo,Quinta,1970-01-01 13:00:00.000,Tarde,Ativo,9
310,P. A. B. ,CARDIOLOGIA (AMBULATÓRIO),INTERCONSULTA,CARDIO - ONCOLOGIA,Ativo,Quinta,1970-01-01 13:00:00.000,Tarde,Ativo,3
314,S. P. D. S. ,CARDIOLOGIA (AMBULATÓRIO),INTERCONSULTA,CARDIO - RISCO CIRURGICO,Ativo,Segunda,1970-01-01 07:00:00.000,Manhã,Ativo,3
314,S. P. D. S. ,CARDIOLOGIA (AMBULATÓRIO),INTERCONSULTA,CARDIO - RISCO CIRURGICO,Ativo,Terça,1970-01-01 07:00:00.000,Manhã,Ativo,3
314,S. P. D. S. ,CARDIOLOGIA (AMBULATÓRIO),INTERCONSULTA,CARDIO - RISCO CIRURGICO,Ativo,Quarta,1970-01-01 07:00:00.000,Manhã,Ativo,3
314,S. P. D. S. ,CARDIOLOGIA (AMBULATÓRIO),INTERCONSULTA,CARDIO - RISCO CIRURGICO,Ativo,Quinta,1970-01-01 07:00:00.000,Manhã,Ativo,1
314,S. P. D. S. ,CARDIOLOGIA (AMBULATÓRIO),PRONTO-ATENDIMENTO,CARDIO - RISCO CIRURGICO,Ativo,Sexta,1970-01-01 07:00:00.000,Manhã,Ativo,1
314,S. P. D. S. ,CARDIOLOGIA (AMBULATÓRIO),INTERCONSULTA,CARDIO - RISCO CIRURGICO,Ativo,Sexta,1970-01-01 07:00:00.000,Manhã,Ativo,2
320,A. R. A. M. J. ,CARDIOLOGIA (AMBULATÓRIO),INTERCONSULTA,CARDIO - RISCO CIRURGICO,Ativo,Quarta,1970-01-01 13:00:00.000,Tarde,Ativo,3
323,N. A. M. D. A. ,CARDIOLOGIA (AMBULATÓRIO),INTERCONSULTA,CARDIO - RISCO CIRURGICO,Inativo,Quarta,1970-01-01 07:00:00.000,Manhã,Ativo,1
324,P. A. B. ,CARDIOLOGIA (AMBULATÓRIO),INTERCONSULTA,CARDIO - RISCO CIRURGICO,Ativo,Terça,1970-01-01 13:00:00.000,Tarde,Ativo,1
324,P. A. B. ,CARDIOLOGIA (AMBULATÓRIO),INTERCONSULTA,CARDIO - RISCO CIRURGICO,Ativo,Quinta,1970-01-01 13:00:00.000,Tarde,Ativo,1
326,L. A. M. ,OBSTETRÍCIA (AMBULATÓRIO),RETORNO,ENFERMAGEM - OBSTETRÍCIA (ACOLHIMENTO),Ativo,Quinta,1970-01-01 07:00:00.000,Manhã,Ativo,2
326,L. A. M. ,OBSTETRÍCIA (AMBULATÓRIO),RETORNO,ENFERMAGEM - OBSTETRÍCIA (ACOLHIMENTO),Ativo,Sexta,1970-01-01 07:00:00.000,Manhã,Ativo,2
326,L. A. M. ,OBSTETRÍCIA (AMBULATÓRIO),INTERCONSULTA,ENFERMAGEM - OBSTETRÍCIA (ACOLHIMENTO),Ativo,Sexta,1970-01-01 07:00:00.000,Manhã,Ativo,1
328,P. A. G. ,OBSTETRÍCIA (AMBULATÓRIO),,ENFERMAGEM - OBSTETRÍCIA (ACOLHIMENTO),Inativo,,,,,
329,J. D. S. N. ,OBSTETRÍCIA (AMBULATÓRIO),RETORNO,ENFERMAGEM - OBSTETRÍCIA (ACOLHIMENTO),Ativo,Sexta,1970-01-01 07:00:00.000,Manhã,Ativo,4
329,J. D. S. N. ,OBSTETRÍCIA (AMBULATÓRIO),INTERCONSULTA,ENFERMAGEM - OBSTETRÍCIA (ACOLHIMENTO),Ativo,Sexta,1970-01-01 07:00:00.000,Manhã,Ativo,1
330,S. C. C. T. D. A. ,GASTROENTEROLOGIA (AMBULATÓRIO),INTERCONSULTA,GASTROENTEROLOGIA,Ativo,Segunda,1970-01-01 07:30:00.000,Manhã,Ativo,3
330,S. C. C. T. D. A. ,GASTROENTEROLOGIA (AMBULATÓRIO),RETORNO,GASTROENTEROLOGIA,Ativo,Quarta,1970-01-01 13:00:00.000,Tarde,Ativo,2
331,R. D. A. L. ,GASTROENTEROLOGIA (AMBULATÓRIO),CONSULTA REGULADA,GASTROENTEROLOGIA,Inativo,Quarta,1970-01-01 07:00:00.000,Manhã,Ativo,1
331,R. D. A. L. ,GASTROENTEROLOGIA (AMBULATÓRIO),RETORNO,GASTROENTEROLOGIA,Inativo,Sexta,1970-01-01 07:00:00.000,Manhã,Ativo,15
332,C. M. C. B. D. N. ,GASTROENTEROLOGIA (AMBULATÓRIO),CONSULTA REGULADA,GASTROENTEROLOGIA,Inativo,Segunda,1970-01-01 15:30:00.000,Tarde,Inativo,1
332,C. M. C. B. D. N. ,GASTROENTEROLOGIA (AMBULATÓRIO),RETORNO,GASTROENTEROLOGIA,Inativo,Segunda,1970-01-01 13:00:00.000,Tarde,Inativo,12
333,G. A. S. L. ,GASTROENTEROLOGIA (AMBULATÓRIO),RETORNO,GASTROENTEROLOGIA,Ativo,Quinta,1970-01-01 07:00:00.000,Manhã,Ativo,6
333,G. A. S. L. ,GASTROENTEROLOGIA (AMBULATÓRIO),INTERCONSULTA,GASTROENTEROLOGIA,Ativo,Quinta,1970-01-01 07:00:00.000,Manhã,Ativo,1
333,G. A. S. L. ,GASTROENTEROLOGIA (AMBULATÓRIO),CONSULTA REGULADA,GASTROENTEROLOGIA,Ativo,Quinta,1970-01-01 10:00:00.000,Manhã,Ativo,1
334,P. A. B. ,CARDIOLOGIA (AMBULATÓRIO),RETORNO,CARDIOLOGIA,Inativo,Quinta,1970-01-01 13:00:00.000,Tarde,Ativo,8
334,P. A. B. ,CARDIOLOGIA (AMBULATÓRIO),INTERCONSULTA,CARDIOLOGIA,Inativo,Quinta,1970-01-01 13:00:00.000,Tarde,Ativo,2
334,P. A. B. ,CARDIOLOGIA (AMBULATÓRIO),CONSULTA REGULADA,CARDIOLOGIA,Inativo,Quinta,1970-01-01 15:30:00.000,Tarde,Ativo,1
336,C. C. D. S. ,GASTROENTEROLOGIA (AMBULATÓRIO),INTERCONSULTA,GASTROENTEROLOGIA,Ativo,Segunda,1970-01-01 07:00:00.000,Manhã,Ativo,1
336,C. C. D. S. ,GASTROENTEROLOGIA (AMBULATÓRIO),CONSULTA REGULADA,GASTROENTEROLOGIA,Ativo,Segunda,1970-01-01 10:00:00.000,Manhã,Ativo,2
336,C. C. D. S. ,GASTROENTEROLOGIA (AMBULATÓRIO),RETORNO,GASTROENTEROLOGIA,Ativo,Segunda,1970-01-01 07:00:00.000,Manhã,Ativo,5
336,C. C. D. S. ,GASTROENTEROLOGIA (AMBULATÓRIO),RETORNO,GASTROENTEROLOGIA,Ativo,Quinta,1970-01-01 07:00:00.000,Manhã,Ativo,5
336,C. C. D. S. ,GASTROENTEROLOGIA (AMBULATÓRIO),CONSULTA REGULADA,GASTROENTEROLOGIA,Ativo,Quinta,1970-01-01 10:00:00.000,Manhã,Ativo,2
336,C. C. D. S. ,GASTROENTEROLOGIA (AMBULATÓRIO),INTERCONSULTA,GASTROENTEROLOGIA,Ativo,Quinta,1970-01-01 07:00:00.000,Manhã,Ativo,1
336,C. C. D. S. ,GASTROENTEROLOGIA (AMBULATÓRIO),RETORNO,GASTROENTEROLOGIA,Ativo,Sexta,1970-01-01 07:00:00.000,Manhã,Ativo,5
338,A. R. A. M. J. ,CARDIOLOGIA (AMBULATÓRIO),EXAME,CARDIO - ERGOMETRIA,Inativo,Segunda,1970-01-01 13:00:00.000,Tarde,Ativo,6
338,A. R. A. M. J. ,CARDIOLOGIA (AMBULATÓRIO),EXAME,CARDIO - ERGOMETRIA,Inativo,Quarta,1970-01-01 07:00:00.000,Manhã,Ativo,5
340,M. I. R. D. A. ,CARDIOLOGIA (AMBULATÓRIO),EXAME,CARDIO - ERGOMETRIA,Inativo,Quinta,1970-01-01 13:00:00.000,Tarde,Inativo,5
342,N. A. F. ,GASTROENTEROLOGIA (AMBULATÓRIO),INTERCONSULTA,GASTROENTEROLOGIA - NODULOS HEPATICOS,Ativo,Terça,1970-01-01 07:00:00.000,Manhã,Ativo,3
342,N. A. F. ,GASTROENTEROLOGIA (AMBULATÓRIO),CONSULTA REGULADA,GASTROENTEROLOGIA - NODULOS HEPATICOS,Ativo,Terça,1970-01-01 10:00:00.000,Manhã,Ativo,2
342,N. A. F. ,GASTROENTEROLOGIA (AMBULATÓRIO),RETORNO,GASTROENTEROLOGIA - NODULOS HEPATICOS,Ativo,Terça,1970-01-01 07:00:00.000,Manhã,Ativo,10
344,P. A. B. ,CARDIOLOGIA (AMBULATÓRIO),EXAME,CARDIO - ERGOMETRIA,Inativo,Quarta,1970-01-01 13:00:00.000,Tarde,Ativo,5
346,S. C. C. T. D. A. ,GASTROENTEROLOGIA (AMBULATÓRIO),RETORNO,GASTROENTEROLOGIA - ESQUISTOSSOMOSE,Ativo,Quarta,1970-01-01 13:00:00.000,Tarde,Ativo,10
348,G. M. T. D. L. ,GASTROENTEROLOGIA (AMBULATÓRIO),RETORNO,GASTROENTEROLOGIA - ESOFAGO,Inativo,Segunda,1970-01-01 07:00:00.000,Manhã,Inativo,15
349,C. C. D. S. ,GASTROENTEROLOGIA (AMBULATÓRIO),CONSULTA REGULADA,GASTROENTEROLOGIA - ESOFAGO,Ativo,Segunda,1970-01-01 15:30:00.000,Tarde,Ativo,2
349,C. C. D. S. ,GASTROENTEROLOGIA (AMBULATÓRIO),RETORNO,GASTROENTEROLOGIA - ESOFAGO,Ativo,Segunda,1970-01-01 13:00:00.000,Tarde,Ativo,8
349,C. C. D. S. ,GASTROENTEROLOGIA (AMBULATÓRIO),INTERCONSULTA,GASTROENTEROLOGIA - ESOFAGO,Ativo,Segunda,1970-01-01 13:00:00.000,Tarde,Ativo,2
350,C. M. C. B. D. N. ,GASTROENTEROLOGIA (AMBULATÓRIO),RETORNO,GASTROENTEROLOGIA - ESOFAGO,Inativo,Segunda,1970-01-01 13:00:00.000,Tarde,Ativo,5
350,C. M. C. B. D. N. ,GASTROENTEROLOGIA (AMBULATÓRIO),INTERCONSULTA,GASTROENTEROLOGIA - ESOFAGO,Inativo,Segunda,1970-01-01 13:00:00.000,Tarde,Ativo,1
352,R. D. A. L. ,GASTROENTEROLOGIA (AMBULATÓRIO),RETORNO,GASTROENTEROLOGIA - DOENCA ACIDO-PEPTICA,Inativo,Quarta,1970-01-01 13:00:00.000,Tarde,Ativo,2
352,R. D. A. L. ,GASTROENTEROLOGIA (AMBULATÓRIO),INTERCONSULTA,GASTROENTEROLOGIA - DOENCA ACIDO-PEPTICA,Inativo,Quarta,1970-01-01 13:00:00.000,Tarde,Ativo,2
352,R. D. A. L. ,GASTROENTEROLOGIA (AMBULATÓRIO),INTERCONSULTA,GASTROENTEROLOGIA - DOENCA ACIDO-PEPTICA,Inativo,Sexta,1970-01-01 07:00:00.000,Manhã,Ativo,1
352,R. D. A. L. ,GASTROENTEROLOGIA (AMBULATÓRIO),RETORNO,GASTROENTEROLOGIA - DOENCA ACIDO-PEPTICA,Inativo,Sexta,1970-01-01 07:00:00.000,Manhã,Ativo,3
353,G. A. S. L. ,GASTROENTEROLOGIA (AMBULATÓRIO),CONSULTA REGULADA,GASTROENTEROLOGIA - DOENÇA INF INTESTINAL,Ativo,Terça,1970-01-01 10:00:00.000,Manhã,Ativo,1
353,G. A. S. L. ,GASTROENTEROLOGIA (AMBULATÓRIO),PRIMEIRA CONSULTA,GASTROENTEROLOGIA - DOENÇA INF INTESTINAL,Ativo,Quarta,1970-01-01 13:00:00.000,Tarde,Ativo,1
353,G. A. S. L. ,GASTROENTEROLOGIA (AMBULATÓRIO),CONSULTA REGULADA,GASTROENTEROLOGIA - DOENÇA INF INTESTINAL,Ativo,Quarta,1970-01-01 15:30:00.000,Tarde,Ativo,2
353,G. A. S. L. ,GASTROENTEROLOGIA (AMBULATÓRIO),CONSULTA REGULADA,GASTROENTEROLOGIA - DOENÇA INF INTESTINAL,Ativo,Quarta,1970-01-01 10:00:00.000,Manhã,Ativo,1
353,G. A. S. L. ,GASTROENTEROLOGIA (AMBULATÓRIO),INTERCONSULTA,GASTROENTEROLOGIA - DOENÇA INF INTESTINAL,Ativo,Quarta,1970-01-01 13:00:00.000,Tarde,Ativo,1
353,G. A. S. L. ,GASTROENTEROLOGIA (AMBULATÓRIO),RETORNO,GASTROENTEROLOGIA - DOENÇA INF INTESTINAL,Ativo,Quarta,1970-01-01 13:00:00.000,Tarde,Ativo,24
354,A. C. D. F. T. G. ,ENDOCRINOLOGIA (AMBULATÓRIO),RETORNO,ENDOCRINOLOGIA,Inativo,Terça,1970-01-01 07:00:00.000,Manhã,Ativo,10
356,G. A. S. L. ,GASTROENTEROLOGIA (AMBULATÓRIO),INTERCONSULTA,GASTROENTEROLOGIA - PANCREAS,Ativo,Sexta,1970-01-01 07:00:00.000,Manhã,Ativo,3
356,G. A. S. L. ,GASTROENTEROLOGIA (AMBULATÓRIO),RETORNO,GASTROENTEROLOGIA - PANCREAS,Ativo,Sexta,1970-01-01 07:00:00.000,Manhã,Ativo,7
356,G. A. S. L. ,GASTROENTEROLOGIA (AMBULATÓRIO),CONSULTA REGULADA,GASTROENTEROLOGIA - PANCREAS,Ativo,Sexta,1970-01-01 10:00:00.000,Manhã,Ativo,3
358,E. T. D. ,ENDOCRINOLOGIA (AMBULATÓRIO),RETORNO,ENDOCRINOLOGIA,Inativo,Quinta,1970-01-01 07:00:00.000,Manhã,Ativo,30
359,A. C. D. F. T. G. ,ENDOCRINOLOGIA (AMBULATÓRIO),RETORNO,ENDOCRINOLOGIA - OBSTETRICIA,Inativo,Terça,1970-01-01 13:00:00.000,Tarde,Inativo,10
360,L. P. D. A. ,GASTROENTEROLOGIA (AMBULATÓRIO),RETORNO,ENFERMAGEM - GASTROENTEROLOGIA,Ativo,Quarta,1970-01-01 07:00:00.000,Manhã,Ativo,6
362,E. T. D. ,ENDOCRINOLOGIA (AMBULATÓRIO),RETORNO,ENDOCRINOLOGIA - OSTEOPOROSE,Ativo,Quarta,1970-01-01 07:00:00.000,Manhã,Ativo,10
362,E. T. D. ,ENDOCRINOLOGIA (AMBULATÓRIO),RETORNO,ENDOCRINOLOGIA - OSTEOPOROSE,Ativo,Sexta,1970-01-01 07:00:00.000,Manhã,Ativo,10
364,J. R. R. D. S. ,HEMATOLOGIA (AMBULATÓRIO),RETORNO,ENFERMAGEM - HEMATO,Ativo,Segunda,1970-01-01 07:00:00.000,Manhã,Ativo,10
364,J. R. R. D. S. ,HEMATOLOGIA (AMBULATÓRIO),INTERCONSULTA,ENFERMAGEM - HEMATO,Ativo,Terça,1970-01-01 07:00:00.000,Manhã,Ativo,2
364,J. R. R. D. S. ,HEMATOLOGIA (AMBULATÓRIO),RETORNO,ENFERMAGEM - HEMATO,Ativo,Terça,1970-01-01 07:00:00.000,Manhã,Ativo,10
364,J. R. R. D. S. ,HEMATOLOGIA (AMBULATÓRIO),RETORNO,ENFERMAGEM - HEMATO,Ativo,Quarta,1970-01-01 07:00:00.000,Manhã,Ativo,10
364,J. R. R. D. S. ,HEMATOLOGIA (AMBULATÓRIO),RETORNO,ENFERMAGEM - HEMATO,Ativo,Quinta,1970-01-01 07:00:00.000,Manhã,Ativo,10
364,J. R. R. D. S. ,HEMATOLOGIA (AMBULATÓRIO),RETORNO,ENFERMAGEM - HEMATO,Ativo,Sexta,1970-01-01 07:00:00.000,Manhã,Ativo,10
366,B. G. S. G. D. S. ,ENDOCRINOLOGIA (AMBULATÓRIO),RETORNO,ENDOCRINOLOGIA PEDIÁTRICA - OBESIDADE INFANT,Ativo,Quarta,1970-01-01 13:00:00.000,Tarde,Ativo,15
366,B. G. S. G. D. S. ,ENDOCRINOLOGIA (AMBULATÓRIO),RETORNO,ENDOCRINOLOGIA PEDIÁTRICA - OBESIDADE INFANT,Ativo,Sexta,1970-01-01 07:00:00.000,Manhã,Ativo,6
368,N. A. F. ,GASTROENTEROLOGIA (AMBULATÓRIO),CONSULTA REGULADA,GASTROENTEROLOGIA - HEPATOLOGIA,Ativo,Quinta,1970-01-01 15:30:00.000,Tarde,Ativo,1
368,N. A. F. ,GASTROENTEROLOGIA (AMBULATÓRIO),RETORNO,GASTROENTEROLOGIA - HEPATOLOGIA,Ativo,Quinta,1970-01-01 13:00:00.000,Tarde,Ativo,8
368,N. A. F. ,GASTROENTEROLOGIA (AMBULATÓRIO),INTERCONSULTA,GASTROENTEROLOGIA - HEPATOLOGIA,Ativo,Quinta,1970-01-01 13:00:00.000,Tarde,Ativo,1
370,A. D. B. ,GASTROENTEROLOGIA (AMBULATÓRIO),RETORNO,GASTROENTEROLOGIA - HEPATOLOGIA,Inativo,Terça,1970-01-01 13:00:00.000,Tarde,Ativo,8
370,A. D. B. ,GASTROENTEROLOGIA (AMBULATÓRIO),INTERCONSULTA,GASTROENTEROLOGIA - HEPATOLOGIA,Inativo,Terça,1970-01-01 13:00:00.000,Tarde,Ativo,1
370,A. D. B. ,GASTROENTEROLOGIA (AMBULATÓRIO),INTERCONSULTA,GASTROENTEROLOGIA - HEPATOLOGIA,Inativo,Quinta,1970-01-01 13:00:00.000,Tarde,Ativo,1
370,A. D. B. ,GASTROENTEROLOGIA (AMBULATÓRIO),RETORNO,GASTROENTEROLOGIA - HEPATOLOGIA,Inativo,Quinta,1970-01-01 13:00:00.000,Tarde,Ativo,8
373,G. A. S. L. ,GASTROENTEROLOGIA (AMBULATÓRIO),INTERCONSULTA,GASTROENTEROLOGIA - INTESTINOS,Ativo,Terça,1970-01-01 07:00:00.000,Manhã,Ativo,3
373,G. A. S. L. ,GASTROENTEROLOGIA (AMBULATÓRIO),RETORNO,GASTROENTEROLOGIA - INTESTINOS,Ativo,Terça,1970-01-01 07:00:00.000,Manhã,Ativo,8
373,G. A. S. L. ,GASTROENTEROLOGIA (AMBULATÓRIO),RETORNO,GASTROENTEROLOGIA - INTESTINOS,Ativo,Quarta,1970-01-01 07:00:00.000,Manhã,Ativo,9
374,P. S. G. ,ENDOCRINOLOGIA (AMBULATÓRIO),RETORNO,ENDOCRINOLOGIA - TRANSIÇÃO (15 A 19 ANOS),Inativo,Quarta,1970-01-01 07:00:00.000,Manhã,Ativo,20
378,J. L. D. F. A. ,ENDOCRINOLOGIA (AMBULATÓRIO),RETORNO,ENDOCRINOLOGIA - OBESIDADE,Ativo,Quinta,1970-01-01 13:00:00.000,Tarde,Ativo,10
380,F. A. A. G. ,CARDIOLOGIA (AMBULATÓRIO),RETORNO,CARDIOLOGIA - RETORNO CIRURGICO,Inativo,Terça,1970-01-01 13:00:00.000,Tarde,Ativo,8
381,V. C. D. M. V. ,ENDOCRINOLOGIA (AMBULATÓRIO),RETORNO,ENDOCRINOLOGIA - TIREOIDE,Ativo,Segunda,1970-01-01 07:00:00.000,Manhã,Ativo,10
381,V. C. D. M. V. ,ENDOCRINOLOGIA (AMBULATÓRIO),RETORNO,ENDOCRINOLOGIA - TIREOIDE,Ativo,Terça,1970-01-01 07:00:00.000,Manhã,Ativo,20
381,V. C. D. M. V. ,ENDOCRINOLOGIA (AMBULATÓRIO),RETORNO,ENDOCRINOLOGIA - TIREOIDE,Ativo,Sexta,1970-01-01 07:00:00.000,Manhã,Ativo,10
382,P. C. D. A. F. ,SAUDE OCUPACIONAL E SEGURANCA DO TRABALHO,PRIMEIRA CONSULTA,MEDICINA DO TRABALHO,Ativo,Quarta,1970-01-01 07:00:00.000,Manhã,Ativo,2
382,P. C. D. A. F. ,SAUDE OCUPACIONAL E SEGURANCA DO TRABALHO,RETORNO,MEDICINA DO TRABALHO,Ativo,Quarta,1970-01-01 07:00:00.000,Manhã,Ativo,2
382,P. C. D. A. F. ,SAUDE OCUPACIONAL E SEGURANCA DO TRABALHO,INTERCONSULTA,MEDICINA DO TRABALHO,Ativo,Quarta,1970-01-01 07:00:00.000,Manhã,Ativo,1
382,P. C. D. A. F. ,SAUDE OCUPACIONAL E SEGURANCA DO TRABALHO,INTERCONSULTA,MEDICINA DO TRABALHO,Ativo,Quinta,1970-01-01 07:00:00.000,Manhã,Ativo,1
382,P. C. D. A. F. ,SAUDE OCUPACIONAL E SEGURANCA DO TRABALHO,RETORNO,MEDICINA DO TRABALHO,Ativo,Quinta,1970-01-01 07:00:00.000,Manhã,Ativo,2
382,P. C. D. A. F. ,SAUDE OCUPACIONAL E SEGURANCA DO TRABALHO,PRIMEIRA CONSULTA,MEDICINA DO TRABALHO,Ativo,Quinta,1970-01-01 07:00:00.000,Manhã,Ativo,2
383,E. T. D. ,ENDOCRINOLOGIA (AMBULATÓRIO),RETORNO,ENDOCRINOLOGIA - GONADAS,Ativo,Terça,1970-01-01 13:00:00.000,Tarde,Ativo,10
386,P. S. G. ,ENDOCRINOLOGIA (AMBULATÓRIO),RETORNO,ENDOCRINOLOGIA - TIREOIDE,Ativo,Terça,1970-01-01 07:00:00.000,Manhã,Ativo,10
388,B. G. S. G. D. S. ,ENDOCRINOLOGIA (AMBULATÓRIO),RETORNO,ENDOCRINOLOGIA - PEDIATRIA,Ativo,Segunda,1970-01-01 13:00:00.000,Tarde,Ativo,10
388,B. G. S. G. D. S. ,ENDOCRINOLOGIA (AMBULATÓRIO),RETORNO,ENDOCRINOLOGIA - PEDIATRIA,Ativo,Segunda,1970-01-01 07:00:00.000,Manhã,Ativo,6
388,B. G. S. G. D. S. ,ENDOCRINOLOGIA (AMBULATÓRIO),INTERCONSULTA,ENDOCRINOLOGIA - PEDIATRIA,Ativo,Segunda,1970-01-01 07:00:00.000,Manhã,Ativo,1
388,B. G. S. G. D. S. ,ENDOCRINOLOGIA (AMBULATÓRIO),CONSULTA REGULADA,ENDOCRINOLOGIA - PEDIATRIA,Ativo,Segunda,1970-01-01 15:30:00.000,Tarde,Ativo,1
388,B. G. S. G. D. S. ,ENDOCRINOLOGIA (AMBULATÓRIO),INTERCONSULTA,ENDOCRINOLOGIA - PEDIATRIA,Ativo,Quarta,1970-01-01 07:00:00.000,Manhã,Ativo,1
388,B. G. S. G. D. S. ,ENDOCRINOLOGIA (AMBULATÓRIO),RETORNO,ENDOCRINOLOGIA - PEDIATRIA,Ativo,Quarta,1970-01-01 07:00:00.000,Manhã,Ativo,5
388,B. G. S. G. D. S. ,ENDOCRINOLOGIA (AMBULATÓRIO),RETORNO,ENDOCRINOLOGIA - PEDIATRIA,Ativo,Quinta,1970-01-01 07:00:00.000,Manhã,Ativo,3
388,B. G. S. G. D. S. ,ENDOCRINOLOGIA (AMBULATÓRIO),CONSULTA REGULADA,ENDOCRINOLOGIA - PEDIATRIA,Ativo,Quinta,1970-01-01 07:00:00.000,Manhã,Ativo,1
388,B. G. S. G. D. S. ,ENDOCRINOLOGIA (AMBULATÓRIO),INTERCONSULTA,ENDOCRINOLOGIA - PEDIATRIA,Ativo,Sexta,1970-01-01 07:00:00.000,Manhã,Ativo,1
390,S. G. D. N. ,OBSTETRÍCIA (AMBULATÓRIO),PRIMEIRA CONSULTA,ENFERMAGEM - OBSTETRÍCIA (ACOLHIMENTO),Inativo,Sexta,1970-01-01 07:00:00.000,Manhã,Inativo,2
390,S. G. D. N. ,OBSTETRÍCIA (AMBULATÓRIO),INTERCONSULTA,ENFERMAGEM - OBSTETRÍCIA (ACOLHIMENTO),Inativo,Sexta,1970-01-01 07:00:00.000,Manhã,Inativo,1
392,E. F. D. M. J. ,OBSTETRÍCIA (AMBULATÓRIO),CONSULTA REGULADA,OBSTETRÍCIA - MOL. TROFOBLÁTICA GESTACIONAL,Inativo,Terça,1970-01-01 15:30:00.000,Tarde,Ativo,4
393,D. F. B. L. ,OBSTETRÍCIA (AMBULATÓRIO),RETORNO,OBSTETRÍCIA - PUERPÉRIO,Ativo,Quarta,1970-01-01 13:00:00.000,Tarde,Ativo,12
394,J. B. L. A. C. ,CIRURGIA PEDIÁTRICA (AMBULATÓRIO),CONSULTA REGULADA,CIRURGIA PEDIATRICA,Inativo,Quinta,1970-01-01 10:00:00.000,Manhã,Inativo,5
394,J. B. L. A. C. ,CIRURGIA PEDIÁTRICA (AMBULATÓRIO),INTERCONSULTA,CIRURGIA PEDIATRICA,Inativo,Quinta,1970-01-01 07:00:00.000,Manhã,Inativo,4
394,J. B. L. A. C. ,CIRURGIA PEDIÁTRICA (AMBULATÓRIO),RETORNO,CIRURGIA PEDIATRICA,Inativo,Quinta,1970-01-01 07:00:00.000,Manhã,Inativo,16
396,L. A. P. D. A. ,CIRURGIA PEDIÁTRICA (AMBULATÓRIO),,CIRURGIA PEDIÁTRICA - UROPEDIATRIA,Inativo,,,,,
398,D. L. P. D. S. ,OBSTETRÍCIA (AMBULATÓRIO),CONSULTA REGULADA,OBSTETRÍCIA - ALTO RISCO,Ativo,Quarta,1970-01-01 10:00:00.000,Manhã,Ativo,6
398,D. L. P. D. S. ,OBSTETRÍCIA (AMBULATÓRIO),INTERCONSULTA,OBSTETRÍCIA - ALTO RISCO,Ativo,Quarta,1970-01-01 07:00:00.000,Manhã,Ativo,2
398,D. L. P. D. S. ,OBSTETRÍCIA (AMBULATÓRIO),RETORNO,OBSTETRÍCIA - ALTO RISCO,Ativo,Quarta,1970-01-01 07:00:00.000,Manhã,Ativo,4
398,D. L. P. D. S. ,OBSTETRÍCIA (AMBULATÓRIO),RETORNO,OBSTETRÍCIA - ALTO RISCO,Ativo,Quinta,1970-01-01 07:00:00.000,Manhã,Ativo,10
398,D. L. P. D. S. ,OBSTETRÍCIA (AMBULATÓRIO),CONSULTA REGULADA,OBSTETRÍCIA - ALTO RISCO,Ativo,Quinta,1970-01-01 10:00:00.000,Manhã,Ativo,3
398,D. L. P. D. S. ,OBSTETRÍCIA (AMBULATÓRIO),INTERCONSULTA,OBSTETRÍCIA - ALTO RISCO,Ativo,Quinta,1970-01-01 07:00:00.000,Manhã,Ativo,1
400,G. D. D. C. W. P. ,OBSTETRÍCIA (AMBULATÓRIO),,OBSTETRÍCIA - ALTO RISCO,Inativo,,,,,
402,T. C. P. S. ,OBSTETRÍCIA (AMBULATÓRIO),INTERCONSULTA,OBSTETRÍCIA - ALTO RISCO,Ativo,Segunda,1970-01-01 07:00:00.000,Manhã,Ativo,1
402,T. C. P. S. ,OBSTETRÍCIA (AMBULATÓRIO),CONSULTA REGULADA,OBSTETRÍCIA - ALTO RISCO,Ativo,Segunda,1970-01-01 10:00:00.000,Manhã,Ativo,3
402,T. C. P. S. ,OBSTETRÍCIA (AMBULATÓRIO),RETORNO,OBSTETRÍCIA - ALTO RISCO,Ativo,Segunda,1970-01-01 07:00:00.000,Manhã,Ativo,8
404,A. D. M. ,OBSTETRÍCIA (AMBULATÓRIO),RETORNO,OBSTETRÍCIA - ASMA,Ativo,Segunda,1970-01-01 13:00:00.000,Tarde,Ativo,12
406,E. L. W. D. S. ,CLINICA DA DOR (AMBULATÓRIO),RETORNO,CLINICA DA DOR,Inativo,Quarta,1970-01-01 07:00:00.000,Manhã,Ativo,10
406,E. L. W. D. S. ,CLINICA DA DOR (AMBULATÓRIO),INTERCONSULTA,CLINICA DA DOR,Inativo,Quarta,1970-01-01 07:00:00.000,Manhã,Inativo,1
406,E. L. W. D. S. ,CLINICA DA DOR (AMBULATÓRIO),INTERCONSULTA,CLINICA DA DOR,Inativo,Quinta,1970-01-01 07:00:00.000,Manhã,Inativo,1
406,E. L. W. D. S. ,CLINICA DA DOR (AMBULATÓRIO),RETORNO,CLINICA DA DOR,Inativo,Quinta,1970-01-01 07:00:00.000,Manhã,Ativo,10
408,D. D. L. S. ,CLINICA DA DOR (AMBULATÓRIO),RETORNO,CLINICA DA DOR,Inativo,Quinta,1970-01-01 07:00:00.000,Manhã,Ativo,10
408,D. D. L. S. ,CLINICA DA DOR (AMBULATÓRIO),CONSULTA REGULADA,CLINICA DA DOR,Inativo,Quinta,1970-01-01 10:00:00.000,Manhã,Inativo,1
408,D. D. L. S. ,CLINICA DA DOR (AMBULATÓRIO),INTERCONSULTA,CLINICA DA DOR,Inativo,Quinta,1970-01-01 07:00:00.000,Manhã,Inativo,1
408,D. D. L. S. ,CLINICA DA DOR (AMBULATÓRIO),INTERCONSULTA,CLINICA DA DOR,Inativo,Sexta,1970-01-01 07:00:00.000,Manhã,Inativo,1
408,D. D. L. S. ,CLINICA DA DOR (AMBULATÓRIO),CONSULTA REGULADA,CLINICA DA DOR,Inativo,Sexta,1970-01-01 10:00:00.000,Manhã,Inativo,1
408,D. D. L. S. ,CLINICA DA DOR (AMBULATÓRIO),RETORNO,CLINICA DA DOR,Inativo,Sexta,1970-01-01 07:00:00.000,Manhã,Ativo,10
410,D. F. B. L. ,OBSTETRÍCIA (AMBULATÓRIO),,OBSTETRÍCIA - PRÉ NATAL,Ativo,,,,,
411,J. D. S. N. ,OBSTETRÍCIA (AMBULATÓRIO),,ENFERMAGEM - OBS. - RODA EDUCATIVA,Inativo,,,,,
412,L. A. M. ,OBSTETRÍCIA (AMBULATÓRIO),,ENFERMAGEM - OBSTETRICIA,Inativo,,,,,
414,L. A. M. ,OBSTETRÍCIA (AMBULATÓRIO),,ENFERMAGEM - OBST. VINCULAÇÃO PERINATAL,Inativo,,,,,
416,K. L. A. B. ,CIRURGIA PEDIÁTRICA (AMBULATÓRIO),,ENFERMAGEM - CIRURGIA PEDIÁTRICA,Inativo,,,,,
418,F. G. D. M. S. ,OBSTETRÍCIA (AMBULATÓRIO),,OBSTETRÍCIA - PREVENÇÃO DE PRÉ-ECLÂMPSIA,Inativo,,,,,
420,C. N. D. O. B. ,OBSTETRÍCIA (AMBULATÓRIO),,OBSTETRÍCIA - DIABETES,Inativo,,,,,
421,A. D. M. ,OBSTETRÍCIA (AMBULATÓRIO),RETORNO,OBSTETRÍCIA - DIABETES,Inativo,Terça,1970-01-01 07:00:00.000,Manhã,Inativo,10
422,J. D. S. N. ,OBSTETRÍCIA (AMBULATÓRIO),RETORNO,ENFERMAGEM OBST - PRÉ NATAL - MULPROFISSIONAL,Inativo,Quarta,1970-01-01 13:00:00.000,Tarde,Inativo,25
422,J. D. S. N. ,OBSTETRÍCIA (AMBULATÓRIO),INTERCONSULTA,ENFERMAGEM OBST - PRÉ NATAL - MULPROFISSIONAL,Inativo,Quarta,1970-01-01 13:00:00.000,Tarde,Inativo,2
424,J. D. S. N. ,OBSTETRÍCIA (AMBULATÓRIO),RETORNO,ENFERMAGEM - OBST. SAUDE SEXUAL E REPRODUTIVA,Inativo,Segunda,1970-01-01 07:00:00.000,Manhã,Inativo,25
424,J. D. S. N. ,OBSTETRÍCIA (AMBULATÓRIO),RETORNO,ENFERMAGEM - OBST. SAUDE SEXUAL E REPRODUTIVA,Inativo,Segunda,1970-01-01 13:00:00.000,Tarde,Inativo,25
424,J. D. S. N. ,OBSTETRÍCIA (AMBULATÓRIO),RETORNO,ENFERMAGEM - OBST. SAUDE SEXUAL E REPRODUTIVA,Inativo,Quarta,1970-01-01 13:00:00.000,Tarde,Inativo,25
424,J. D. S. N. ,OBSTETRÍCIA (AMBULATÓRIO),RETORNO,ENFERMAGEM - OBST. SAUDE SEXUAL E REPRODUTIVA,Inativo,Quarta,1970-01-01 07:00:00.000,Manhã,Inativo,25
424,J. D. S. N. ,OBSTETRÍCIA (AMBULATÓRIO),RETORNO,ENFERMAGEM - OBST. SAUDE SEXUAL E REPRODUTIVA,Inativo,Sexta,1970-01-01 07:00:00.000,Manhã,Inativo,25
424,J. D. S. N. ,OBSTETRÍCIA (AMBULATÓRIO),RETORNO,ENFERMAGEM - OBST. SAUDE SEXUAL E REPRODUTIVA,Inativo,Sexta,1970-01-01 13:00:00.000,Tarde,Inativo,25
426,L. A. M. ,OBSTETRÍCIA (AMBULATÓRIO),RETORNO,ENFERMAGEM - OBST. SAUDE SEXUAL E REPRODUTIVA,Inativo,Terça,1970-01-01 07:00:00.000,Manhã,Ativo,25
426,L. A. M. ,OBSTETRÍCIA (AMBULATÓRIO),RETORNO,ENFERMAGEM - OBST. SAUDE SEXUAL E REPRODUTIVA,Inativo,Terça,1970-01-01 13:00:00.000,Tarde,Ativo,25
426,L. A. M. ,OBSTETRÍCIA (AMBULATÓRIO),RETORNO,ENFERMAGEM - OBST. SAUDE SEXUAL E REPRODUTIVA,Inativo,Quinta,1970-01-01 13:00:00.000,Tarde,Ativo,25
426,L. A. M. ,OBSTETRÍCIA (AMBULATÓRIO),RETORNO,ENFERMAGEM - OBST. SAUDE SEXUAL E REPRODUTIVA,Inativo,Quinta,1970-01-01 07:00:00.000,Manhã,Ativo,25
426,L. A. M. ,OBSTETRÍCIA (AMBULATÓRIO),RETORNO,ENFERMAGEM - OBST. SAUDE SEXUAL E REPRODUTIVA,Inativo,Sexta,1970-01-01 13:00:00.000,Tarde,Ativo,25
426,L. A. M. ,OBSTETRÍCIA (AMBULATÓRIO),RETORNO,ENFERMAGEM - OBST. SAUDE SEXUAL E REPRODUTIVA,Inativo,Sexta,1970-01-01 07:00:00.000,Manhã,Ativo,25
428,P. A. G. ,OBSTETRÍCIA (AMBULATÓRIO),RETORNO,ENFERMAGEM - OBST. SAUDE SEXUAL E REPRODUTIVA,Inativo,Segunda,1970-01-01 07:00:00.000,Manhã,Inativo,25
428,P. A. G. ,OBSTETRÍCIA (AMBULATÓRIO),RETORNO,ENFERMAGEM - OBST. SAUDE SEXUAL E REPRODUTIVA,Inativo,Terça,1970-01-01 07:00:00.000,Manhã,Inativo,25
428,P. A. G. ,OBSTETRÍCIA (AMBULATÓRIO),RETORNO,ENFERMAGEM - OBST. SAUDE SEXUAL E REPRODUTIVA,Inativo,Quarta,1970-01-01 07:00:00.000,Manhã,Inativo,25
428,P. A. G. ,OBSTETRÍCIA (AMBULATÓRIO),RETORNO,ENFERMAGEM - OBST. SAUDE SEXUAL E REPRODUTIVA,Inativo,Quinta,1970-01-01 07:00:00.000,Manhã,Inativo,25
428,P. A. G. ,OBSTETRÍCIA (AMBULATÓRIO),RETORNO,ENFERMAGEM - OBST. SAUDE SEXUAL E REPRODUTIVA,Inativo,Sexta,1970-01-01 07:00:00.000,Manhã,Inativo,25
430,E. A. O. D. O. ,NEFROLOGIA (AMBULATÓRIO),CONSULTA REGULADA,NEFROLOGIA,Ativo,Quinta,1970-01-01 15:30:00.000,Tarde,Ativo,2
430,E. A. O. D. O. ,NEFROLOGIA (AMBULATÓRIO),RETORNO,NEFROLOGIA,Ativo,Quinta,1970-01-01 13:00:00.000,Tarde,Ativo,8
432,J. D. O. B. J. ,NEFROLOGIA (AMBULATÓRIO),CONSULTA REGULADA,NEFROLOGIA,Inativo,Quarta,1970-01-01 10:00:00.000,Manhã,Inativo,1
434,A. B. M. L. D. A. T. ,ONCOLOGIA (AMBULATÓRIO),,MASTOLOGIA,Inativo,,,,,
438,V. S. D. A. B. ,CLINICA DA DOR (AMBULATÓRIO),CONSULTA REGULADA,CLINICA DA DOR,Ativo,Quarta,1970-01-01 10:00:00.000,Manhã,Ativo,2
438,V. S. D. A. B. ,CLINICA DA DOR (AMBULATÓRIO),INTERCONSULTA,CLINICA DA DOR,Ativo,Quarta,1970-01-01 07:00:00.000,Manhã,Ativo,1
438,V. S. D. A. B. ,CLINICA DA DOR (AMBULATÓRIO),RETORNO,CLINICA DA DOR,Ativo,Quarta,1970-01-01 07:00:00.000,Manhã,Ativo,5
438,V. S. D. A. B. ,CLINICA DA DOR (AMBULATÓRIO),RETORNO,CLINICA DA DOR,Ativo,Sexta,1970-01-01 07:00:00.000,Manhã,Ativo,5
438,V. S. D. A. B. ,CLINICA DA DOR (AMBULATÓRIO),CONSULTA REGULADA,CLINICA DA DOR,Ativo,Sexta,1970-01-01 10:00:00.000,Manhã,Ativo,2
438,V. S. D. A. B. ,CLINICA DA DOR (AMBULATÓRIO),INTERCONSULTA,CLINICA DA DOR,Ativo,Sexta,1970-01-01 07:00:00.000,Manhã,Ativo,1
440,J. B. D. J. ,PSIQUIATRIA (AMBULATÓRIO),RETORNO,PSIQUIATRIA,Ativo,Segunda,1970-01-01 13:00:00.000,Tarde,Ativo,5
440,J. B. D. J. ,PSIQUIATRIA (AMBULATÓRIO),RETORNO,PSIQUIATRIA,Ativo,Terça,1970-01-01 07:00:00.000,Manhã,Ativo,10
442,E. M. E. ,PSIQUIATRIA (AMBULATÓRIO),CONSULTA REGULADA,PSIQUIATRIA - TRIAGEM,Ativo,Quinta,1970-01-01 15:30:00.000,Tarde,Ativo,2
442,E. M. E. ,PSIQUIATRIA (AMBULATÓRIO),INTERCONSULTA,PSIQUIATRIA - TRIAGEM,Ativo,Quinta,1970-01-01 13:00:00.000,Tarde,Inativo,3
444,E. A. C. ,ONCOLOGIA (AMBULATÓRIO),INTERCONSULTA,MASTOLOGIA,Ativo,Segunda,1970-01-01 13:00:00.000,Tarde,Ativo,1
444,E. A. C. ,ONCOLOGIA (AMBULATÓRIO),RETORNO,MASTOLOGIA,Ativo,Segunda,1970-01-01 07:00:00.000,Manhã,Ativo,6
444,E. A. C. ,ONCOLOGIA (AMBULATÓRIO),CONSULTA REGULADA,MASTOLOGIA,Ativo,Segunda,1970-01-01 15:30:00.000,Tarde,Ativo,1
444,E. A. C. ,ONCOLOGIA (AMBULATÓRIO),CONSULTA REGULADA,MASTOLOGIA,Ativo,Segunda,1970-01-01 10:00:00.000,Manhã,Ativo,1
444,E. A. C. ,ONCOLOGIA (AMBULATÓRIO),RETORNO,MASTOLOGIA,Ativo,Segunda,1970-01-01 13:00:00.000,Tarde,Ativo,6
444,E. A. C. ,ONCOLOGIA (AMBULATÓRIO),INTERCONSULTA,MASTOLOGIA,Ativo,Segunda,1970-01-01 07:00:00.000,Manhã,Ativo,1
444,E. A. C. ,ONCOLOGIA (AMBULATÓRIO),INTERCONSULTA,MASTOLOGIA,Ativo,Quarta,1970-01-01 13:00:00.000,Tarde,Ativo,1
444,E. A. C. ,ONCOLOGIA (AMBULATÓRIO),RETORNO,MASTOLOGIA,Ativo,Quarta,1970-01-01 13:00:00.000,Tarde,Ativo,6
444,E. A. C. ,ONCOLOGIA (AMBULATÓRIO),CONSULTA REGULADA,MASTOLOGIA,Ativo,Quarta,1970-01-01 10:00:00.000,Manhã,Ativo,1
444,E. A. C. ,ONCOLOGIA (AMBULATÓRIO),CONSULTA REGULADA,MASTOLOGIA,Ativo,Quarta,1970-01-01 15:30:00.000,Tarde,Ativo,1
444,E. A. C. ,ONCOLOGIA (AMBULATÓRIO),INTERCONSULTA,MASTOLOGIA,Ativo,Quarta,1970-01-01 07:00:00.000,Manhã,Ativo,1
444,E. A. C. ,ONCOLOGIA (AMBULATÓRIO),RETORNO,MASTOLOGIA,Ativo,Quarta,1970-01-01 07:00:00.000,Manhã,Ativo,6
446,T. T. D. S. ,GINECOLOGIA (AMBULATÓRIO),RETORNO,GINECOLOGIA - DST,Inativo,Quinta,1970-01-01 07:00:00.000,Manhã,Ativo,4
446,T. T. D. S. ,GINECOLOGIA (AMBULATÓRIO),INTERCONSULTA,GINECOLOGIA - DST,Inativo,Quinta,1970-01-01 07:00:00.000,Manhã,Ativo,2
447,I. M. G. ,GINECOLOGIA (AMBULATÓRIO),INTERCONSULTA,GINECOLOGIA - ONCO,Ativo,Quarta,1970-01-01 13:00:00.000,Tarde,Ativo,2
447,I. M. G. ,GINECOLOGIA (AMBULATÓRIO),RETORNO,GINECOLOGIA - ONCO,Ativo,Quarta,1970-01-01 13:00:00.000,Tarde,Ativo,8
448,C. B. L. R. ,GINECOLOGIA (AMBULATÓRIO),RETORNO,GINECOLOGIA - REVISÃO CIRÚRGICA,Inativo,Quinta,1970-01-01 13:00:00.000,Tarde,Inativo,10
450,F. G. D. S. S. ,ONCOLOGIA (AMBULATÓRIO),INTERCONSULTA,MASTOLOGIA,Ativo,Segunda,1970-01-01 07:00:00.000,Manhã,Ativo,2
450,F. G. D. S. S. ,ONCOLOGIA (AMBULATÓRIO),RETORNO,MASTOLOGIA,Ativo,Segunda,1970-01-01 07:00:00.000,Manhã,Ativo,10
450,F. G. D. S. S. ,ONCOLOGIA (AMBULATÓRIO),RETORNO,MASTOLOGIA,Ativo,Quarta,1970-01-01 07:00:00.000,Manhã,Ativo,10
450,F. G. D. S. S. ,ONCOLOGIA (AMBULATÓRIO),INTERCONSULTA,MASTOLOGIA,Ativo,Quarta,1970-01-01 07:00:00.000,Manhã,Ativo,2
452,R. C. D. R. B. ,GINECOLOGIA (AMBULATÓRIO),INTERCONSULTA,GINECOLOGIA - INFANTO-PUBERAL,Ativo,Segunda,1970-01-01 07:00:00.000,Manhã,Ativo,2
452,R. C. D. R. B. ,GINECOLOGIA (AMBULATÓRIO),RETORNO,GINECOLOGIA - INFANTO-PUBERAL,Ativo,Segunda,1970-01-01 07:00:00.000,Manhã,Ativo,4
454,E. J. C. L. ,GINECOLOGIA (AMBULATÓRIO),RETORNO,GINECOLOGIA - ESTERILIDADE,Inativo,Terça,1970-01-01 07:00:00.000,Manhã,Ativo,8
454,E. J. C. L. ,GINECOLOGIA (AMBULATÓRIO),INTERCONSULTA,GINECOLOGIA - ESTERILIDADE,Inativo,Terça,1970-01-01 07:00:00.000,Manhã,Ativo,4
455,C. B. L. R. ,GINECOLOGIA (AMBULATÓRIO),RETORNO,GINECOLOGIA - PLANEJAMENTO FAMILIAR,Ativo,Quinta,1970-01-01 13:00:00.000,Tarde,Ativo,14
456,E. J. C. L. ,GINECOLOGIA (AMBULATÓRIO),RETORNO,GINECOLOGIA - ENDOCRINO,Inativo,Terça,1970-01-01 13:00:00.000,Tarde,Ativo,8
456,E. J. C. L. ,GINECOLOGIA (AMBULATÓRIO),INTERCONSULTA,GINECOLOGIA - ENDOCRINO,Inativo,Terça,1970-01-01 13:00:00.000,Tarde,Ativo,4
458,M. M. V. G. ,ONCOLOGIA (AMBULATÓRIO),RETORNO,ONCOLOGIA - GERIATRIA,Ativo,Segunda,1970-01-01 13:00:00.000,Tarde,Ativo,10
458,M. M. V. G. ,ONCOLOGIA (AMBULATÓRIO),INTERCONSULTA,ONCOLOGIA - GERIATRIA,Ativo,Segunda,1970-01-01 13:00:00.000,Tarde,Ativo,2
462,E. S. C. ,ONCOLOGIA (AMBULATÓRIO),INTERCONSULTA,ONCOLOGIA CLINICA,Ativo,Quarta,1970-01-01 07:00:00.000,Manhã,Ativo,2
462,E. S. C. ,ONCOLOGIA (AMBULATÓRIO),RETORNO,ONCOLOGIA CLINICA,Ativo,Quarta,1970-01-01 07:00:00.000,Manhã,Ativo,10
464,G. M. L. ,ONCOLOGIA (AMBULATÓRIO),RETORNO,ONCOLOGIA CLINICA,Inativo,Quinta,1970-01-01 07:00:00.000,Manhã,Ativo,17
464,G. M. L. ,ONCOLOGIA (AMBULATÓRIO),INTERCONSULTA,ONCOLOGIA CLINICA,Inativo,Quinta,1970-01-01 07:00:00.000,Manhã,Ativo,3
466,G. M. L. ,ONCOLOGIA (AMBULATÓRIO),RETORNO,ONCOLOGIA CLINICA,Inativo,Segunda,1970-01-01 13:00:00.000,Tarde,Inativo,36
468,E. P. D. M. ,ONCOLOGIA (AMBULATÓRIO),,ENFERMAGEM - ONCOLOGIA,Inativo,,,,,
472,Z. R. F. D. M. ,NEFROLOGIA (AMBULATÓRIO),INTERCONSULTA,NEFROLOGIA,Inativo,Quinta,1970-01-01 07:00:00.000,Manhã,Inativo,1
472,Z. R. F. D. M. ,NEFROLOGIA (AMBULATÓRIO),CONSULTA REGULADA,NEFROLOGIA,Inativo,Quinta,1970-01-01 07:00:00.000,Manhã,Inativo,1
474,J. C. D. A. L. S. ,NEFROLOGIA (AMBULATÓRIO),,NEFROLOGIA,Inativo,,,,,
476,M. M. C. D. ,NEFROLOGIA (AMBULATÓRIO),CONSULTA REGULADA,NEFROLOGIA,Ativo,Quinta,1970-01-01 15:30:00.000,Tarde,Ativo,1
476,M. M. C. D. ,NEFROLOGIA (AMBULATÓRIO),INTERCONSULTA,NEFROLOGIA,Ativo,Quinta,1970-01-01 13:00:00.000,Tarde,Ativo,1
476,M. M. C. D. ,NEFROLOGIA (AMBULATÓRIO),RETORNO,NEFROLOGIA,Ativo,Quinta,1970-01-01 13:00:00.000,Tarde,Ativo,8
478,L. H. B. C. S. ,NEFROLOGIA (AMBULATÓRIO),RETORNO,NEFROLOGIA,Inativo,Quinta,1970-01-01 13:00:00.000,Tarde,Inativo,8
478,L. H. B. C. S. ,NEFROLOGIA (AMBULATÓRIO),CONSULTA REGULADA,NEFROLOGIA,Inativo,Quinta,1970-01-01 15:30:00.000,Tarde,Inativo,1
479,L. G. D. F. A. ,NEFROLOGIA (AMBULATÓRIO),CONSULTA REGULADA,NEFROLOGIA,Inativo,Quarta,1970-01-01 07:00:00.000,Manhã,Inativo,1
479,L. G. D. F. A. ,NEFROLOGIA (AMBULATÓRIO),INTERCONSULTA,NEFROLOGIA,Inativo,Quinta,1970-01-01 07:00:00.000,Manhã,Inativo,1
480,M. E. D. O. ,ONCOLOGIA (AMBULATÓRIO),RETORNO,ONCOLOGIA - PULSOTERAPIA,Inativo,Quarta,1970-01-01 07:00:00.000,Manhã,Inativo,15
482,D. B. C. C. ,NEFROLOGIA (AMBULATÓRIO),CONSULTA REGULADA,NEFROLOGIA,Inativo,Terça,1970-01-01 07:00:00.000,Manhã,Inativo,1
482,D. B. C. C. ,NEFROLOGIA (AMBULATÓRIO),INTERCONSULTA,NEFROLOGIA,Inativo,Quinta,1970-01-01 07:00:00.000,Manhã,Inativo,1
483,L. M. V. ,NEFROLOGIA (AMBULATÓRIO),RETORNO,NEFROLOGIA - GLOMERULONEFRITE,Inativo,Segunda,1970-01-01 13:00:00.000,Tarde,Ativo,8
484,L. N. V. D. M. ,ONCOLOGIA (AMBULATÓRIO),INTERCONSULTA,ONCOLOGIA CLINICA,Inativo,Segunda,1970-01-01 07:00:00.000,Manhã,Inativo,2
484,L. N. V. D. M. ,ONCOLOGIA (AMBULATÓRIO),RETORNO,ONCOLOGIA CLINICA,Inativo,Segunda,1970-01-01 07:00:00.000,Manhã,Inativo,10
484,L. N. V. D. M. ,ONCOLOGIA (AMBULATÓRIO),INTERCONSULTA,ONCOLOGIA CLINICA,Inativo,Terça,1970-01-01 07:00:00.000,Manhã,Inativo,3
484,L. N. V. D. M. ,ONCOLOGIA (AMBULATÓRIO),RETORNO,ONCOLOGIA CLINICA,Inativo,Terça,1970-01-01 07:00:00.000,Manhã,Inativo,10
484,L. N. V. D. M. ,ONCOLOGIA (AMBULATÓRIO),INTERCONSULTA,ONCOLOGIA CLINICA,Inativo,Sexta,1970-01-01 13:00:00.000,Tarde,Inativo,3
484,L. N. V. D. M. ,ONCOLOGIA (AMBULATÓRIO),RETORNO,ONCOLOGIA CLINICA,Inativo,Sexta,1970-01-01 13:00:00.000,Tarde,Inativo,10
485,L. A. R. M. J. ,ONCOLOGIA (AMBULATÓRIO),,ONCOLOGIA CLINICA,Inativo,,,,,
486,A. G. C. A. ,NEUROLOGIA (AMBULATÓRIO),RETORNO,NEUROLOGIA,Inativo,Segunda,1970-01-01 07:00:00.000,Manhã,Inativo,6
486,A. G. C. A. ,NEUROLOGIA (AMBULATÓRIO),INTERCONSULTA,NEUROLOGIA,Inativo,Segunda,1970-01-01 07:00:00.000,Manhã,Inativo,4
486,A. G. C. A. ,NEUROLOGIA (AMBULATÓRIO),CONSULTA REGULADA,NEUROLOGIA,Inativo,Segunda,1970-01-01 07:00:00.000,Manhã,Inativo,2
488,M. A. G. D. M. C. ,NEFROLOGIA (AMBULATÓRIO),,NEFROLOGIA - GLOMERULONEFRITE,Inativo,,,,,
489,D. M. D. N. C. ,NEFROLOGIA (AMBULATÓRIO),RETORNO,NEFROLOGIA - GLOMERULONEFRITE,Ativo,Segunda,1970-01-01 13:00:00.000,Tarde,Ativo,9
490,J. L. D. M. C. I. ,NEUROLOGIA (AMBULATÓRIO),RETORNO,NEUROLOGIA,Ativo,Quarta,1970-01-01 07:00:00.000,Manhã,Ativo,10
490,J. L. D. M. C. I. ,NEUROLOGIA (AMBULATÓRIO),INTERCONSULTA,NEUROLOGIA,Ativo,Quinta,1970-01-01 13:00:00.000,Tarde,Ativo,1
490,J. L. D. M. C. I. ,NEUROLOGIA (AMBULATÓRIO),CONSULTA REGULADA,NEUROLOGIA,Ativo,Quinta,1970-01-01 15:30:00.000,Tarde,Inativo,1
490,J. L. D. M. C. I. ,NEUROLOGIA (AMBULATÓRIO),RETORNO,NEUROLOGIA,Ativo,Quinta,1970-01-01 13:00:00.000,Tarde,Ativo,13
491,R. C. A. D. L. ,ONCOLOGIA (AMBULATÓRIO),INTERCONSULTA,ONCOLOGIA CLINICA,Inativo,Segunda,1970-01-01 13:00:00.000,Tarde,Ativo,3
491,R. C. A. D. L. ,ONCOLOGIA (AMBULATÓRIO),RETORNO,ONCOLOGIA CLINICA,Inativo,Segunda,1970-01-01 13:00:00.000,Tarde,Ativo,10
491,R. C. A. D. L. ,ONCOLOGIA (AMBULATÓRIO),RETORNO,ONCOLOGIA CLINICA,Inativo,Quarta,1970-01-01 13:00:00.000,Tarde,Ativo,10
491,R. C. A. D. L. ,ONCOLOGIA (AMBULATÓRIO),INTERCONSULTA,ONCOLOGIA CLINICA,Inativo,Quarta,1970-01-01 13:00:00.000,Tarde,Ativo,3
492,C. B. L. D. O. ,NEFROLOGIA (AMBULATÓRIO),RETORNO,NEFROLOGIA - GLOMERULONEFRITE,Ativo,Segunda,1970-01-01 13:00:00.000,Tarde,Ativo,9
492,C. B. L. D. O. ,NEFROLOGIA (AMBULATÓRIO),CONSULTA REGULADA,NEFROLOGIA - GLOMERULONEFRITE,Ativo,Segunda,1970-01-01 15:30:00.000,Tarde,Ativo,1
494,A. J. P. M. ,NEUROLOGIA (AMBULATÓRIO),RETORNO,NEUROLOGIA,Ativo,Quinta,1970-01-01 13:00:00.000,Tarde,Ativo,7
494,A. J. P. M. ,NEUROLOGIA (AMBULATÓRIO),CONSULTA REGULADA,NEUROLOGIA,Ativo,Quinta,1970-01-01 15:30:00.000,Tarde,Ativo,3
495,E. S. D. M. ,NEUROLOGIA (AMBULATÓRIO),CONSULTA REGULADA,NEUROLOGIA,Inativo,Sexta,1970-01-01 10:00:00.000,Manhã,Ativo,1
495,E. S. D. M. ,NEUROLOGIA (AMBULATÓRIO),INTERCONSULTA,NEUROLOGIA,Inativo,Sexta,1970-01-01 07:00:00.000,Manhã,Ativo,1
495,E. S. D. M. ,NEUROLOGIA (AMBULATÓRIO),RETORNO,NEUROLOGIA,Inativo,Sexta,1970-01-01 07:00:00.000,Manhã,Ativo,2
496,M. E. R. B. ,NEUROLOGIA (AMBULATÓRIO),CONSULTA REGULADA,NEUROLOGIA,Inativo,Quinta,1970-01-01 10:00:00.000,Manhã,Inativo,1
496,M. E. R. B. ,NEUROLOGIA (AMBULATÓRIO),RETORNO,NEUROLOGIA,Inativo,Quinta,1970-01-01 07:00:00.000,Manhã,Inativo,8
496,M. E. R. B. ,NEUROLOGIA (AMBULATÓRIO),INTERCONSULTA,NEUROLOGIA,Inativo,Quinta,1970-01-01 07:00:00.000,Manhã,Inativo,1
498,L. M. V. ,NEFROLOGIA (AMBULATÓRIO),RETORNO,NEFROLOGIA - IRC,Inativo,Terça,1970-01-01 13:00:00.000,Tarde,Inativo,10
499,G. J. D. A. ,NEFROLOGIA (AMBULATÓRIO),RETORNO,NEFROLOGIA - IRC,Ativo,Terça,1970-01-01 13:00:00.000,Tarde,Ativo,9
500,A. C. D. S. M. P. ,ONCOLOGIA (AMBULATÓRIO),INTERCONSULTA,ONCOLOGIA CLINICA,Ativo,Segunda,1970-01-01 13:00:00.000,Tarde,Ativo,3
500,A. C. D. S. M. P. ,ONCOLOGIA (AMBULATÓRIO),RETORNO,ONCOLOGIA CLINICA,Ativo,Segunda,1970-01-01 13:00:00.000,Tarde,Ativo,10
501,A. G. C. A. ,NEUROLOGIA (AMBULATÓRIO),INTERCONSULTA,NEUROLOGIA - PARKINSON,Inativo,Quarta,1970-01-01 07:00:00.000,Manhã,Inativo,2
501,A. G. C. A. ,NEUROLOGIA (AMBULATÓRIO),RETORNO,NEUROLOGIA - PARKINSON,Inativo,Quarta,1970-01-01 07:00:00.000,Manhã,Inativo,12
501,A. G. C. A. ,NEUROLOGIA (AMBULATÓRIO),RETORNO,NEUROLOGIA - PARKINSON,Inativo,Sexta,1970-01-01 07:00:00.000,Manhã,Inativo,12
502,D. M. D. N. C. ,NEFROLOGIA (AMBULATÓRIO),RETORNO,NEFROLOGIA - IRC,Ativo,Terça,1970-01-01 13:00:00.000,Tarde,Ativo,9
504,V. B. C. C. ,PSIQUIATRIA (AMBULATÓRIO),RETORNO,PSIQUIATRIA - TERAPIA DE FAMILIA E CASAL,Inativo,Segunda,1970-01-01 07:00:00.000,Manhã,Inativo,10
504,V. B. C. C. ,PSIQUIATRIA (AMBULATÓRIO),RETORNO,PSIQUIATRIA - TERAPIA DE FAMILIA E CASAL,Inativo,Terça,1970-01-01 07:00:00.000,Manhã,Inativo,10
504,V. B. C. C. ,PSIQUIATRIA (AMBULATÓRIO),RETORNO,PSIQUIATRIA - TERAPIA DE FAMILIA E CASAL,Inativo,Terça,1970-01-01 13:00:00.000,Tarde,Inativo,10
504,V. B. C. C. ,PSIQUIATRIA (AMBULATÓRIO),RETORNO,PSIQUIATRIA - TERAPIA DE FAMILIA E CASAL,Inativo,Quarta,1970-01-01 07:00:00.000,Manhã,Inativo,10
504,V. B. C. C. ,PSIQUIATRIA (AMBULATÓRIO),RETORNO,PSIQUIATRIA - TERAPIA DE FAMILIA E CASAL,Inativo,Quinta,1970-01-01 07:00:00.000,Manhã,Inativo,10
506,K. C. A. D. L. ,ONCOLOGIA (AMBULATÓRIO),INTERCONSULTA,ONCOLOGIA CLINICA,Inativo,Segunda,1970-01-01 07:00:00.000,Manhã,Inativo,3
506,K. C. A. D. L. ,ONCOLOGIA (AMBULATÓRIO),RETORNO,ONCOLOGIA CLINICA,Inativo,Segunda,1970-01-01 07:00:00.000,Manhã,Inativo,17
506,K. C. A. D. L. ,ONCOLOGIA (AMBULATÓRIO),RETORNO,ONCOLOGIA CLINICA,Inativo,Quinta,1970-01-01 13:00:00.000,Tarde,Inativo,17
506,K. C. A. D. L. ,ONCOLOGIA (AMBULATÓRIO),INTERCONSULTA,ONCOLOGIA CLINICA,Inativo,Quinta,1970-01-01 13:00:00.000,Tarde,Inativo,3
507,G. F. G. A. ,ONCOLOGIA (AMBULATÓRIO),INTERCONSULTA,ONCOLOGIA CLINICA,Inativo,Segunda,1970-01-01 07:00:00.000,Manhã,Ativo,2
507,G. F. G. A. ,ONCOLOGIA (AMBULATÓRIO),RETORNO,ONCOLOGIA CLINICA,Inativo,Segunda,1970-01-01 07:00:00.000,Manhã,Ativo,10
507,G. F. G. A. ,ONCOLOGIA (AMBULATÓRIO),RETORNO,ONCOLOGIA CLINICA,Inativo,Terça,1970-01-01 07:00:00.000,Manhã,Ativo,10
507,G. F. G. A. ,ONCOLOGIA (AMBULATÓRIO),INTERCONSULTA,ONCOLOGIA CLINICA,Inativo,Terça,1970-01-01 07:00:00.000,Manhã,Ativo,2
510,J. L. D. M. C. I. ,NEUROLOGIA (AMBULATÓRIO),RETORNO,NEUROLOGIA - ESCLEROSE MULTIPLA,Ativo,Quarta,1970-01-01 07:00:00.000,Manhã,Ativo,10
510,J. L. D. M. C. I. ,NEUROLOGIA (AMBULATÓRIO),INTERCONSULTA,NEUROLOGIA - ESCLEROSE MULTIPLA,Ativo,Quarta,1970-01-01 07:00:00.000,Manhã,Ativo,2
511,D. C. D. A. G. ,CLÍNICA MÉDICA (AMBULATÓRIO),CONSULTA REGULADA,CLINICA MEDICA,Inativo,Terça,1970-01-01 15:30:00.000,Tarde,Inativo,1
511,D. C. D. A. G. ,CLÍNICA MÉDICA (AMBULATÓRIO),RETORNO,CLINICA MEDICA,Inativo,Terça,1970-01-01 13:00:00.000,Tarde,Inativo,20
511,D. C. D. A. G. ,CLÍNICA MÉDICA (AMBULATÓRIO),INTERCONSULTA,CLINICA MEDICA,Inativo,Terça,1970-01-01 13:00:00.000,Tarde,Inativo,1
512,L. M. V. ,NEFROLOGIA (AMBULATÓRIO),RETORNO,NEFROLOGIA - CAPD,Inativo,Quarta,1970-01-01 07:00:00.000,Manhã,Inativo,4
512,L. M. V. ,NEFROLOGIA (AMBULATÓRIO),RETORNO,NEFROLOGIA - CAPD,Inativo,Sexta,1970-01-01 07:00:00.000,Manhã,Inativo,4
514,A. G. C. A. ,NEUROLOGIA (AMBULATÓRIO),RETORNO,NEUROLOGIA - ESPASTICIDADE,Inativo,Quinta,1970-01-01 07:00:00.000,Manhã,Inativo,10
514,A. G. C. A. ,NEUROLOGIA (AMBULATÓRIO),INTERCONSULTA,NEUROLOGIA - ESPASTICIDADE,Inativo,Quinta,1970-01-01 07:00:00.000,Manhã,Inativo,2
516,N. A. F. ,CLÍNICA MÉDICA (AMBULATÓRIO),CONSULTA REGULADA,CLINICA MEDICA,Ativo,Terça,1970-01-01 15:30:00.000,Tarde,Ativo,2
516,N. A. F. ,CLÍNICA MÉDICA (AMBULATÓRIO),RETORNO,CLINICA MEDICA,Ativo,Terça,1970-01-01 13:00:00.000,Tarde,Ativo,8
517,A. F. D. V. ,CLÍNICA MÉDICA (AMBULATÓRIO),RETORNO,CLINICA MEDICA,Ativo,Terça,1970-01-01 07:30:00.000,Manhã,Ativo,
517,A. F. D. V. ,CLÍNICA MÉDICA (AMBULATÓRIO),INTERCONSULTA,CLINICA MEDICA,Ativo,Terça,1970-01-01 08:30:00.000,Manhã,Ativo,
518,M. P. D. S. ,NEFROLOGIA (AMBULATÓRIO),RETORNO,NEFROLOGIA - NEFROPATIA DIABÉTICA,Ativo,Segunda,1970-01-01 07:00:00.000,Manhã,Ativo,8
520,M. E. D. O. ,ONCOLOGIA (AMBULATÓRIO),INTERCONSULTA,ENFERMAGEM - ONCOLOGIA,Inativo,Segunda,1970-01-01 13:00:00.000,Tarde,Inativo,10
520,M. E. D. O. ,ONCOLOGIA (AMBULATÓRIO),INTERCONSULTA,ENFERMAGEM - ONCOLOGIA,Inativo,Segunda,1970-01-01 07:00:00.000,Manhã,Inativo,5
520,M. E. D. O. ,ONCOLOGIA (AMBULATÓRIO),RETORNO,ENFERMAGEM - ONCOLOGIA,Inativo,Segunda,1970-01-01 13:00:00.000,Tarde,Inativo,20
520,M. E. D. O. ,ONCOLOGIA (AMBULATÓRIO),RETORNO,ENFERMAGEM - ONCOLOGIA,Inativo,Segunda,1970-01-01 07:00:00.000,Manhã,Inativo,35
520,M. E. D. O. ,ONCOLOGIA (AMBULATÓRIO),RETORNO,ENFERMAGEM - ONCOLOGIA,Inativo,Terça,1970-01-01 07:00:00.000,Manhã,Inativo,35
520,M. E. D. O. ,ONCOLOGIA (AMBULATÓRIO),INTERCONSULTA,ENFERMAGEM - ONCOLOGIA,Inativo,Terça,1970-01-01 13:00:00.000,Tarde,Inativo,10
520,M. E. D. O. ,ONCOLOGIA (AMBULATÓRIO),INTERCONSULTA,ENFERMAGEM - ONCOLOGIA,Inativo,Terça,1970-01-01 07:00:00.000,Manhã,Inativo,5
520,M. E. D. O. ,ONCOLOGIA (AMBULATÓRIO),RETORNO,ENFERMAGEM - ONCOLOGIA,Inativo,Terça,1970-01-01 13:00:00.000,Tarde,Inativo,20
520,M. E. D. O. ,ONCOLOGIA (AMBULATÓRIO),INTERCONSULTA,ENFERMAGEM - ONCOLOGIA,Inativo,Quarta,1970-01-01 07:00:00.000,Manhã,Inativo,5
520,M. E. D. O. ,ONCOLOGIA (AMBULATÓRIO),RETORNO,ENFERMAGEM - ONCOLOGIA,Inativo,Quarta,1970-01-01 13:00:00.000,Tarde,Inativo,20
520,M. E. D. O. ,ONCOLOGIA (AMBULATÓRIO),RETORNO,ENFERMAGEM - ONCOLOGIA,Inativo,Quarta,1970-01-01 07:00:00.000,Manhã,Inativo,35
520,M. E. D. O. ,ONCOLOGIA (AMBULATÓRIO),INTERCONSULTA,ENFERMAGEM - ONCOLOGIA,Inativo,Quarta,1970-01-01 13:00:00.000,Tarde,Inativo,10
520,M. E. D. O. ,ONCOLOGIA (AMBULATÓRIO),INTERCONSULTA,ENFERMAGEM - ONCOLOGIA,Inativo,Quinta,1970-01-01 07:00:00.000,Manhã,Inativo,5
520,M. E. D. O. ,ONCOLOGIA (AMBULATÓRIO),RETORNO,ENFERMAGEM - ONCOLOGIA,Inativo,Quinta,1970-01-01 13:00:00.000,Tarde,Inativo,20
520,M. E. D. O. ,ONCOLOGIA (AMBULATÓRIO),INTERCONSULTA,ENFERMAGEM - ONCOLOGIA,Inativo,Quinta,1970-01-01 13:00:00.000,Tarde,Inativo,10
520,M. E. D. O. ,ONCOLOGIA (AMBULATÓRIO),RETORNO,ENFERMAGEM - ONCOLOGIA,Inativo,Quinta,1970-01-01 07:00:00.000,Manhã,Inativo,35
520,M. E. D. O. ,ONCOLOGIA (AMBULATÓRIO),INTERCONSULTA,ENFERMAGEM - ONCOLOGIA,Inativo,Sexta,1970-01-01 13:00:00.000,Tarde,Inativo,10
520,M. E. D. O. ,ONCOLOGIA (AMBULATÓRIO),RETORNO,ENFERMAGEM - ONCOLOGIA,Inativo,Sexta,1970-01-01 13:00:00.000,Tarde,Inativo,20
520,M. E. D. O. ,ONCOLOGIA (AMBULATÓRIO),INTERCONSULTA,ENFERMAGEM - ONCOLOGIA,Inativo,Sexta,1970-01-01 07:00:00.000,Manhã,Inativo,5
520,M. E. D. O. ,ONCOLOGIA (AMBULATÓRIO),RETORNO,ENFERMAGEM - ONCOLOGIA,Inativo,Sexta,1970-01-01 07:00:00.000,Manhã,Inativo,35
521,M. E. R. B. ,NEUROLOGIA (AMBULATÓRIO),RETORNO,NEUROLOGIA - CEFALEIA,Ativo,Sexta,1970-01-01 07:00:00.000,Manhã,Ativo,12
522,M. P. D. S. ,NEFROLOGIA (AMBULATÓRIO),RETORNO,NEFROLOGIA - IRC DIABÉTICA,Ativo,Terça,1970-01-01 13:00:00.000,Tarde,Ativo,8
524,L. P. A. D. A. V. ,NEUROLOGIA (AMBULATÓRIO),RETORNO,NEUROLOGIA - EPILEPSIA,Ativo,Quinta,1970-01-01 07:00:00.000,Manhã,Ativo,10
526,C. M. R. F. ,NEUROLOGIA (AMBULATÓRIO),RETORNO,NEUROLOGIA - DISTURBIOS DOS MOVIMENTOS,Ativo,Segunda,1970-01-01 07:00:00.000,Manhã,Ativo,10
528,A. J. P. M. ,NEUROLOGIA (AMBULATÓRIO),RETORNO,NEUROLOGIA - VASCULAR,Ativo,Terça,1970-01-01 13:00:00.000,Tarde,Ativo,6
528,A. J. P. M. ,NEUROLOGIA (AMBULATÓRIO),CONSULTA REGULADA,NEUROLOGIA - VASCULAR,Ativo,Terça,1970-01-01 15:30:00.000,Tarde,Ativo,4
529,E. H. M. D. L. ,CLÍNICA MÉDICA (AMBULATÓRIO),CONSULTA REGULADA,CLINICA MEDICA,Inativo,Segunda,1970-01-01 15:30:00.000,Tarde,Inativo,1
529,E. H. M. D. L. ,CLÍNICA MÉDICA (AMBULATÓRIO),INTERCONSULTA,CLINICA MEDICA,Inativo,Segunda,1970-01-01 13:00:00.000,Tarde,Inativo,1
529,E. H. M. D. L. ,CLÍNICA MÉDICA (AMBULATÓRIO),RETORNO,CLINICA MEDICA,Inativo,Segunda,1970-01-01 13:00:00.000,Tarde,Inativo,20
530,E. S. D. M. ,NEUROLOGIA (AMBULATÓRIO),RETORNO,NEUROLOGIA - VASCULAR,Ativo,Quarta,1970-01-01 07:00:00.000,Manhã,Ativo,4
531,J. C. M. D. A. D. S. M. ,CLÍNICA MÉDICA (AMBULATÓRIO),RETORNO,CLINICA MEDICA,Inativo,Segunda,1970-01-01 13:00:00.000,Tarde,Inativo,20
531,J. C. M. D. A. D. S. M. ,CLÍNICA MÉDICA (AMBULATÓRIO),INTERCONSULTA,CLINICA MEDICA,Inativo,Segunda,1970-01-01 13:00:00.000,Tarde,Inativo,1
531,J. C. M. D. A. D. S. M. ,CLÍNICA MÉDICA (AMBULATÓRIO),CONSULTA REGULADA,CLINICA MEDICA,Inativo,Segunda,1970-01-01 15:30:00.000,Tarde,Inativo,1
532,M. E. R. B. ,NEUROLOGIA (AMBULATÓRIO),RETORNO,NEUROLOGIA -ATAXIA,Ativo,Segunda,1970-01-01 07:00:00.000,Manhã,Ativo,12
534,J. E. D. B. G. ,NEFROLOGIA (AMBULATÓRIO),RETORNO,NEFROLOGIA - DOENÇA MINERAL ÓSSEA,Ativo,Quarta,1970-01-01 13:00:00.000,Tarde,Ativo,8
534,J. E. D. B. G. ,NEFROLOGIA (AMBULATÓRIO),CONSULTA REGULADA,NEFROLOGIA - DOENÇA MINERAL ÓSSEA,Ativo,Quarta,1970-01-01 15:30:00.000,Tarde,Ativo,1
538,P. S. D. B. ,ONCOLOGIA (AMBULATÓRIO),,ENFERMAGEM - ONCOLOGIA,Inativo,,,,,
539,A. M. D. D. A. ,NEUROLOGIA (AMBULATÓRIO),INTERCONSULTA,NEUROCIRURGIA - FUNCIONAL,Ativo,Quarta,1970-01-01 07:00:00.000,Manhã,Ativo,4
539,A. M. D. D. A. ,NEUROLOGIA (AMBULATÓRIO),RETORNO,NEUROCIRURGIA - FUNCIONAL,Ativo,Quarta,1970-01-01 07:00:00.000,Manhã,Ativo,8
540,J. M. D. S. ,ONCOLOGIA (AMBULATÓRIO),,SERVICO SOCIAL - ONCOLOGIA,Inativo,,,,,
542,J. C. D. S. J. ,NEUROLOGIA (AMBULATÓRIO),RETORNO,NEUROCIRURGIA,Ativo,Quarta,1970-01-01 07:00:00.000,Manhã,Ativo,8
542,J. C. D. S. J. ,NEUROLOGIA (AMBULATÓRIO),CONSULTA REGULADA,NEUROCIRURGIA,Ativo,Quarta,1970-01-01 10:00:00.000,Manhã,Ativo,2
542,J. C. D. S. J. ,NEUROLOGIA (AMBULATÓRIO),INTERCONSULTA,NEUROCIRURGIA,Ativo,Quarta,1970-01-01 07:00:00.000,Manhã,Ativo,2
544,L. F. C. ,NEUROLOGIA (AMBULATÓRIO),CONSULTA REGULADA,NEUROCIRURGIA,Ativo,Terça,1970-01-01 10:00:00.000,Manhã,Ativo,2
544,L. F. C. ,NEUROLOGIA (AMBULATÓRIO),INTERCONSULTA,NEUROCIRURGIA,Ativo,Terça,1970-01-01 07:00:00.000,Manhã,Ativo,2
544,L. F. C. ,NEUROLOGIA (AMBULATÓRIO),RETORNO,NEUROCIRURGIA,Ativo,Terça,1970-01-01 07:00:00.000,Manhã,Ativo,8
546,A. C. D. C. ,ONCOLOGIA (AMBULATÓRIO),INTERCONSULTA,CIRURGIA ONCOLOGICA,Ativo,Segunda,1970-01-01 12:00:00.000,Tarde,Ativo,5
546,A. C. D. C. ,ONCOLOGIA (AMBULATÓRIO),RETORNO,CIRURGIA ONCOLOGICA,Ativo,Segunda,1970-01-01 12:00:00.000,Tarde,Ativo,10
546,A. C. D. C. ,ONCOLOGIA (AMBULATÓRIO),RETORNO,CIRURGIA ONCOLOGICA,Ativo,Quarta,1970-01-01 07:00:00.000,Manhã,Ativo,10
546,A. C. D. C. ,ONCOLOGIA (AMBULATÓRIO),INTERCONSULTA,CIRURGIA ONCOLOGICA,Ativo,Quarta,1970-01-01 07:00:00.000,Manhã,Ativo,5
546,A. C. D. C. ,ONCOLOGIA (AMBULATÓRIO),RETORNO,CIRURGIA ONCOLOGICA,Ativo,Quinta,1970-01-01 07:00:00.000,Manhã,Ativo,10
546,A. C. D. C. ,ONCOLOGIA (AMBULATÓRIO),INTERCONSULTA,CIRURGIA ONCOLOGICA,Ativo,Quinta,1970-01-01 07:00:00.000,Manhã,Ativo,5
548,V. L. D. M. P. ,NEFROLOGIA (AMBULATÓRIO),,ENFERMAGEM - NEFRO,Inativo,,,,,
550,M. M. V. G. ,GERIATRIA (AMBULATORIO),RETORNO,GERIATRIA,Ativo,Quarta,1970-01-01 13:00:00.000,Tarde,Ativo,5
550,M. M. V. G. ,GERIATRIA (AMBULATORIO),CONSULTA REGULADA,GERIATRIA,Ativo,Quarta,1970-01-01 15:30:00.000,Tarde,Ativo,1
552,I. M. G. ,ONCOLOGIA (AMBULATÓRIO),RETORNO,CIRURGIA ONCOLOGICA,Ativo,Quinta,1970-01-01 13:00:00.000,Tarde,Ativo,10
552,I. M. G. ,ONCOLOGIA (AMBULATÓRIO),INTERCONSULTA,CIRURGIA ONCOLOGICA,Ativo,Quinta,1970-01-01 13:00:00.000,Tarde,Ativo,3
554,D. C. D. A. G. ,GERIATRIA (AMBULATORIO),RETORNO,GERIATRIA,Inativo,Terça,1970-01-01 07:00:00.000,Manhã,Inativo,8
556,E. A. P. D. F. ,GERIATRIA (AMBULATORIO),RETORNO,GERIATRIA,Ativo,Sexta,1970-01-01 07:00:00.000,Manhã,Ativo,5
556,E. A. P. D. F. ,GERIATRIA (AMBULATORIO),INTERCONSULTA,GERIATRIA,Ativo,Sexta,1970-01-01 07:00:00.000,Manhã,Ativo,1
558,E. J. C. L. ,GINECOLOGIA (AMBULATÓRIO),INTERCONSULTA,GINECOLOGIA - TRIAGEM,Ativo,Segunda,1970-01-01 07:00:00.000,Manhã,Ativo,4
558,E. J. C. L. ,GINECOLOGIA (AMBULATÓRIO),CONSULTA REGULADA,GINECOLOGIA - TRIAGEM,Ativo,Segunda,1970-01-01 10:00:00.000,Manhã,Ativo,4
559,R. C. M. D. S. ,PSIQUIATRIA (AMBULATÓRIO),RETORNO,PSIQUIATRIA - GERIATRIA,Ativo,Segunda,1970-01-01 07:00:00.000,Manhã,Ativo,10
559,R. C. M. D. S. ,PSIQUIATRIA (AMBULATÓRIO),RETORNO,PSIQUIATRIA - GERIATRIA,Ativo,Quinta,1970-01-01 13:00:00.000,Tarde,Ativo,10
560,C. B. L. R. ,GINECOLOGIA (AMBULATÓRIO),INTERCONSULTA,GINECOLOGIA - TRIAGEM,Inativo,Quinta,1970-01-01 07:00:00.000,Manhã,Ativo,2
560,C. B. L. R. ,GINECOLOGIA (AMBULATÓRIO),RETORNO,GINECOLOGIA - TRIAGEM,Inativo,Quinta,1970-01-01 07:00:00.000,Manhã,Ativo,4
562,A. B. M. L. D. A. T. ,GINECOLOGIA (AMBULATÓRIO),CONSULTA REGULADA,GINECOLOGIA - TRIAGEM,Inativo,Terça,1970-01-01 07:00:00.000,Manhã,Inativo,2
562,A. B. M. L. D. A. T. ,GINECOLOGIA (AMBULATÓRIO),RETORNO,GINECOLOGIA - TRIAGEM,Inativo,Terça,1970-01-01 07:00:00.000,Manhã,Inativo,8
562,A. B. M. L. D. A. T. ,GINECOLOGIA (AMBULATÓRIO),INTERCONSULTA,GINECOLOGIA - TRIAGEM,Inativo,Terça,1970-01-01 07:00:00.000,Manhã,Inativo,2
562,A. B. M. L. D. A. T. ,GINECOLOGIA (AMBULATÓRIO),RETORNO,GINECOLOGIA - TRIAGEM,Inativo,Sexta,1970-01-01 07:00:00.000,Manhã,Inativo,6
564,L. A. M. ,GINECOLOGIA (AMBULATÓRIO),INTERCONSULTA,ENFERMAGEM - PLANEJAMENTO FAMILIAR (PALESTRA),Ativo,Terça,1970-01-01 07:00:00.000,Manhã,Ativo,2
564,L. A. M. ,GINECOLOGIA (AMBULATÓRIO),CONSULTA REGULADA,ENFERMAGEM - PLANEJAMENTO FAMILIAR (PALESTRA),Ativo,Terça,1970-01-01 15:30:00.000,Tarde,Ativo,4
564,L. A. M. ,GINECOLOGIA (AMBULATÓRIO),CONSULTA REGULADA,ENFERMAGEM - PLANEJAMENTO FAMILIAR (PALESTRA),Ativo,Terça,1970-01-01 10:00:00.000,Manhã,Ativo,4
564,L. A. M. ,GINECOLOGIA (AMBULATÓRIO),RETORNO,ENFERMAGEM - PLANEJAMENTO FAMILIAR (PALESTRA),Ativo,Terça,1970-01-01 13:00:00.000,Tarde,Ativo,4
564,L. A. M. ,GINECOLOGIA (AMBULATÓRIO),RETORNO,ENFERMAGEM - PLANEJAMENTO FAMILIAR (PALESTRA),Ativo,Terça,1970-01-01 07:00:00.000,Manhã,Ativo,1
565,J. B. D. J. ,PSIQUIATRIA (AMBULATÓRIO),RETORNO,PSIQUIATRIA - TRANSTORNO DE PERSONALIDADE,Ativo,Segunda,1970-01-01 13:00:00.000,Tarde,Ativo,10
568,A. P. S. G. ,NEFROLOGIA (AMBULATÓRIO),RETORNO,NEFROLOGIA,Inativo,Quinta,1970-01-01 07:00:00.000,Manhã,Inativo,4
570,J. D. O. B. J. ,TRANSPLANTE (AMBULATÓRIO),RETORNO,TRANSPLANTE RENAL,Ativo,Terça,1970-01-01 07:00:00.000,Manhã,Ativo,5
571,Z. R. F. D. M. ,TRANSPLANTE (AMBULATÓRIO),RETORNO,TRANSPLANTE RENAL,Ativo,Terça,1970-01-01 07:00:00.000,Manhã,Ativo,5
571,Z. R. F. D. M. ,TRANSPLANTE (AMBULATÓRIO),RETORNO,TRANSPLANTE RENAL,Ativo,Quinta,1970-01-01 07:00:00.000,Manhã,Ativo,5
572,A. P. X. D. L. ,NEFROLOGIA (AMBULATÓRIO),RETORNO,NEFROLOGIA,Ativo,Quinta,1970-01-01 13:00:00.000,Tarde,Ativo,8
572,A. P. X. D. L. ,NEFROLOGIA (AMBULATÓRIO),CONSULTA REGULADA,NEFROLOGIA,Ativo,Quinta,1970-01-01 15:30:00.000,Tarde,Ativo,2
574,S. L. C. ,GERIATRIA (AMBULATORIO),RETORNO,ENFERMAGEM - GERIATRIA,Ativo,Terça,1970-01-01 07:00:00.000,Manhã,Ativo,4
574,S. L. C. ,GERIATRIA (AMBULATORIO),RETORNO,ENFERMAGEM - GERIATRIA,Ativo,Sexta,1970-01-01 07:00:00.000,Manhã,Ativo,4
575,F. C. D. A. ,TRANSPLANTE (AMBULATÓRIO),TELEATENDIMENTO,TRANSPLANTE RENAL,Ativo,Segunda,1970-01-01 10:00:00.000,Manhã,Ativo,4
575,F. C. D. A. ,TRANSPLANTE (AMBULATÓRIO),RETORNO,TRANSPLANTE RENAL,Ativo,Terça,1970-01-01 07:00:00.000,Manhã,Inativo,4
575,F. C. D. A. ,TRANSPLANTE (AMBULATÓRIO),RETORNO,TRANSPLANTE RENAL,Ativo,Quinta,1970-01-01 07:00:00.000,Manhã,Inativo,10
575,F. C. D. A. ,TRANSPLANTE (AMBULATÓRIO),TELEATENDIMENTO,TRANSPLANTE RENAL,Ativo,Quinta,1970-01-01 13:00:00.000,Tarde,Ativo,10
575,F. C. D. A. ,TRANSPLANTE (AMBULATÓRIO),TELEATENDIMENTO,TRANSPLANTE RENAL,Ativo,Quinta,1970-01-01 08:45:00.000,Manhã,Ativo,10
577,M. M. C. D. ,TRANSPLANTE (AMBULATÓRIO),RETORNO,TRANSPLANTE RENAL,Ativo,Quinta,1970-01-01 07:00:00.000,Manhã,Ativo,5
578,L. G. D. F. A. ,TRANSPLANTE (AMBULATÓRIO),RETORNO,TRANSPLANTE RENAL,Inativo,Quarta,1970-01-01 07:00:00.000,Manhã,Inativo,5
578,L. G. D. F. A. ,TRANSPLANTE (AMBULATÓRIO),RETORNO,TRANSPLANTE RENAL,Inativo,Quinta,1970-01-01 07:00:00.000,Manhã,Inativo,4
579,M. L. C. D. ,GERIATRIA (AMBULATORIO),INTERCONSULTA,GERIATRIA - TRIAGEM,Inativo,Quinta,1970-01-01 07:00:00.000,Manhã,Ativo,4
580,D. B. C. C. ,TRANSPLANTE (AMBULATÓRIO),RETORNO,TRANSPLANTE RENAL,Ativo,Terça,1970-01-01 07:00:00.000,Manhã,Ativo,5
580,D. B. C. C. ,TRANSPLANTE (AMBULATÓRIO),RETORNO,TRANSPLANTE RENAL,Ativo,Quinta,1970-01-01 07:00:00.000,Manhã,Ativo,5
581,L. M. D. C. ,GINECOLOGIA (AMBULATÓRIO),RETORNO,GINECOLOGIA - HISTEROSCOPIA CIRÚRGICA,Inativo,Terça,1970-01-01 13:00:00.000,Tarde,Inativo,5
582,H. M. D. A. M. ,GERIATRIA (AMBULATORIO),INTERCONSULTA,GERIATRIA - TRIAGEM,Inativo,Sexta,1970-01-01 09:00:00.000,Manhã,Ativo,4
583,I. D. F. P. D. A. ,PSIQUIATRIA (AMBULATÓRIO),RETORNO,PSIQUIATRIA - 1º EPISODIO PSICOTICO,Ativo,Terça,1970-01-01 13:00:00.000,Tarde,Ativo,5
584,M. M. D. A. ,GINECOLOGIA (AMBULATÓRIO),RETORNO,GINECOLOGIA - LAPAROSCOPIA,Ativo,Sexta,1970-01-01 07:00:00.000,Manhã,Ativo,8
587,L. A. M. ,GINECOLOGIA (AMBULATÓRIO),RETORNO,ENFERMAGEM - GINECO - HISTEROSC. DIAGNÓSTICA,Inativo,Terça,1970-01-01 13:00:00.000,Tarde,Inativo,10
587,L. A. M. ,GINECOLOGIA (AMBULATÓRIO),INTERCONSULTA,ENFERMAGEM - GINECO - HISTEROSC. DIAGNÓSTICA,Inativo,Terça,1970-01-01 13:00:00.000,Tarde,Inativo,2
588,M. S. C. D. ,GINECOLOGIA (AMBULATÓRIO),RETORNO,GINECOLOGIA - DISFUNÇÃO DO ASSOALHO PÉLVICO,Inativo,Segunda,1970-01-01 13:00:00.000,Tarde,Ativo,6
588,M. S. C. D. ,GINECOLOGIA (AMBULATÓRIO),INTERCONSULTA,GINECOLOGIA - DISFUNÇÃO DO ASSOALHO PÉLVICO,Inativo,Segunda,1970-01-01 13:00:00.000,Tarde,Ativo,2
588,M. S. C. D. ,GINECOLOGIA (AMBULATÓRIO),RETORNO,GINECOLOGIA - DISFUNÇÃO DO ASSOALHO PÉLVICO,Inativo,Quarta,1970-01-01 07:00:00.000,Manhã,Ativo,6
588,M. S. C. D. ,GINECOLOGIA (AMBULATÓRIO),INTERCONSULTA,GINECOLOGIA - DISFUNÇÃO DO ASSOALHO PÉLVICO,Inativo,Quarta,1970-01-01 07:00:00.000,Manhã,Ativo,2
590,J. E. D. B. G. ,TRANSPLANTE (AMBULATÓRIO),RETORNO,TRANSPLANTE RENAL - DOENÇA MINERAL ÓSSEA,Inativo,Terça,1970-01-01 07:00:00.000,Manhã,Ativo,6
591,T. T. D. S. ,GINECOLOGIA (AMBULATÓRIO),,GINECOLOGIA (RESIDENTES),Inativo,,,,,
592,V. L. D. M. P. ,TRANSPLANTE (AMBULATÓRIO),RETORNO,ENFERMAGEM - TRANSPLANTE RENAL,Inativo,Terça,1970-01-01 07:00:00.000,Manhã,Ativo,8
592,V. L. D. M. P. ,TRANSPLANTE (AMBULATÓRIO),RETORNO,ENFERMAGEM - TRANSPLANTE RENAL,Inativo,Quarta,1970-01-01 07:00:00.000,Manhã,Ativo,8
592,V. L. D. M. P. ,TRANSPLANTE (AMBULATÓRIO),RETORNO,ENFERMAGEM - TRANSPLANTE RENAL,Inativo,Quinta,1970-01-01 07:00:00.000,Manhã,Ativo,8
593,E. J. C. L. ,GINECOLOGIA (AMBULATÓRIO),RETORNO,GINECOLOGIA (RESIDENTES),Inativo,Segunda,1970-01-01 13:00:00.000,Tarde,Ativo,8
595,R. C. D. R. B. ,GINECOLOGIA (AMBULATÓRIO),RETORNO,GINECOLOGIA (RESIDENTES),Inativo,Terça,1970-01-01 13:00:00.000,Tarde,Inativo,8
596,E. M. E. ,PSIQUIATRIA (AMBULATÓRIO),RETORNO,PSIQUIATRIA - INFANCIA E ADOLESCENCIA (0-18),Ativo,Quarta,1970-01-01 07:00:00.000,Manhã,Ativo,10
596,E. M. E. ,PSIQUIATRIA (AMBULATÓRIO),RETORNO,PSIQUIATRIA - INFANCIA E ADOLESCENCIA (0-18),Ativo,Quinta,1970-01-01 07:00:00.000,Manhã,Ativo,10
598,A. T. E. S. ,GINECOLOGIA (AMBULATÓRIO),RETORNO,GINECOLOGIA - CLIMATÉRIO,Ativo,Quinta,1970-01-01 13:00:00.000,Tarde,Ativo,12
599,C. N. D. O. B. ,GINECOLOGIA (AMBULATÓRIO),RETORNO,GINECOLOGIA - MARCAÇÃO CIRÚGICA,Inativo,Segunda,1970-01-01 13:00:00.000,Tarde,Inativo,12
600,S. K. L. ,PSICOLOGIA (AMBULATÓRIO),RETORNO,PSICOLOGIA,Ativo,Segunda,1970-01-01 13:00:00.000,Tarde,Ativo,2
600,S. K. L. ,PSICOLOGIA (AMBULATÓRIO),RETORNO,PSICOLOGIA,Ativo,Terça,1970-01-01 07:00:00.000,Manhã,Ativo,5
601,A. F. M. ,GINECOLOGIA (AMBULATÓRIO),RETORNO,GINECOLOGIA - TGI - BAIXO GRAU,Ativo,Terça,1970-01-01 07:00:00.000,Manhã,Ativo,3
602,F. D. M. G. F. ,PSICOLOGIA (AMBULATÓRIO),RETORNO,PSICOLOGIA,Inativo,Terça,1970-01-01 07:00:00.000,Manhã,Inativo,5
605,S. G. D. N. ,GINECOLOGIA (AMBULATÓRIO),INTERCONSULTA,SERVIÇO SOCIAL - GINECOLOGIA,Ativo,Quinta,1970-01-01 07:00:00.000,Manhã,Ativo,2
605,S. G. D. N. ,GINECOLOGIA (AMBULATÓRIO),RETORNO,SERVIÇO SOCIAL - GINECOLOGIA,Ativo,Quinta,1970-01-01 07:00:00.000,Manhã,Ativo,1
606,L. A. M. ,GINECOLOGIA (AMBULATÓRIO),RETORNO,ENFERMAGEM - GINECOLOGIA (ACOLHIMENTO),Ativo,Quinta,1970-01-01 13:00:00.000,Tarde,Ativo,10
606,L. A. M. ,GINECOLOGIA (AMBULATÓRIO),RETORNO,ENFERMAGEM - GINECOLOGIA (ACOLHIMENTO),Ativo,Quinta,1970-01-01 07:00:00.000,Manhã,Ativo,10
606,L. A. M. ,GINECOLOGIA (AMBULATÓRIO),RETORNO,ENFERMAGEM - GINECOLOGIA (ACOLHIMENTO),Ativo,Sexta,1970-01-01 07:00:00.000,Manhã,Ativo,10
606,L. A. M. ,GINECOLOGIA (AMBULATÓRIO),RETORNO,ENFERMAGEM - GINECOLOGIA (ACOLHIMENTO),Ativo,Sexta,1970-01-01 13:00:00.000,Tarde,Ativo,8
607,P. A. G. ,ESPAÇO TRANS (AMBULATÓRIO),INTERCONSULTA,ENFERMAGEM - ESPAÇO TRANS,Ativo,Segunda,1970-01-01 07:00:00.000,Manhã,Ativo,10
607,P. A. G. ,ESPAÇO TRANS (AMBULATÓRIO),INTERCONSULTA,ENFERMAGEM - ESPAÇO TRANS,Ativo,Segunda,1970-01-01 13:00:00.000,Tarde,Ativo,10
607,P. A. G. ,ESPAÇO TRANS (AMBULATÓRIO),RETORNO,ENFERMAGEM - ESPAÇO TRANS,Ativo,Segunda,1970-01-01 07:00:00.000,Manhã,Ativo,10
607,P. A. G. ,ESPAÇO TRANS (AMBULATÓRIO),RETORNO,ENFERMAGEM - ESPAÇO TRANS,Ativo,Segunda,1970-01-01 13:00:00.000,Tarde,Ativo,10
607,P. A. G. ,ESPAÇO TRANS (AMBULATÓRIO),INTERCONSULTA,ENFERMAGEM - ESPAÇO TRANS,Ativo,Terça,1970-01-01 07:00:00.000,Manhã,Ativo,10
607,P. A. G. ,ESPAÇO TRANS (AMBULATÓRIO),RETORNO,ENFERMAGEM - ESPAÇO TRANS,Ativo,Terça,1970-01-01 07:00:00.000,Manhã,Ativo,10
607,P. A. G. ,ESPAÇO TRANS (AMBULATÓRIO),RETORNO,ENFERMAGEM - ESPAÇO TRANS,Ativo,Terça,1970-01-01 13:00:00.000,Tarde,Ativo,10
607,P. A. G. ,ESPAÇO TRANS (AMBULATÓRIO),INTERCONSULTA,ENFERMAGEM - ESPAÇO TRANS,Ativo,Terça,1970-01-01 13:00:00.000,Tarde,Ativo,10
607,P. A. G. ,ESPAÇO TRANS (AMBULATÓRIO),INTERCONSULTA,ENFERMAGEM - ESPAÇO TRANS,Ativo,Quarta,1970-01-01 07:00:00.000,Manhã,Ativo,10
607,P. A. G. ,ESPAÇO TRANS (AMBULATÓRIO),RETORNO,ENFERMAGEM - ESPAÇO TRANS,Ativo,Quarta,1970-01-01 07:00:00.000,Manhã,Ativo,10
607,P. A. G. ,ESPAÇO TRANS (AMBULATÓRIO),INTERCONSULTA,ENFERMAGEM - ESPAÇO TRANS,Ativo,Quarta,1970-01-01 13:00:00.000,Tarde,Ativo,10
607,P. A. G. ,ESPAÇO TRANS (AMBULATÓRIO),RETORNO,ENFERMAGEM - ESPAÇO TRANS,Ativo,Quarta,1970-01-01 13:00:00.000,Tarde,Ativo,10
607,P. A. G. ,ESPAÇO TRANS (AMBULATÓRIO),RETORNO,ENFERMAGEM - ESPAÇO TRANS,Ativo,Quinta,1970-01-01 13:00:00.000,Tarde,Ativo,10
607,P. A. G. ,ESPAÇO TRANS (AMBULATÓRIO),INTERCONSULTA,ENFERMAGEM - ESPAÇO TRANS,Ativo,Quinta,1970-01-01 13:00:00.000,Tarde,Ativo,10
607,P. A. G. ,ESPAÇO TRANS (AMBULATÓRIO),RETORNO,ENFERMAGEM - ESPAÇO TRANS,Ativo,Quinta,1970-01-01 07:00:00.000,Manhã,Ativo,10
607,P. A. G. ,ESPAÇO TRANS (AMBULATÓRIO),INTERCONSULTA,ENFERMAGEM - ESPAÇO TRANS,Ativo,Quinta,1970-01-01 07:00:00.000,Manhã,Ativo,10
607,P. A. G. ,ESPAÇO TRANS (AMBULATÓRIO),INTERCONSULTA,ENFERMAGEM - ESPAÇO TRANS,Ativo,Sexta,1970-01-01 07:00:00.000,Manhã,Ativo,10
607,P. A. G. ,ESPAÇO TRANS (AMBULATÓRIO),INTERCONSULTA,ENFERMAGEM - ESPAÇO TRANS,Ativo,Sexta,1970-01-01 13:00:00.000,Tarde,Ativo,10
607,P. A. G. ,ESPAÇO TRANS (AMBULATÓRIO),RETORNO,ENFERMAGEM - ESPAÇO TRANS,Ativo,Sexta,1970-01-01 07:00:00.000,Manhã,Ativo,10
607,P. A. G. ,ESPAÇO TRANS (AMBULATÓRIO),RETORNO,ENFERMAGEM - ESPAÇO TRANS,Ativo,Sexta,1970-01-01 13:00:00.000,Tarde,Ativo,10
608,K. R. F. D. S. ,ESPAÇO TRANS (AMBULATÓRIO),INTERCONSULTA,ENFERMAGEM - ESPAÇO TRANS,Inativo,Quarta,1970-01-01 13:00:00.000,Tarde,Inativo,2
609,J. D. S. N. ,ESPAÇO TRANS (AMBULATÓRIO),INTERCONSULTA,ENFERMAGEM - ESPAÇO TRANS,Inativo,Segunda,1970-01-01 07:00:00.000,Manhã,Inativo,2
610,P. A. G. ,GINECOLOGIA (AMBULATÓRIO),RETORNO,ENFERMAGEM - GINECOLOGIA (ACOLHIMENTO),Inativo,Segunda,1970-01-01 07:00:00.000,Manhã,Inativo,25
610,P. A. G. ,GINECOLOGIA (AMBULATÓRIO),RETORNO,ENFERMAGEM - GINECOLOGIA (ACOLHIMENTO),Inativo,Terça,1970-01-01 07:00:00.000,Manhã,Inativo,25
610,P. A. G. ,GINECOLOGIA (AMBULATÓRIO),RETORNO,ENFERMAGEM - GINECOLOGIA (ACOLHIMENTO),Inativo,Quarta,1970-01-01 07:00:00.000,Manhã,Inativo,25
610,P. A. G. ,GINECOLOGIA (AMBULATÓRIO),RETORNO,ENFERMAGEM - GINECOLOGIA (ACOLHIMENTO),Inativo,Quinta,1970-01-01 07:00:00.000,Manhã,Inativo,25
610,P. A. G. ,GINECOLOGIA (AMBULATÓRIO),RETORNO,ENFERMAGEM - GINECOLOGIA (ACOLHIMENTO),Inativo,Sexta,1970-01-01 07:00:00.000,Manhã,Inativo,25
611,J. D. S. N. ,GINECOLOGIA (AMBULATÓRIO),RETORNO,ENFERMAGEM - GINECOLOGIA (ACOLHIMENTO),Ativo,Segunda,1970-01-01 07:00:00.000,Manhã,Ativo,6
611,J. D. S. N. ,GINECOLOGIA (AMBULATÓRIO),RETORNO,ENFERMAGEM - GINECOLOGIA (ACOLHIMENTO),Ativo,Segunda,1970-01-01 13:00:00.000,Tarde,Ativo,6
611,J. D. S. N. ,GINECOLOGIA (AMBULATÓRIO),RETORNO,ENFERMAGEM - GINECOLOGIA (ACOLHIMENTO),Ativo,Sexta,1970-01-01 07:00:00.000,Manhã,Ativo,1
611,J. D. S. N. ,GINECOLOGIA (AMBULATÓRIO),RETORNO,ENFERMAGEM - GINECOLOGIA (ACOLHIMENTO),Ativo,Sexta,1970-01-01 13:00:00.000,Tarde,Ativo,1
612,G. G. D. ,TRANSPLANTE (AMBULATÓRIO),RETORNO,TRANSPLANTE RENAL,Ativo,Terça,1970-01-01 07:00:00.000,Manhã,Ativo,5
615,G. G. D. ,NEFROLOGIA (AMBULATÓRIO),INTERCONSULTA,NEFROLOGIA,Inativo,Quarta,1970-01-01 07:00:00.000,Manhã,Inativo,1
616,M. D. L. G. ,GINECOLOGIA (AMBULATÓRIO),RETORNO,GINECOLOGIA - TGI - ALTO GRAU,Inativo,Terça,1970-01-01 07:00:00.000,Manhã,Ativo,4
616,M. D. L. G. ,GINECOLOGIA (AMBULATÓRIO),RETORNO,GINECOLOGIA - TGI - ALTO GRAU,Inativo,Quinta,1970-01-01 07:00:00.000,Manhã,Ativo,4
617,A. F. M. ,GINECOLOGIA (AMBULATÓRIO),RETORNO,GINECOLOGIA - TGI - VULVA,Ativo,Segunda,1970-01-01 07:00:00.000,Manhã,Ativo,4
618,F. S. P. S. ,GINECOLOGIA (AMBULATÓRIO),RETORNO,GINECOLOGIA - TGI - VULVA,Ativo,Segunda,1970-01-01 07:00:00.000,Manhã,Ativo,4
620,T. M. M. P. ,GINECOLOGIA (AMBULATÓRIO),RETORNO,GINECOLOGIA - TGI - CAF,Inativo,Quarta,1970-01-01 07:00:00.000,Manhã,Ativo,3
621,C. C. D. S. L. ,CLÍNICA MÉDICA (AMBULATÓRIO),RETORNO,CLINICA MEDICA,Ativo,Quinta,1970-01-01 13:00:00.000,Tarde,Ativo,8
621,C. C. D. S. L. ,CLÍNICA MÉDICA (AMBULATÓRIO),CONSULTA REGULADA,CLINICA MEDICA,Ativo,Quinta,1970-01-01 15:30:00.000,Tarde,Ativo,2
622,F. S. P. S. ,GINECOLOGIA (AMBULATÓRIO),RETORNO,GINECOLOGIA - TGI - CAF,Ativo,Quinta,1970-01-01 07:00:00.000,Manhã,Ativo,2
623,J. E. C. V. ,GINECOLOGIA (AMBULATÓRIO),RETORNO,GINECOLOGIA - TGI - COLPOSCOPIA,Ativo,Quarta,1970-01-01 07:00:00.000,Manhã,Ativo,15
624,J. T. A. M. G. ,CLÍNICA MÉDICA (AMBULATÓRIO),RETORNO,CLINICA MEDICA,Ativo,Quarta,1970-01-01 07:00:00.000,Manhã,Ativo,2
627,D. D. L. S. ,CLÍNICA MÉDICA (AMBULATÓRIO),CONSULTA REGULADA,CLINICA MEDICA,Inativo,Segunda,1970-01-01 10:00:00.000,Manhã,Inativo,2
627,D. D. L. S. ,CLÍNICA MÉDICA (AMBULATÓRIO),RETORNO,CLINICA MEDICA,Inativo,Segunda,1970-01-01 07:00:00.000,Manhã,Ativo,8
629,P. A. D. C. G. ,CLÍNICA MÉDICA (AMBULATÓRIO),RETORNO,CLINICA MEDICA,Ativo,Quinta,1970-01-01 13:00:00.000,Tarde,Ativo,8
629,P. A. D. C. G. ,CLÍNICA MÉDICA (AMBULATÓRIO),CONSULTA REGULADA,CLINICA MEDICA,Ativo,Quinta,1970-01-01 15:30:00.000,Tarde,Ativo,2
630,R. I. P. ,GERIATRIA (AMBULATORIO),INTERCONSULTA,GERIATRIA,Ativo,Quarta,1970-01-01 13:00:00.000,Tarde,Inativo,1
630,R. I. P. ,GERIATRIA (AMBULATORIO),RETORNO,GERIATRIA,Ativo,Quarta,1970-01-01 13:00:00.000,Tarde,Ativo,5
630,R. I. P. ,GERIATRIA (AMBULATORIO),CONSULTA REGULADA,GERIATRIA,Ativo,Quarta,1970-01-01 15:30:00.000,Tarde,Inativo,1
632,M. D. G. M. L. S. ,PEDIATRIA (AMBULATÓRIO),RETORNO,PEDIATRIA - GASTRO,Ativo,Segunda,1970-01-01 13:00:00.000,Tarde,Ativo,6
632,M. D. G. M. L. S. ,PEDIATRIA (AMBULATÓRIO),RETORNO,PEDIATRIA - GASTRO,Ativo,Terça,1970-01-01 07:00:00.000,Manhã,Ativo,5
632,M. D. G. M. L. S. ,PEDIATRIA (AMBULATÓRIO),RETORNO,PEDIATRIA - GASTRO,Ativo,Terça,1970-01-01 13:00:00.000,Tarde,Ativo,5
632,M. D. G. M. L. S. ,PEDIATRIA (AMBULATÓRIO),RETORNO,PEDIATRIA - GASTRO,Ativo,Quarta,1970-01-01 13:00:00.000,Tarde,Ativo,5
633,M. A. D. C. G. ,PEDIATRIA (AMBULATÓRIO),RETORNO,PEDIATRIA - GASTRO,Inativo,Terça,1970-01-01 07:00:00.000,Manhã,Inativo,6
633,M. A. D. C. G. ,PEDIATRIA (AMBULATÓRIO),RETORNO,PEDIATRIA - GASTRO,Inativo,Quinta,1970-01-01 07:00:00.000,Manhã,Inativo,6
633,M. A. D. C. G. ,PEDIATRIA (AMBULATÓRIO),RETORNO,PEDIATRIA - GASTRO,Inativo,Sexta,1970-01-01 07:00:00.000,Manhã,Inativo,5
635,C. M. R. B. D. A. ,CLÍNICA MÉDICA (AMBULATÓRIO),RETORNO,CLINICA MEDICA,Ativo,Quinta,1970-01-01 13:00:00.000,Tarde,Ativo,8
635,C. M. R. B. D. A. ,CLÍNICA MÉDICA (AMBULATÓRIO),CONSULTA REGULADA,CLINICA MEDICA,Ativo,Quinta,1970-01-01 15:30:00.000,Tarde,Ativo,2
637,A. D. S. A. C. ,GINECOLOGIA (AMBULATÓRIO),RETORNO,GINECOLOGIA - TGI - BAIXO E ALTO GRAU,Inativo,Quarta,1970-01-01 07:00:00.000,Manhã,Inativo,4
638,K. G. B. ,PEDIATRIA (AMBULATÓRIO),RETORNO,PEDIATRIA - GASTRO,Ativo,Segunda,1970-01-01 07:00:00.000,Manhã,Ativo,7
640,T. S. H. ,CLÍNICA MÉDICA (AMBULATÓRIO),RETORNO,CLINICA MEDICA,Ativo,Segunda,1970-01-01 13:00:00.000,Tarde,Ativo,8
640,T. S. H. ,CLÍNICA MÉDICA (AMBULATÓRIO),CONSULTA REGULADA,CLINICA MEDICA,Ativo,Segunda,1970-01-01 15:30:00.000,Tarde,Ativo,2
640,T. S. H. ,CLÍNICA MÉDICA (AMBULATÓRIO),CONSULTA REGULADA,CLINICA MEDICA,Ativo,Terça,1970-01-01 15:30:00.000,Tarde,Ativo,2
640,T. S. H. ,CLÍNICA MÉDICA (AMBULATÓRIO),RETORNO,CLINICA MEDICA,Ativo,Terça,1970-01-01 13:00:00.000,Tarde,Ativo,8
642,A. C. P. S. ,GINECOLOGIA (AMBULATÓRIO),RETORNO,GINECOLOGIA - HISTEROSCOPIA CIRÚRGICA,Inativo,Terça,1970-01-01 07:00:00.000,Manhã,Ativo,2
642,A. C. P. S. ,GINECOLOGIA (AMBULATÓRIO),CONSULTA REGULADA,GINECOLOGIA - HISTEROSCOPIA CIRÚRGICA,Inativo,Terça,1970-01-01 10:00:00.000,Manhã,Ativo,1
642,A. C. P. S. ,GINECOLOGIA (AMBULATÓRIO),INTERCONSULTA,GINECOLOGIA - HISTEROSCOPIA CIRÚRGICA,Inativo,Terça,1970-01-01 07:00:00.000,Manhã,Ativo,1
644,C. D. S. V. ,ONCOLOGIA (AMBULATÓRIO),RETORNO,MASTOLOGIA,Inativo,Terça,1970-01-01 07:00:00.000,Manhã,Inativo,11
644,C. D. S. V. ,ONCOLOGIA (AMBULATÓRIO),CONSULTA REGULADA,MASTOLOGIA,Inativo,Terça,1970-01-01 10:00:00.000,Manhã,Inativo,3
644,C. D. S. V. ,ONCOLOGIA (AMBULATÓRIO),INTERCONSULTA,MASTOLOGIA,Inativo,Terça,1970-01-01 07:00:00.000,Manhã,Inativo,1
644,C. D. S. V. ,ONCOLOGIA (AMBULATÓRIO),CONSULTA REGULADA,MASTOLOGIA,Inativo,Quarta,1970-01-01 10:00:00.000,Manhã,Inativo,3
644,C. D. S. V. ,ONCOLOGIA (AMBULATÓRIO),INTERCONSULTA,MASTOLOGIA,Inativo,Quarta,1970-01-01 07:00:00.000,Manhã,Inativo,1
644,C. D. S. V. ,ONCOLOGIA (AMBULATÓRIO),RETORNO,MASTOLOGIA,Inativo,Quarta,1970-01-01 07:00:00.000,Manhã,Inativo,11
646,A. D. S. A. C. ,GINECOLOGIA (AMBULATÓRIO),RETORNO,GINECOLOGIA - TGI - CAF,Ativo,Quinta,1970-01-01 07:00:00.000,Manhã,Ativo,2
648,A. D. S. A. C. ,GINECOLOGIA (AMBULATÓRIO),RETORNO,GINECOLOGIA - TGI - COLPOSCOPIA,Inativo,Terça,1970-01-01 07:00:00.000,Manhã,Inativo,4
650,T. D. A. S. ,PEDIATRIA (AMBULATÓRIO),RETORNO,PEDIATRIA - ENDOCRINO,Inativo,Terça,1970-01-01 13:00:00.000,Tarde,Ativo,15
650,T. D. A. S. ,PEDIATRIA (AMBULATÓRIO),RETORNO,PEDIATRIA - ENDOCRINO,Inativo,Terça,1970-01-01 07:00:00.000,Manhã,Ativo,9
650,T. D. A. S. ,PEDIATRIA (AMBULATÓRIO),RETORNO,PEDIATRIA - ENDOCRINO,Inativo,Quarta,1970-01-01 13:00:00.000,Tarde,Ativo,15
650,T. D. A. S. ,PEDIATRIA (AMBULATÓRIO),RETORNO,PEDIATRIA - ENDOCRINO,Inativo,Quinta,1970-01-01 13:00:00.000,Tarde,Ativo,15
650,T. D. A. S. ,PEDIATRIA (AMBULATÓRIO),RETORNO,PEDIATRIA - ENDOCRINO,Inativo,Quinta,1970-01-01 07:00:00.000,Manhã,Ativo,9
652,K. L. A. B. ,PEDIATRIA (AMBULATÓRIO),RETORNO,ENFERMAGEM - PEDIATRIA ENDOCRINO,Ativo,Segunda,1970-01-01 07:00:00.000,Manhã,Ativo,5
652,K. L. A. B. ,PEDIATRIA (AMBULATÓRIO),RETORNO,ENFERMAGEM - PEDIATRIA ENDOCRINO,Ativo,Segunda,1970-01-01 13:00:00.000,Tarde,Ativo,5
652,K. L. A. B. ,PEDIATRIA (AMBULATÓRIO),RETORNO,ENFERMAGEM - PEDIATRIA ENDOCRINO,Ativo,Terça,1970-01-01 13:00:00.000,Tarde,Ativo,5
652,K. L. A. B. ,PEDIATRIA (AMBULATÓRIO),RETORNO,ENFERMAGEM - PEDIATRIA ENDOCRINO,Ativo,Terça,1970-01-01 07:00:00.000,Manhã,Ativo,5
652,K. L. A. B. ,PEDIATRIA (AMBULATÓRIO),RETORNO,ENFERMAGEM - PEDIATRIA ENDOCRINO,Ativo,Quarta,1970-01-01 13:00:00.000,Tarde,Ativo,5
652,K. L. A. B. ,PEDIATRIA (AMBULATÓRIO),RETORNO,ENFERMAGEM - PEDIATRIA ENDOCRINO,Ativo,Quarta,1970-01-01 07:00:00.000,Manhã,Ativo,5
652,K. L. A. B. ,PEDIATRIA (AMBULATÓRIO),RETORNO,ENFERMAGEM - PEDIATRIA ENDOCRINO,Ativo,Quinta,1970-01-01 13:00:00.000,Tarde,Ativo,5
652,K. L. A. B. ,PEDIATRIA (AMBULATÓRIO),RETORNO,ENFERMAGEM - PEDIATRIA ENDOCRINO,Ativo,Quinta,1970-01-01 07:00:00.000,Manhã,Ativo,5
652,K. L. A. B. ,PEDIATRIA (AMBULATÓRIO),RETORNO,ENFERMAGEM - PEDIATRIA ENDOCRINO,Ativo,Sexta,1970-01-01 13:00:00.000,Tarde,Ativo,5
652,K. L. A. B. ,PEDIATRIA (AMBULATÓRIO),RETORNO,ENFERMAGEM - PEDIATRIA ENDOCRINO,Ativo,Sexta,1970-01-01 07:00:00.000,Manhã,Ativo,5
654,K. G. B. ,PEDIATRIA (AMBULATÓRIO),,PEDIATRIA - DISFAGIA,Inativo,,,,,
656,T. D. A. ,ESPAÇO TRANS (AMBULATÓRIO),RETORNO,PSIQUIATRIA - ESPAÇO TRANS,Inativo,Terça,1970-01-01 13:00:00.000,Tarde,Ativo,5
658,L. A. M. ,ESPAÇO TRANS (AMBULATÓRIO),RETORNO,ENFERMAGEM - TERAPIA HORMONAL - ESPAÇO TRANS,Ativo,Terça,1970-01-01 13:00:00.000,Tarde,Ativo,5
658,L. A. M. ,ESPAÇO TRANS (AMBULATÓRIO),INTERCONSULTA,ENFERMAGEM - TERAPIA HORMONAL - ESPAÇO TRANS,Ativo,Terça,1970-01-01 13:00:00.000,Tarde,Ativo,5
658,L. A. M. ,ESPAÇO TRANS (AMBULATÓRIO),INTERCONSULTA,ENFERMAGEM - TERAPIA HORMONAL - ESPAÇO TRANS,Ativo,Quinta,1970-01-01 13:00:00.000,Tarde,Ativo,5
658,L. A. M. ,ESPAÇO TRANS (AMBULATÓRIO),RETORNO,ENFERMAGEM - TERAPIA HORMONAL - ESPAÇO TRANS,Ativo,Quinta,1970-01-01 13:00:00.000,Tarde,Ativo,5
659,J. D. S. N. ,ESPAÇO TRANS (AMBULATÓRIO),RETORNO,ENFERMAGEM - TERAPIA HORMONAL - ESPAÇO TRANS,Ativo,Segunda,1970-01-01 13:00:00.000,Tarde,Ativo,5
659,J. D. S. N. ,ESPAÇO TRANS (AMBULATÓRIO),INTERCONSULTA,ENFERMAGEM - TERAPIA HORMONAL - ESPAÇO TRANS,Ativo,Segunda,1970-01-01 13:00:00.000,Tarde,Ativo,5
659,J. D. S. N. ,ESPAÇO TRANS (AMBULATÓRIO),INTERCONSULTA,ENFERMAGEM - TERAPIA HORMONAL - ESPAÇO TRANS,Ativo,Quarta,1970-01-01 13:00:00.000,Tarde,Ativo,5
659,J. D. S. N. ,ESPAÇO TRANS (AMBULATÓRIO),RETORNO,ENFERMAGEM - TERAPIA HORMONAL - ESPAÇO TRANS,Ativo,Quarta,1970-01-01 13:00:00.000,Tarde,Ativo,5
660,M. A. D. C. G. ,PEDIATRIA (AMBULATÓRIO),CONSULTA REGULADA,PEDIATRIA - DISFAGIA,Inativo,Quarta,1970-01-01 10:00:00.000,Manhã,Ativo,1
660,M. A. D. C. G. ,PEDIATRIA (AMBULATÓRIO),CONSULTA REGULADA,PEDIATRIA - DISFAGIA,Inativo,Quinta,1970-01-01 10:00:00.000,Manhã,Ativo,2
660,M. A. D. C. G. ,PEDIATRIA (AMBULATÓRIO),RETORNO,PEDIATRIA - DISFAGIA,Inativo,Quinta,1970-01-01 07:00:00.000,Manhã,Ativo,5
662,C. B. L. R. ,ESPAÇO TRANS (AMBULATÓRIO),INTERCONSULTA,GINECOLOGIA - ENDOCRINO - ESPAÇO TRANS,Inativo,Quinta,1970-01-01 13:00:00.000,Tarde,Inativo,4
662,C. B. L. R. ,ESPAÇO TRANS (AMBULATÓRIO),RETORNO,GINECOLOGIA - ENDOCRINO - ESPAÇO TRANS,Inativo,Quinta,1970-01-01 13:00:00.000,Tarde,Inativo,20
664,A. C. D. F. T. G. ,ESPAÇO TRANS (AMBULATÓRIO),INTERCONSULTA,ENDOCRINOLOGIA - ESPAÇO TRANS,Ativo,Terça,1970-01-01 13:00:00.000,Tarde,Ativo,3
664,A. C. D. F. T. G. ,ESPAÇO TRANS (AMBULATÓRIO),RETORNO,ENDOCRINOLOGIA - ESPAÇO TRANS,Ativo,Terça,1970-01-01 13:00:00.000,Tarde,Ativo,10
665,A. A. V. S. ,PEDIATRIA (AMBULATÓRIO),RETORNO,ENFERMAGEM - GASTROPEDIATRIA,Ativo,Segunda,1970-01-01 07:00:00.000,Manhã,Ativo,3
665,A. A. V. S. ,PEDIATRIA (AMBULATÓRIO),RETORNO,ENFERMAGEM - GASTROPEDIATRIA,Ativo,Terça,1970-01-01 13:00:00.000,Tarde,Ativo,3
665,A. A. V. S. ,PEDIATRIA (AMBULATÓRIO),RETORNO,ENFERMAGEM - GASTROPEDIATRIA,Ativo,Quarta,1970-01-01 07:00:00.000,Manhã,Ativo,15
665,A. A. V. S. ,PEDIATRIA (AMBULATÓRIO),RETORNO,ENFERMAGEM - GASTROPEDIATRIA,Ativo,Quinta,1970-01-01 07:00:00.000,Manhã,Ativo,3
665,A. A. V. S. ,PEDIATRIA (AMBULATÓRIO),RETORNO,ENFERMAGEM - GASTROPEDIATRIA,Ativo,Sexta,1970-01-01 07:00:00.000,Manhã,Ativo,3
666,C. V. D. M. ,ESPAÇO TRANS (AMBULATÓRIO),INTERCONSULTA,SERVIÇO SOCIAL - ESPAÇO TRANS,Ativo,Segunda,1970-01-01 07:00:00.000,Manhã,Ativo,10
666,C. V. D. M. ,ESPAÇO TRANS (AMBULATÓRIO),RETORNO,SERVIÇO SOCIAL - ESPAÇO TRANS,Ativo,Segunda,1970-01-01 07:00:00.000,Manhã,Ativo,20
666,C. V. D. M. ,ESPAÇO TRANS (AMBULATÓRIO),INTERCONSULTA,SERVIÇO SOCIAL - ESPAÇO TRANS,Ativo,Terça,1970-01-01 07:00:00.000,Manhã,Ativo,10
666,C. V. D. M. ,ESPAÇO TRANS (AMBULATÓRIO),RETORNO,SERVIÇO SOCIAL - ESPAÇO TRANS,Ativo,Terça,1970-01-01 07:00:00.000,Manhã,Ativo,20
666,C. V. D. M. ,ESPAÇO TRANS (AMBULATÓRIO),INTERCONSULTA,SERVIÇO SOCIAL - ESPAÇO TRANS,Ativo,Quarta,1970-01-01 07:00:00.000,Manhã,Ativo,10
666,C. V. D. M. ,ESPAÇO TRANS (AMBULATÓRIO),RETORNO,SERVIÇO SOCIAL - ESPAÇO TRANS,Ativo,Quarta,1970-01-01 07:00:00.000,Manhã,Ativo,20
666,C. V. D. M. ,ESPAÇO TRANS (AMBULATÓRIO),INTERCONSULTA,SERVIÇO SOCIAL - ESPAÇO TRANS,Ativo,Quinta,1970-01-01 07:00:00.000,Manhã,Ativo,10
666,C. V. D. M. ,ESPAÇO TRANS (AMBULATÓRIO),RETORNO,SERVIÇO SOCIAL - ESPAÇO TRANS,Ativo,Quinta,1970-01-01 07:00:00.000,Manhã,Ativo,20
666,C. V. D. M. ,ESPAÇO TRANS (AMBULATÓRIO),INTERCONSULTA,SERVIÇO SOCIAL - ESPAÇO TRANS,Ativo,Sexta,1970-01-01 07:00:00.000,Manhã,Ativo,10
666,C. V. D. M. ,ESPAÇO TRANS (AMBULATÓRIO),RETORNO,SERVIÇO SOCIAL - ESPAÇO TRANS,Ativo,Sexta,1970-01-01 07:00:00.000,Manhã,Ativo,20
668,S. K. L. ,PSICOLOGIA (AMBULATÓRIO),RETORNO,PSICOLOGIA - ESPAÇO TRANS,Ativo,Segunda,1970-01-01 13:00:00.000,Tarde,Ativo,2
670,R. T. D. A. ,ESPAÇO TRANS (AMBULATÓRIO),INTERCONSULTA,UROLOGIA - ESPAÇO TRANS,Inativo,Quinta,1970-01-01 07:00:00.000,Manhã,Ativo,4
670,R. T. D. A. ,ESPAÇO TRANS (AMBULATÓRIO),RETORNO,UROLOGIA - ESPAÇO TRANS,Inativo,Quinta,1970-01-01 07:00:00.000,Manhã,Ativo,4
672,M. M. D. A. ,ESPAÇO TRANS (AMBULATÓRIO),RETORNO,GINECOLOGIA (HISTERECTOMIA) - ESPAÇO TRANS,Ativo,Sexta,1970-01-01 07:00:00.000,Manhã,Ativo,19
672,M. M. D. A. ,ESPAÇO TRANS (AMBULATÓRIO),INTERCONSULTA,GINECOLOGIA (HISTERECTOMIA) - ESPAÇO TRANS,Ativo,Sexta,1970-01-01 07:00:00.000,Manhã,Ativo,1
673,A. B. M. L. D. A. T. ,ONCOLOGIA (AMBULATÓRIO),RETORNO,MASTOLOGIA - ESPAÇO TRANS,Inativo,Terça,1970-01-01 07:00:00.000,Manhã,Inativo,6
673,A. B. M. L. D. A. T. ,ONCOLOGIA (AMBULATÓRIO),INTERCONSULTA,MASTOLOGIA - ESPAÇO TRANS,Inativo,Terça,1970-01-01 07:00:00.000,Manhã,Inativo,1
674,G. C. M. S. ,PEDIATRIA (AMBULATÓRIO),RETORNO,ENFERMAGEM - PEDIATRIA,Ativo,Segunda,1970-01-01 13:00:00.000,Tarde,Ativo,5
674,G. C. M. S. ,PEDIATRIA (AMBULATÓRIO),RETORNO,ENFERMAGEM - PEDIATRIA,Ativo,Segunda,1970-01-01 07:00:00.000,Manhã,Ativo,5
674,G. C. M. S. ,PEDIATRIA (AMBULATÓRIO),RETORNO,ENFERMAGEM - PEDIATRIA,Ativo,Terça,1970-01-01 07:00:00.000,Manhã,Ativo,5
674,G. C. M. S. ,PEDIATRIA (AMBULATÓRIO),RETORNO,ENFERMAGEM - PEDIATRIA,Ativo,Terça,1970-01-01 13:00:00.000,Tarde,Ativo,5
674,G. C. M. S. ,PEDIATRIA (AMBULATÓRIO),RETORNO,ENFERMAGEM - PEDIATRIA,Ativo,Quarta,1970-01-01 07:00:00.000,Manhã,Ativo,5
674,G. C. M. S. ,PEDIATRIA (AMBULATÓRIO),RETORNO,ENFERMAGEM - PEDIATRIA,Ativo,Quarta,1970-01-01 13:00:00.000,Tarde,Ativo,5
674,G. C. M. S. ,PEDIATRIA (AMBULATÓRIO),RETORNO,ENFERMAGEM - PEDIATRIA,Ativo,Quinta,1970-01-01 07:00:00.000,Manhã,Ativo,5
674,G. C. M. S. ,PEDIATRIA (AMBULATÓRIO),RETORNO,ENFERMAGEM - PEDIATRIA,Ativo,Quinta,1970-01-01 13:00:00.000,Tarde,Ativo,5
674,G. C. M. S. ,PEDIATRIA (AMBULATÓRIO),RETORNO,ENFERMAGEM - PEDIATRIA,Ativo,Sexta,1970-01-01 13:00:00.000,Tarde,Ativo,5
674,G. C. M. S. ,PEDIATRIA (AMBULATÓRIO),RETORNO,ENFERMAGEM - PEDIATRIA,Ativo,Sexta,1970-01-01 07:00:00.000,Manhã,Ativo,5
676,S. D. O. B. V. V. ,PEDIATRIA (AMBULATÓRIO),,PEDIATRIA - EGRESSO,Inativo,,,,,
678,E. L. W. D. S. ,ACUPUNTURA (AMBULATÓRIO),INTERCONSULTA,ACUPUNTURA,Inativo,Segunda,1970-01-01 07:00:00.000,Manhã,Inativo,2
678,E. L. W. D. S. ,ACUPUNTURA (AMBULATÓRIO),RETORNO,ACUPUNTURA,Inativo,Segunda,1970-01-01 07:00:00.000,Manhã,Ativo,20
678,E. L. W. D. S. ,ACUPUNTURA (AMBULATÓRIO),RETORNO,ACUPUNTURA,Inativo,Quarta,1970-01-01 07:00:00.000,Manhã,Ativo,20
679,D. D. L. S. ,ACUPUNTURA (AMBULATÓRIO),RETORNO,ACUPUNTURA,Inativo,Terça,1970-01-01 13:00:00.000,Tarde,Ativo,20
679,D. D. L. S. ,ACUPUNTURA (AMBULATÓRIO),RETORNO,ACUPUNTURA,Inativo,Sexta,1970-01-01 07:00:00.000,Manhã,Ativo,20
680,V. S. D. A. B. ,ACUPUNTURA (AMBULATÓRIO),INTERCONSULTA,ACUPUNTURA,Ativo,Segunda,1970-01-01 07:00:00.000,Manhã,Ativo,1
680,V. S. D. A. B. ,ACUPUNTURA (AMBULATÓRIO),CONSULTA REGULADA,ACUPUNTURA,Ativo,Segunda,1970-01-01 10:00:00.000,Manhã,Ativo,2
680,V. S. D. A. B. ,ACUPUNTURA (AMBULATÓRIO),RETORNO,ACUPUNTURA,Ativo,Segunda,1970-01-01 07:00:00.000,Manhã,Inativo,6
680,V. S. D. A. B. ,ACUPUNTURA (AMBULATÓRIO),RETORNO,ACUPUNTURA,Ativo,Quarta,1970-01-01 14:00:00.000,Tarde,Inativo,4
680,V. S. D. A. B. ,ACUPUNTURA (AMBULATÓRIO),CONSULTA REGULADA,ACUPUNTURA,Ativo,Quarta,1970-01-01 15:30:00.000,Tarde,Ativo,1
681,F. D. N. ,CIRURGIA PLÁSTICA (AMBULATÓRIO),RETORNO,CIRURGIA PLASTICA,Ativo,Terça,1970-01-01 07:00:00.000,Manhã,Ativo,6
682,G. C. A. ,CIRURGIA PLÁSTICA (AMBULATÓRIO),CONSULTA REGULADA,CIRURGIA PLASTICA,Inativo,Terça,1970-01-01 15:30:00.000,Tarde,Inativo,2
682,G. C. A. ,CIRURGIA PLÁSTICA (AMBULATÓRIO),INTERCONSULTA,CIRURGIA PLASTICA,Inativo,Terça,1970-01-01 13:00:00.000,Tarde,Inativo,1
682,G. C. A. ,CIRURGIA PLÁSTICA (AMBULATÓRIO),RETORNO,CIRURGIA PLASTICA,Inativo,Terça,1970-01-01 13:00:00.000,Tarde,Ativo,30
684,A. M. M. D. C. ,ACUPUNTURA (AMBULATÓRIO),CONSULTA REGULADA,ACUPUNTURA,Ativo,Segunda,1970-01-01 10:00:00.000,Manhã,Ativo,1
684,A. M. M. D. C. ,ACUPUNTURA (AMBULATÓRIO),CONSULTA REGULADA,ACUPUNTURA,Ativo,Segunda,1970-01-01 15:30:00.000,Tarde,Ativo,2
684,A. M. M. D. C. ,ACUPUNTURA (AMBULATÓRIO),RETORNO,ACUPUNTURA,Ativo,Segunda,1970-01-01 07:00:00.000,Manhã,Ativo,4
684,A. M. M. D. C. ,ACUPUNTURA (AMBULATÓRIO),RETORNO,ACUPUNTURA,Ativo,Segunda,1970-01-01 14:00:00.000,Tarde,Ativo,4
684,A. M. M. D. C. ,ACUPUNTURA (AMBULATÓRIO),INTERCONSULTA,ACUPUNTURA,Ativo,Segunda,1970-01-01 14:00:00.000,Tarde,Ativo,1
684,A. M. M. D. C. ,ACUPUNTURA (AMBULATÓRIO),RETORNO,ACUPUNTURA,Ativo,Quarta,1970-01-01 08:00:00.000,Manhã,Ativo,4
684,A. M. M. D. C. ,ACUPUNTURA (AMBULATÓRIO),INTERCONSULTA,ACUPUNTURA,Ativo,Quarta,1970-01-01 08:00:00.000,Manhã,Ativo,1
684,A. M. M. D. C. ,ACUPUNTURA (AMBULATÓRIO),RETORNO,ACUPUNTURA,Ativo,Quinta,1970-01-01 08:00:00.000,Manhã,Ativo,4
684,A. M. M. D. C. ,ACUPUNTURA (AMBULATÓRIO),INTERCONSULTA,ACUPUNTURA,Ativo,Quinta,1970-01-01 14:00:00.000,Tarde,Ativo,1
684,A. M. M. D. C. ,ACUPUNTURA (AMBULATÓRIO),RETORNO,ACUPUNTURA,Ativo,Quinta,1970-01-01 14:00:00.000,Tarde,Ativo,4
684,A. M. M. D. C. ,ACUPUNTURA (AMBULATÓRIO),CONSULTA REGULADA,ACUPUNTURA,Ativo,Quinta,1970-01-01 15:30:00.000,Tarde,Ativo,1
684,A. M. M. D. C. ,ACUPUNTURA (AMBULATÓRIO),CONSULTA REGULADA,ACUPUNTURA,Ativo,Quinta,1970-01-01 10:00:00.000,Manhã,Ativo,2
684,A. M. M. D. C. ,ACUPUNTURA (AMBULATÓRIO),RETORNO,ACUPUNTURA,Ativo,Sexta,1970-01-01 07:00:00.000,Manhã,Ativo,5
684,A. M. M. D. C. ,ACUPUNTURA (AMBULATÓRIO),CONSULTA REGULADA,ACUPUNTURA,Ativo,Sexta,1970-01-01 10:00:00.000,Manhã,Ativo,1
685,A. M. M. D. C. ,ACUPUNTURA (AMBULATÓRIO),INTERCONSULTA,ACUPUNTURA,Inativo,Terça,1970-01-01 14:00:00.000,Tarde,Ativo,1
685,A. M. M. D. C. ,ACUPUNTURA (AMBULATÓRIO),RETORNO,ACUPUNTURA,Inativo,Terça,1970-01-01 14:00:00.000,Tarde,Ativo,4
688,A. D. S. C. ,PEDIATRIA (AMBULATÓRIO),RETORNO,PEDIATRIA - REUMATO,Ativo,Segunda,1970-01-01 07:00:00.000,Manhã,Ativo,10
688,A. D. S. C. ,PEDIATRIA (AMBULATÓRIO),CONSULTA REGULADA,PEDIATRIA - REUMATO,Ativo,Terça,1970-01-01 15:30:00.000,Tarde,Ativo,3
688,A. D. S. C. ,PEDIATRIA (AMBULATÓRIO),INTERCONSULTA,PEDIATRIA - REUMATO,Ativo,Terça,1970-01-01 13:00:00.000,Tarde,Ativo,1
688,A. D. S. C. ,PEDIATRIA (AMBULATÓRIO),RETORNO,PEDIATRIA - REUMATO,Ativo,Terça,1970-01-01 07:00:00.000,Manhã,Ativo,10
688,A. D. S. C. ,PEDIATRIA (AMBULATÓRIO),RETORNO,PEDIATRIA - REUMATO,Ativo,Quinta,1970-01-01 07:00:00.000,Manhã,Ativo,8
690,A. P. P. M. C. ,NEUROLOGIA (AMBULATÓRIO),CONSULTA REGULADA,NEUROLOGIA - MUSCULAR,Ativo,Quarta,1970-01-01 15:30:00.000,Tarde,Ativo,2
690,A. P. P. M. C. ,NEUROLOGIA (AMBULATÓRIO),RETORNO,NEUROLOGIA - MUSCULAR,Ativo,Quarta,1970-01-01 13:00:00.000,Tarde,Ativo,8
691,A. P. P. M. C. ,NEUROLOGIA (AMBULATÓRIO),EXAME,NEUROLOGIA - ELETRONEUROMIOGRAFIA,Inativo,Quarta,1970-01-01 07:00:00.000,Manhã,Ativo,2
691,A. P. P. M. C. ,NEUROLOGIA (AMBULATÓRIO),EXAME,NEUROLOGIA - ELETRONEUROMIOGRAFIA,Inativo,Sexta,1970-01-01 07:00:00.000,Manhã,Ativo,1
692,A. P. P. M. C. ,NEUROLOGIA (AMBULATÓRIO),INTERCONSULTA,NEUROLOGIA - ELETRONEUROMIOGRAFIA (TRIAGEM),Inativo,Sexta,1970-01-01 07:00:00.000,Manhã,Ativo,20
694,K. L. A. B. ,PEDIATRIA (AMBULATÓRIO),RETORNO,ENFERMAGEM - PEDIATRIA,Ativo,Segunda,1970-01-01 13:00:00.000,Tarde,Ativo,5
694,K. L. A. B. ,PEDIATRIA (AMBULATÓRIO),RETORNO,ENFERMAGEM - PEDIATRIA,Ativo,Segunda,1970-01-01 07:00:00.000,Manhã,Ativo,5
694,K. L. A. B. ,PEDIATRIA (AMBULATÓRIO),RETORNO,ENFERMAGEM - PEDIATRIA,Ativo,Terça,1970-01-01 13:00:00.000,Tarde,Ativo,5
694,K. L. A. B. ,PEDIATRIA (AMBULATÓRIO),RETORNO,ENFERMAGEM - PEDIATRIA,Ativo,Terça,1970-01-01 07:00:00.000,Manhã,Ativo,5
694,K. L. A. B. ,PEDIATRIA (AMBULATÓRIO),RETORNO,ENFERMAGEM - PEDIATRIA,Ativo,Quarta,1970-01-01 07:00:00.000,Manhã,Ativo,5
694,K. L. A. B. ,PEDIATRIA (AMBULATÓRIO),RETORNO,ENFERMAGEM - PEDIATRIA,Ativo,Quarta,1970-01-01 13:00:00.000,Tarde,Ativo,5
694,K. L. A. B. ,PEDIATRIA (AMBULATÓRIO),RETORNO,ENFERMAGEM - PEDIATRIA,Ativo,Quinta,1970-01-01 07:00:00.000,Manhã,Ativo,5
694,K. L. A. B. ,PEDIATRIA (AMBULATÓRIO),RETORNO,ENFERMAGEM - PEDIATRIA,Ativo,Quinta,1970-01-01 13:00:00.000,Tarde,Ativo,5
694,K. L. A. B. ,PEDIATRIA (AMBULATÓRIO),RETORNO,ENFERMAGEM - PEDIATRIA,Ativo,Sexta,1970-01-01 07:00:00.000,Manhã,Ativo,5
694,K. L. A. B. ,PEDIATRIA (AMBULATÓRIO),RETORNO,ENFERMAGEM - PEDIATRIA,Ativo,Sexta,1970-01-01 13:00:00.000,Tarde,Ativo,5
696,G. C. M. S. ,PEDIATRIA (AMBULATÓRIO),RETORNO,ENFERMAGEM - PEDIATRIA ENDOCRINO,Ativo,Segunda,1970-01-01 07:00:00.000,Manhã,Ativo,5
696,G. C. M. S. ,PEDIATRIA (AMBULATÓRIO),RETORNO,ENFERMAGEM - PEDIATRIA ENDOCRINO,Ativo,Segunda,1970-01-01 13:00:00.000,Tarde,Ativo,5
696,G. C. M. S. ,PEDIATRIA (AMBULATÓRIO),RETORNO,ENFERMAGEM - PEDIATRIA ENDOCRINO,Ativo,Terça,1970-01-01 13:00:00.000,Tarde,Ativo,5
696,G. C. M. S. ,PEDIATRIA (AMBULATÓRIO),RETORNO,ENFERMAGEM - PEDIATRIA ENDOCRINO,Ativo,Terça,1970-01-01 07:00:00.000,Manhã,Ativo,5
696,G. C. M. S. ,PEDIATRIA (AMBULATÓRIO),RETORNO,ENFERMAGEM - PEDIATRIA ENDOCRINO,Ativo,Quarta,1970-01-01 07:00:00.000,Manhã,Ativo,5
696,G. C. M. S. ,PEDIATRIA (AMBULATÓRIO),RETORNO,ENFERMAGEM - PEDIATRIA ENDOCRINO,Ativo,Quarta,1970-01-01 13:00:00.000,Tarde,Ativo,5
696,G. C. M. S. ,PEDIATRIA (AMBULATÓRIO),RETORNO,ENFERMAGEM - PEDIATRIA ENDOCRINO,Ativo,Quinta,1970-01-01 07:00:00.000,Manhã,Ativo,5
696,G. C. M. S. ,PEDIATRIA (AMBULATÓRIO),RETORNO,ENFERMAGEM - PEDIATRIA ENDOCRINO,Ativo,Quinta,1970-01-01 13:00:00.000,Tarde,Ativo,5
696,G. C. M. S. ,PEDIATRIA (AMBULATÓRIO),RETORNO,ENFERMAGEM - PEDIATRIA ENDOCRINO,Ativo,Sexta,1970-01-01 13:00:00.000,Tarde,Ativo,5
696,G. C. M. S. ,PEDIATRIA (AMBULATÓRIO),RETORNO,ENFERMAGEM - PEDIATRIA ENDOCRINO,Ativo,Sexta,1970-01-01 07:00:00.000,Manhã,Ativo,5
697,P. F. C. D. M. D. M. ,PUERICULTURA (AMBULATÓRIO),RETORNO,PUERICULTURA,Inativo,Terça,1970-01-01 07:00:00.000,Manhã,Ativo,2
698,S. M. R. C. ,PUERICULTURA (AMBULATÓRIO),RETORNO,PUERICULTURA,Inativo,Segunda,1970-01-01 07:00:00.000,Manhã,Inativo,2
698,S. M. R. C. ,PUERICULTURA (AMBULATÓRIO),RETORNO,PUERICULTURA,Inativo,Quarta,1970-01-01 07:00:00.000,Manhã,Inativo,2
698,S. M. R. C. ,PUERICULTURA (AMBULATÓRIO),RETORNO,PUERICULTURA,Inativo,Sexta,1970-01-01 07:00:00.000,Manhã,Inativo,2
700,M. A. D. C. G. ,PUERICULTURA (AMBULATÓRIO),RETORNO,PUERICULTURA,Inativo,Terça,1970-01-01 07:00:00.000,Manhã,Inativo,2
700,M. A. D. C. G. ,PUERICULTURA (AMBULATÓRIO),RETORNO,PUERICULTURA,Inativo,Terça,1970-01-01 13:00:00.000,Tarde,Inativo,2
704,J. L. D. O. B. ,PUERICULTURA (AMBULATÓRIO),RETORNO,ENFERMAGEM - PUERICULTURA,Ativo,Segunda,1970-01-01 07:00:00.000,Manhã,Ativo,4
704,J. L. D. O. B. ,PUERICULTURA (AMBULATÓRIO),PRIMEIRA CONSULTA,ENFERMAGEM - PUERICULTURA,Ativo,Segunda,1970-01-01 07:00:00.000,Manhã,Ativo,2
704,J. L. D. O. B. ,PUERICULTURA (AMBULATÓRIO),RETORNO,ENFERMAGEM - PUERICULTURA,Ativo,Terça,1970-01-01 07:00:00.000,Manhã,Ativo,4
704,J. L. D. O. B. ,PUERICULTURA (AMBULATÓRIO),PRIMEIRA CONSULTA,ENFERMAGEM - PUERICULTURA,Ativo,Terça,1970-01-01 07:00:00.000,Manhã,Ativo,2
704,J. L. D. O. B. ,PUERICULTURA (AMBULATÓRIO),PRIMEIRA CONSULTA,ENFERMAGEM - PUERICULTURA,Ativo,Quarta,1970-01-01 07:00:00.000,Manhã,Ativo,2
704,J. L. D. O. B. ,PUERICULTURA (AMBULATÓRIO),RETORNO,ENFERMAGEM - PUERICULTURA,Ativo,Quarta,1970-01-01 07:00:00.000,Manhã,Ativo,4
704,J. L. D. O. B. ,PUERICULTURA (AMBULATÓRIO),PRIMEIRA CONSULTA,ENFERMAGEM - PUERICULTURA,Ativo,Quinta,1970-01-01 07:00:00.000,Manhã,Ativo,2
704,J. L. D. O. B. ,PUERICULTURA (AMBULATÓRIO),RETORNO,ENFERMAGEM - PUERICULTURA,Ativo,Quinta,1970-01-01 07:00:00.000,Manhã,Ativo,4
704,J. L. D. O. B. ,PUERICULTURA (AMBULATÓRIO),PRIMEIRA CONSULTA,ENFERMAGEM - PUERICULTURA,Ativo,Sexta,1970-01-01 07:00:00.000,Manhã,Ativo,2
704,J. L. D. O. B. ,PUERICULTURA (AMBULATÓRIO),RETORNO,ENFERMAGEM - PUERICULTURA,Ativo,Sexta,1970-01-01 07:00:00.000,Manhã,Ativo,4
706,S. H. E. ,PUERICULTURA (AMBULATÓRIO),RETORNO,PUERICULTURA - DESENVOLVIMENTO,Ativo,Quinta,1970-01-01 07:00:00.000,Manhã,Ativo,4
708,J. A. F. ,NUTRIÇÃO,RETORNO,NUTRIÇÃO,Inativo,Quarta,1970-01-01 13:00:00.000,Tarde,Inativo,5
710,C. C. E. S. ,PUERICULTURA (AMBULATÓRIO),RETORNO,PUERICULTURA - PALIVIZUMABE,Inativo,Segunda,1970-01-01 07:00:00.000,Manhã,Ativo,10
710,C. C. E. S. ,PUERICULTURA (AMBULATÓRIO),PRIMEIRA CONSULTA,PUERICULTURA - PALIVIZUMABE,Inativo,Segunda,1970-01-01 07:00:00.000,Manhã,Ativo,2
712,D. V. N. D. L. ,NUTRIÇÃO,RETORNO,NUTRIÇÃO (1 A 17 ANOS),Ativo,Quarta,1970-01-01 13:00:00.000,Tarde,Inativo,6
712,D. V. N. D. L. ,NUTRIÇÃO,INTERCONSULTA,NUTRIÇÃO (1 A 17 ANOS),Ativo,Quarta,1970-01-01 13:00:00.000,Tarde,Inativo,4
713,M. C. L. D. L. ,ONCOLOGIA (AMBULATÓRIO),RETORNO,NUTRIÇÃO - ONCO,Ativo,Segunda,1970-01-01 07:00:00.000,Manhã,Ativo,9
713,M. C. L. D. L. ,ONCOLOGIA (AMBULATÓRIO),INTERCONSULTA,NUTRIÇÃO - ONCO,Ativo,Segunda,1970-01-01 07:00:00.000,Manhã,Ativo,3
713,M. C. L. D. L. ,ONCOLOGIA (AMBULATÓRIO),RETORNO,NUTRIÇÃO - ONCO,Ativo,Terça,1970-01-01 07:00:00.000,Manhã,Ativo,9
713,M. C. L. D. L. ,ONCOLOGIA (AMBULATÓRIO),INTERCONSULTA,NUTRIÇÃO - ONCO,Ativo,Terça,1970-01-01 07:00:00.000,Manhã,Ativo,3
713,M. C. L. D. L. ,ONCOLOGIA (AMBULATÓRIO),INTERCONSULTA,NUTRIÇÃO - ONCO,Ativo,Quarta,1970-01-01 07:00:00.000,Manhã,Ativo,3
713,M. C. L. D. L. ,ONCOLOGIA (AMBULATÓRIO),RETORNO,NUTRIÇÃO - ONCO,Ativo,Quarta,1970-01-01 07:00:00.000,Manhã,Ativo,9
713,M. C. L. D. L. ,ONCOLOGIA (AMBULATÓRIO),INTERCONSULTA,NUTRIÇÃO - ONCO,Ativo,Quinta,1970-01-01 07:00:00.000,Manhã,Ativo,3
713,M. C. L. D. L. ,ONCOLOGIA (AMBULATÓRIO),RETORNO,NUTRIÇÃO - ONCO,Ativo,Quinta,1970-01-01 07:00:00.000,Manhã,Ativo,9
714,M. L. A. ,PEDIATRIA (AMBULATÓRIO),,PEDIATRIA - GASTRO,Inativo,,,,,
716,A. K. V. T. B. ,PUERICULTURA (AMBULATÓRIO),RETORNO,PUERICULTURA - NÚCLEO DE DESENV. INFANTIL,Inativo,Quarta,1970-01-01 07:00:00.000,Manhã,Ativo,4
718,D. S. C. D. L. ,CIRURGIA BARIATRICA,RETORNO,NUTRIÇÃO - CIRURGIA BARIÁTRICA,Ativo,Segunda,1970-01-01 07:00:00.000,Manhã,Ativo,3
718,D. S. C. D. L. ,CIRURGIA BARIATRICA,RETORNO,NUTRIÇÃO - CIRURGIA BARIÁTRICA,Ativo,Segunda,1970-01-01 13:00:00.000,Tarde,Ativo,4
718,D. S. C. D. L. ,CIRURGIA BARIATRICA,INTERCONSULTA,NUTRIÇÃO - CIRURGIA BARIÁTRICA,Ativo,Segunda,1970-01-01 13:00:00.000,Tarde,Ativo,2
718,D. S. C. D. L. ,CIRURGIA BARIATRICA,INTERCONSULTA,NUTRIÇÃO - CIRURGIA BARIÁTRICA,Ativo,Segunda,1970-01-01 07:00:00.000,Manhã,Ativo,3
718,D. S. C. D. L. ,CIRURGIA BARIATRICA,INTERCONSULTA,NUTRIÇÃO - CIRURGIA BARIÁTRICA,Ativo,Quinta,1970-01-01 07:00:00.000,Manhã,Ativo,3
718,D. S. C. D. L. ,CIRURGIA BARIATRICA,RETORNO,NUTRIÇÃO - CIRURGIA BARIÁTRICA,Ativo,Quinta,1970-01-01 07:00:00.000,Manhã,Ativo,3
719,J. A. F. ,NUTRIÇÃO,INTERCONSULTA,NUTRIÇÃO - NEFRO,Ativo,Segunda,1970-01-01 13:00:00.000,Tarde,Ativo,2
719,J. A. F. ,NUTRIÇÃO,RETORNO,NUTRIÇÃO - NEFRO,Ativo,Segunda,1970-01-01 13:00:00.000,Tarde,Ativo,3
719,J. A. F. ,NUTRIÇÃO,RETORNO,NUTRIÇÃO - NEFRO,Ativo,Terça,1970-01-01 13:00:00.000,Tarde,Ativo,3
719,J. A. F. ,NUTRIÇÃO,RETORNO,NUTRIÇÃO - NEFRO,Ativo,Terça,1970-01-01 07:00:00.000,Manhã,Ativo,4
719,J. A. F. ,NUTRIÇÃO,INTERCONSULTA,NUTRIÇÃO - NEFRO,Ativo,Terça,1970-01-01 13:00:00.000,Tarde,Ativo,2
719,J. A. F. ,NUTRIÇÃO,INTERCONSULTA,NUTRIÇÃO - NEFRO,Ativo,Terça,1970-01-01 07:00:00.000,Manhã,Ativo,2
720,G. Q. M. ,NUTRIÇÃO,RETORNO,NUTRIÇÃO - TERAPIA NUTRICIONAL,Ativo,Quarta,1970-01-01 13:00:00.000,Tarde,Ativo,4
722,C. H. Z. ,ONCOLOGIA (AMBULATÓRIO),INTERCONSULTA,ONCOLOGIA CLINICA,Ativo,Quarta,1970-01-01 13:00:00.000,Tarde,Ativo,2
722,C. H. Z. ,ONCOLOGIA (AMBULATÓRIO),RETORNO,ONCOLOGIA CLINICA,Ativo,Quarta,1970-01-01 13:00:00.000,Tarde,Ativo,10
724,I. Q. D. S. C. ,ONCOLOGIA (AMBULATÓRIO),RETORNO,ONCOLOGIA CLINICA,Ativo,Segunda,1970-01-01 13:00:00.000,Tarde,Ativo,12
724,I. Q. D. S. C. ,ONCOLOGIA (AMBULATÓRIO),INTERCONSULTA,ONCOLOGIA CLINICA,Ativo,Segunda,1970-01-01 13:00:00.000,Tarde,Ativo,2
726,P. R. A. ,ONCOLOGIA (AMBULATÓRIO),INTERCONSULTA,ONCOLOGIA CLINICA,Inativo,Terça,1970-01-01 13:00:00.000,Tarde,Ativo,3
726,P. R. A. ,ONCOLOGIA (AMBULATÓRIO),RETORNO,ONCOLOGIA CLINICA,Inativo,Terça,1970-01-01 13:00:00.000,Tarde,Ativo,20
726,P. R. A. ,ONCOLOGIA (AMBULATÓRIO),RETORNO,ONCOLOGIA CLINICA,Inativo,Quarta,1970-01-01 13:00:00.000,Tarde,Inativo,20
726,P. R. A. ,ONCOLOGIA (AMBULATÓRIO),RETORNO,ONCOLOGIA CLINICA,Inativo,Quarta,1970-01-01 07:00:00.000,Manhã,Inativo,20
726,P. R. A. ,ONCOLOGIA (AMBULATÓRIO),INTERCONSULTA,ONCOLOGIA CLINICA,Inativo,Quarta,1970-01-01 13:00:00.000,Tarde,Inativo,3
726,P. R. A. ,ONCOLOGIA (AMBULATÓRIO),INTERCONSULTA,ONCOLOGIA CLINICA,Inativo,Quarta,1970-01-01 07:00:00.000,Manhã,Inativo,3
726,P. R. A. ,ONCOLOGIA (AMBULATÓRIO),TELEATENDIMENTO,ONCOLOGIA CLINICA,Inativo,Quarta,1970-01-01 07:00:00.000,Manhã,Inativo,30
727,C. H. Z. ,ONCOLOGIA (AMBULATÓRIO),TELEATENDIMENTO,ONCOLOGIA CLINICA,Inativo,Quarta,1970-01-01 07:00:00.000,Manhã,Ativo,10
728,C. R. M. ,PSICOLOGIA (AMBULATÓRIO),RETORNO,PSICOLOGIA,Inativo,Quinta,1970-01-01 07:00:00.000,Manhã,Ativo,8
730,I. Q. D. S. C. ,ONCOLOGIA (AMBULATÓRIO),INTERCONSULTA,ONCOLOGIA - GENETICA,Ativo,Quinta,1970-01-01 07:00:00.000,Manhã,Ativo,2
730,I. Q. D. S. C. ,ONCOLOGIA (AMBULATÓRIO),RETORNO,ONCOLOGIA - GENETICA,Ativo,Quinta,1970-01-01 07:00:00.000,Manhã,Ativo,12
732,P. H. D. M. B. ,ONCOLOGIA (AMBULATÓRIO),RETORNO,CIRURGIA ONCOLOGICA,Inativo,Quinta,1970-01-01 07:00:00.000,Manhã,Inativo,10
732,P. H. D. M. B. ,ONCOLOGIA (AMBULATÓRIO),INTERCONSULTA,CIRURGIA ONCOLOGICA,Inativo,Quinta,1970-01-01 07:00:00.000,Manhã,Inativo,3
736,A. T. E. S. ,ESPAÇO TRANS (AMBULATÓRIO),RETORNO,GINECOLOGIA - ESPAÇO TRANS,Ativo,Quarta,1970-01-01 07:00:00.000,Manhã,Ativo,8
736,A. T. E. S. ,ESPAÇO TRANS (AMBULATÓRIO),INTERCONSULTA,GINECOLOGIA - ESPAÇO TRANS,Ativo,Quarta,1970-01-01 07:00:00.000,Manhã,Ativo,4
738,I. C. C. D. S. ,PEDIATRIA (AMBULATÓRIO),RETORNO,PEDIATRIA,Ativo,Terça,1970-01-01 07:00:00.000,Manhã,Ativo,4
738,I. C. C. D. S. ,PEDIATRIA (AMBULATÓRIO),RETORNO,PEDIATRIA,Ativo,Quarta,1970-01-01 13:00:00.000,Tarde,Ativo,4
738,I. C. C. D. S. ,PEDIATRIA (AMBULATÓRIO),RETORNO,PEDIATRIA,Ativo,Quarta,1970-01-01 07:00:00.000,Manhã,Ativo,4
740,A. C. A. M. F. ,ALERGIA E IMUNOLOGIA (AMBULATÓRIO),RETORNO,ALERGIA E IMUNOLOGIA,Inativo,Quarta,1970-01-01 07:00:00.000,Manhã,Inativo,4
740,A. C. A. M. F. ,ALERGIA E IMUNOLOGIA (AMBULATÓRIO),CONSULTA REGULADA,ALERGIA E IMUNOLOGIA,Inativo,Quarta,1970-01-01 10:00:00.000,Manhã,Inativo,2
742,A. C. A. M. F. ,ALERGIA E IMUNOLOGIA (AMBULATÓRIO),RETORNO,ALERGIA - RINITE,Inativo,Quarta,1970-01-01 07:00:00.000,Manhã,Ativo,4
742,A. C. A. M. F. ,ALERGIA E IMUNOLOGIA (AMBULATÓRIO),INTERCONSULTA,ALERGIA - RINITE,Inativo,Quarta,1970-01-01 07:00:00.000,Manhã,Ativo,2
743,A. C. A. M. F. ,ALERGIA E IMUNOLOGIA (AMBULATÓRIO),RETORNO,ALERGIA - ASMA E CONJUNTIVITE,Ativo,Quinta,1970-01-01 13:00:00.000,Tarde,Ativo,4
744,L. J. D. B. B. ,ONCOLOGIA (AMBULATÓRIO),INTERCONSULTA,ONCOLOGIA CLINICA,Ativo,Quarta,1970-01-01 13:00:00.000,Tarde,Ativo,3
744,L. J. D. B. B. ,ONCOLOGIA (AMBULATÓRIO),RETORNO,ONCOLOGIA CLINICA,Ativo,Quarta,1970-01-01 13:00:00.000,Tarde,Ativo,10
744,L. J. D. B. B. ,ONCOLOGIA (AMBULATÓRIO),INTERCONSULTA,ONCOLOGIA CLINICA,Ativo,Sexta,1970-01-01 13:00:00.000,Tarde,Ativo,3
744,L. J. D. B. B. ,ONCOLOGIA (AMBULATÓRIO),RETORNO,ONCOLOGIA CLINICA,Ativo,Sexta,1970-01-01 13:00:00.000,Tarde,Ativo,10
746,A. C. A. M. F. ,ALERGIA E IMUNOLOGIA (AMBULATÓRIO),RETORNO,ALERGIA - DERMATOSES ALERGICAS,Ativo,Sexta,1970-01-01 07:00:00.000,Manhã,Ativo,4
748,M. I. L. L. ,PEDIATRIA (AMBULATÓRIO),RETORNO,PEDIATRIA,Ativo,Segunda,1970-01-01 07:00:00.000,Manhã,Ativo,4
748,M. I. L. L. ,PEDIATRIA (AMBULATÓRIO),CONSULTA REGULADA,PEDIATRIA,Ativo,Terça,1970-01-01 07:00:00.000,Manhã,Ativo,4
748,M. I. L. L. ,PEDIATRIA (AMBULATÓRIO),RETORNO,PEDIATRIA,Ativo,Quarta,1970-01-01 13:00:00.000,Tarde,Ativo,4
748,M. I. L. L. ,PEDIATRIA (AMBULATÓRIO),CONSULTA REGULADA,PEDIATRIA,Ativo,Quarta,1970-01-01 07:00:00.000,Manhã,Ativo,4
748,M. I. L. L. ,PEDIATRIA (AMBULATÓRIO),RETORNO,PEDIATRIA,Ativo,Quinta,1970-01-01 07:00:00.000,Manhã,Ativo,4
752,E. N. D. B. ,PSICOLOGIA (AMBULATÓRIO),RETORNO,PSICOLOGIA,Inativo,Sexta,1970-01-01 13:00:00.000,Tarde,Ativo,2
754,A. T. B. D. M. ,ENDOCRINOLOGIA (AMBULATÓRIO),RETORNO,ENDOCRINOLOGIA - DIABETES,Ativo,Quarta,1970-01-01 13:00:00.000,Tarde,Ativo,10
754,A. T. B. D. M. ,ENDOCRINOLOGIA (AMBULATÓRIO),RETORNO,ENDOCRINOLOGIA - DIABETES,Ativo,Quinta,1970-01-01 13:00:00.000,Tarde,Ativo,10
756,A. H. D. A. F. ,ENDOCRINOLOGIA (AMBULATÓRIO),CONSULTA REGULADA,ENDOCRINOLOGIA - PEDIATRIA,Ativo,Terça,1970-01-01 15:30:00.000,Tarde,Ativo,1
756,A. H. D. A. F. ,ENDOCRINOLOGIA (AMBULATÓRIO),RETORNO,ENDOCRINOLOGIA - PEDIATRIA,Ativo,Terça,1970-01-01 07:00:00.000,Manhã,Ativo,5
756,A. H. D. A. F. ,ENDOCRINOLOGIA (AMBULATÓRIO),CONSULTA REGULADA,ENDOCRINOLOGIA - PEDIATRIA,Ativo,Terça,1970-01-01 10:00:00.000,Manhã,Ativo,1
756,A. H. D. A. F. ,ENDOCRINOLOGIA (AMBULATÓRIO),RETORNO,ENDOCRINOLOGIA - PEDIATRIA,Ativo,Terça,1970-01-01 13:00:00.000,Tarde,Ativo,4
756,A. H. D. A. F. ,ENDOCRINOLOGIA (AMBULATÓRIO),RETORNO,ENDOCRINOLOGIA - PEDIATRIA,Ativo,Quinta,1970-01-01 07:00:00.000,Manhã,Ativo,5
756,A. H. D. A. F. ,ENDOCRINOLOGIA (AMBULATÓRIO),INTERCONSULTA,ENDOCRINOLOGIA - PEDIATRIA,Ativo,Quinta,1970-01-01 07:00:00.000,Manhã,Ativo,1
756,A. H. D. A. F. ,ENDOCRINOLOGIA (AMBULATÓRIO),TELEATENDIMENTO,ENDOCRINOLOGIA - PEDIATRIA,Ativo,Quinta,1970-01-01 15:00:00.000,Tarde,Inativo,5
756,A. H. D. A. F. ,ENDOCRINOLOGIA (AMBULATÓRIO),RETORNO,ENDOCRINOLOGIA - PEDIATRIA,Ativo,Quinta,1970-01-01 13:00:00.000,Tarde,Ativo,5
756,A. H. D. A. F. ,ENDOCRINOLOGIA (AMBULATÓRIO),CONSULTA REGULADA,ENDOCRINOLOGIA - PEDIATRIA,Ativo,Quinta,1970-01-01 15:30:00.000,Tarde,Ativo,1
758,L. D. F. A. C. ,DERMATOLOGIA (AMBULATÓRIO),RETORNO,ENFERMAGEM - DERMATO,Ativo,Segunda,1970-01-01 07:00:00.000,Manhã,Ativo,5
758,L. D. F. A. C. ,DERMATOLOGIA (AMBULATÓRIO),RETORNO,ENFERMAGEM - DERMATO,Ativo,Terça,1970-01-01 07:00:00.000,Manhã,Ativo,5
758,L. D. F. A. C. ,DERMATOLOGIA (AMBULATÓRIO),RETORNO,ENFERMAGEM - DERMATO,Ativo,Quarta,1970-01-01 07:00:00.000,Manhã,Ativo,5
758,L. D. F. A. C. ,DERMATOLOGIA (AMBULATÓRIO),RETORNO,ENFERMAGEM - DERMATO,Ativo,Quinta,1970-01-01 07:00:00.000,Manhã,Ativo,5
758,L. D. F. A. C. ,DERMATOLOGIA (AMBULATÓRIO),RETORNO,ENFERMAGEM - DERMATO,Ativo,Sexta,1970-01-01 07:00:00.000,Manhã,Ativo,5
760,P. C. L. D. A. ,CIRURGIA GERAL (AMBULATÓRIO),RETORNO,CIRURGIA GERAL,Inativo,Quinta,1970-01-01 07:00:00.000,Manhã,Inativo,1
762,T. S. B. ,CIRURGIA GERAL (AMBULATÓRIO),RETORNO,CIRURGIA GERAL,Inativo,Quarta,1970-01-01 07:00:00.000,Manhã,Inativo,15
762,T. S. B. ,CIRURGIA GERAL (AMBULATÓRIO),INTERCONSULTA,CIRURGIA GERAL,Inativo,Quarta,1970-01-01 07:00:00.000,Manhã,Inativo,3
762,T. S. B. ,CIRURGIA GERAL (AMBULATÓRIO),CONSULTA REGULADA,CIRURGIA GERAL,Inativo,Quarta,1970-01-01 07:00:00.000,Manhã,Inativo,2
764,A. A. B. F. ,CIRURGIA GERAL (AMBULATÓRIO),RETORNO,CIRURGIA GERAL,Ativo,Segunda,1970-01-01 07:00:00.000,Manhã,Ativo,6
764,A. A. B. F. ,CIRURGIA GERAL (AMBULATÓRIO),CONSULTA REGULADA,CIRURGIA GERAL,Ativo,Segunda,1970-01-01 10:00:00.000,Manhã,Ativo,4
764,A. A. B. F. ,CIRURGIA GERAL (AMBULATÓRIO),INTERCONSULTA,CIRURGIA GERAL,Ativo,Segunda,1970-01-01 07:00:00.000,Manhã,Ativo,2
766,G. J. P. W. ,CIRURGIA GERAL (AMBULATÓRIO),CONSULTA REGULADA,CIRURGIA GERAL,Inativo,Quarta,1970-01-01 15:30:00.000,Tarde,Inativo,2
766,G. J. P. W. ,CIRURGIA GERAL (AMBULATÓRIO),INTERCONSULTA,CIRURGIA GERAL,Inativo,Quarta,1970-01-01 13:00:00.000,Tarde,Inativo,3
766,G. J. P. W. ,CIRURGIA GERAL (AMBULATÓRIO),RETORNO,CIRURGIA GERAL,Inativo,Quarta,1970-01-01 13:00:00.000,Tarde,Inativo,7
768,C. E. S. D. M. ,CIRURGIA GERAL (AMBULATÓRIO),INTERCONSULTA,CIRURGIA GERAL,Ativo,Terça,1970-01-01 13:00:00.000,Tarde,Ativo,2
768,C. E. S. D. M. ,CIRURGIA GERAL (AMBULATÓRIO),CONSULTA REGULADA,CIRURGIA GERAL,Ativo,Terça,1970-01-01 15:30:00.000,Tarde,Ativo,4
768,C. E. S. D. M. ,CIRURGIA GERAL (AMBULATÓRIO),RETORNO,CIRURGIA GERAL,Ativo,Terça,1970-01-01 13:00:00.000,Tarde,Ativo,6
769,N. D. S. L. ,CIRURGIA GERAL (AMBULATÓRIO),CONSULTA REGULADA,CIRURGIA GERAL,Ativo,Sexta,1970-01-01 10:00:00.000,Manhã,Ativo,2
769,N. D. S. L. ,CIRURGIA GERAL (AMBULATÓRIO),RETORNO,CIRURGIA GERAL,Ativo,Sexta,1970-01-01 07:00:00.000,Manhã,Ativo,7
769,N. D. S. L. ,CIRURGIA GERAL (AMBULATÓRIO),INTERCONSULTA,CIRURGIA GERAL,Ativo,Sexta,1970-01-01 07:00:00.000,Manhã,Ativo,3
770,J. G. C. D. A. J. ,CIRURGIA GERAL (AMBULATÓRIO),INTERCONSULTA,CIRURGIA GERAL,Ativo,Quarta,1970-01-01 07:00:00.000,Manhã,Ativo,2
770,J. G. C. D. A. J. ,CIRURGIA GERAL (AMBULATÓRIO),CONSULTA REGULADA,CIRURGIA GERAL,Ativo,Quarta,1970-01-01 10:00:00.000,Manhã,Ativo,4
770,J. G. C. D. A. J. ,CIRURGIA GERAL (AMBULATÓRIO),RETORNO,CIRURGIA GERAL,Ativo,Quarta,1970-01-01 07:00:00.000,Manhã,Ativo,6
772,L. T. D. S. ,CIRURGIA GERAL (AMBULATÓRIO),INTERCONSULTA,CIRURGIA GERAL,Ativo,Terça,1970-01-01 07:00:00.000,Manhã,Ativo,1
772,L. T. D. S. ,CIRURGIA GERAL (AMBULATÓRIO),RETORNO,CIRURGIA GERAL,Ativo,Terça,1970-01-01 07:00:00.000,Manhã,Ativo,6
772,L. T. D. S. ,CIRURGIA GERAL (AMBULATÓRIO),CONSULTA REGULADA,CIRURGIA GERAL,Ativo,Terça,1970-01-01 10:00:00.000,Manhã,Ativo,3
773,M. R. C. D. C. ,CIRURGIA GERAL (AMBULATÓRIO),CONSULTA REGULADA,CIRURGIA GERAL,Ativo,Quarta,1970-01-01 15:30:00.000,Tarde,Ativo,4
773,M. R. C. D. C. ,CIRURGIA GERAL (AMBULATÓRIO),INTERCONSULTA,CIRURGIA GERAL,Ativo,Quarta,1970-01-01 13:00:00.000,Tarde,Ativo,2
773,M. R. C. D. C. ,CIRURGIA GERAL (AMBULATÓRIO),RETORNO,CIRURGIA GERAL,Ativo,Quarta,1970-01-01 13:00:00.000,Tarde,Ativo,6
774,G. C. A. ,CIRURGIA GERAL (AMBULATÓRIO),RETORNO,CIRURGIA GERAL,Inativo,Sexta,1970-01-01 07:00:00.000,Manhã,Ativo,7
774,G. C. A. ,CIRURGIA GERAL (AMBULATÓRIO),INTERCONSULTA,CIRURGIA GERAL,Inativo,Sexta,1970-01-01 07:00:00.000,Manhã,Ativo,3
774,G. C. A. ,CIRURGIA GERAL (AMBULATÓRIO),CONSULTA REGULADA,CIRURGIA GERAL,Inativo,Sexta,1970-01-01 10:00:00.000,Manhã,Ativo,2
776,C. G. N. ,CIRURGIA GERAL (AMBULATÓRIO),RETORNO,CIRURGIA GERAL,Inativo,Segunda,1970-01-01 07:00:00.000,Manhã,Inativo,7
776,C. G. N. ,CIRURGIA GERAL (AMBULATÓRIO),CONSULTA REGULADA,CIRURGIA GERAL,Inativo,Segunda,1970-01-01 10:00:00.000,Manhã,Inativo,1
776,C. G. N. ,CIRURGIA GERAL (AMBULATÓRIO),INTERCONSULTA,CIRURGIA GERAL,Inativo,Segunda,1970-01-01 07:00:00.000,Manhã,Inativo,2
778,G. H. C. D. D. A. ,CIRURGIA GERAL (AMBULATÓRIO),CONSULTA REGULADA,CIRURGIA GERAL,Inativo,Quarta,1970-01-01 07:00:00.000,Manhã,Inativo,2
778,G. H. C. D. D. A. ,CIRURGIA GERAL (AMBULATÓRIO),INTERCONSULTA,CIRURGIA GERAL,Inativo,Quarta,1970-01-01 07:00:00.000,Manhã,Inativo,2
778,G. H. C. D. D. A. ,CIRURGIA GERAL (AMBULATÓRIO),RETORNO,CIRURGIA GERAL,Inativo,Quarta,1970-01-01 07:00:00.000,Manhã,Inativo,15
779,A. M. P. D. A. ,CIRURGIA GERAL (AMBULATÓRIO),CONSULTA REGULADA,CIRURGIA GERAL,Inativo,Terça,1970-01-01 10:00:00.000,Manhã,Inativo,2
779,A. M. P. D. A. ,CIRURGIA GERAL (AMBULATÓRIO),INTERCONSULTA,CIRURGIA GERAL,Inativo,Terça,1970-01-01 07:00:00.000,Manhã,Inativo,3
779,A. M. P. D. A. ,CIRURGIA GERAL (AMBULATÓRIO),RETORNO,CIRURGIA GERAL,Inativo,Terça,1970-01-01 07:00:00.000,Manhã,Inativo,7
780,A. F. D. M. N. ,CIRURGIA GERAL (AMBULATÓRIO),CONSULTA REGULADA,CIRURGIA GERAL,Inativo,Segunda,1970-01-01 10:00:00.000,Manhã,Inativo,2
780,A. F. D. M. N. ,CIRURGIA GERAL (AMBULATÓRIO),RETORNO,CIRURGIA GERAL,Inativo,Segunda,1970-01-01 07:00:00.000,Manhã,Inativo,7
780,A. F. D. M. N. ,CIRURGIA GERAL (AMBULATÓRIO),INTERCONSULTA,CIRURGIA GERAL,Inativo,Segunda,1970-01-01 07:00:00.000,Manhã,Inativo,3
782,I. C. F. D. O. ,DERMATOLOGIA (AMBULATÓRIO),RETORNO,DERMATOLOGIA,Ativo,Terça,1970-01-01 07:00:00.000,Manhã,Inativo,10
782,I. C. F. D. O. ,DERMATOLOGIA (AMBULATÓRIO),RETORNO,DERMATOLOGIA,Ativo,Quinta,1970-01-01 13:00:00.000,Tarde,Ativo,36
784,A. P. P. D. S. V. ,CIRURGIA BARIATRICA,INTERCONSULTA,ENFERMAGEM - CIRURGIA BARIÁTRICA,Ativo,Segunda,1970-01-01 07:00:00.000,Manhã,Ativo,3
784,A. P. P. D. S. V. ,CIRURGIA BARIATRICA,CONSULTA REGULADA,ENFERMAGEM - CIRURGIA BARIÁTRICA,Ativo,Segunda,1970-01-01 10:00:00.000,Manhã,Ativo,2
784,A. P. P. D. S. V. ,CIRURGIA BARIATRICA,RETORNO,ENFERMAGEM - CIRURGIA BARIÁTRICA,Ativo,Sexta,1970-01-01 07:00:00.000,Manhã,Ativo,4
785,E. B. S. D. M. ,CIRURGIA BARIATRICA,RETORNO,ENFERMAGEM - CIRURGIA BARIÁTRICA,Ativo,Quarta,1970-01-01 13:00:00.000,Tarde,Ativo,4
785,E. B. S. D. M. ,CIRURGIA BARIATRICA,RETORNO,ENFERMAGEM - CIRURGIA BARIÁTRICA,Ativo,Sexta,1970-01-01 13:00:00.000,Tarde,Ativo,4
786,M. G. D. S. L. ,CIRURGIA BARIATRICA,RETORNO,ENFERMAGEM - CIRURGIA BARIÁTRICA,Inativo,Quinta,1970-01-01 07:00:00.000,Manhã,Inativo,4
787,F. E. B. A. L. ,CIRURGIA GERAL (AMBULATÓRIO),INTERCONSULTA,PROCTOLOGIA,Inativo,Terça,1970-01-01 13:00:00.000,Tarde,Ativo,3
787,F. E. B. A. L. ,CIRURGIA GERAL (AMBULATÓRIO),RETORNO,PROCTOLOGIA,Inativo,Terça,1970-01-01 13:00:00.000,Tarde,Ativo,15
788,M. D. F. D. M. B. ,DERMATOLOGIA (AMBULATÓRIO),INTERCONSULTA,DERMATOLOGIA,Ativo,Quarta,1970-01-01 07:00:00.000,Manhã,Ativo,2
788,M. D. F. D. M. B. ,DERMATOLOGIA (AMBULATÓRIO),CONSULTA REGULADA,DERMATOLOGIA,Ativo,Quarta,1970-01-01 10:00:00.000,Manhã,Ativo,8
788,M. D. F. D. M. B. ,DERMATOLOGIA (AMBULATÓRIO),RETORNO,DERMATOLOGIA,Ativo,Quarta,1970-01-01 07:00:00.000,Manhã,Ativo,10
790,O. F. D. N. ,CIRURGIA GERAL (AMBULATÓRIO),RETORNO,PROCTOLOGIA,Inativo,Terça,1970-01-01 07:00:00.000,Manhã,Inativo,6
790,O. F. D. N. ,CIRURGIA GERAL (AMBULATÓRIO),INTERCONSULTA,PROCTOLOGIA,Inativo,Terça,1970-01-01 07:00:00.000,Manhã,Inativo,2
790,O. F. D. N. ,CIRURGIA GERAL (AMBULATÓRIO),CONSULTA REGULADA,PROCTOLOGIA,Inativo,Terça,1970-01-01 10:00:00.000,Manhã,Inativo,4
791,O. F. D. N. ,CIRURGIA GERAL (AMBULATÓRIO),RETORNO,PROCTOLOGIA - ESPAÇO TRANS,Inativo,Terça,1970-01-01 07:00:00.000,Manhã,Ativo,1
792,O. F. D. N. ,CIRURGIA GERAL (AMBULATÓRIO),RETORNO,PROCTOLOGIA - FISIOLOGIA ANORRETAL,Inativo,Terça,1970-01-01 07:00:00.000,Manhã,Ativo,15
793,R. R. S. ,CIRURGIA GERAL (AMBULATÓRIO),INTERCONSULTA,SERVIÇO SOCIAL - CIRURGIA GERAL,Ativo,Segunda,1970-01-01 13:00:00.000,Tarde,Ativo,6
793,R. R. S. ,CIRURGIA GERAL (AMBULATÓRIO),RETORNO,SERVIÇO SOCIAL - CIRURGIA GERAL,Ativo,Segunda,1970-01-01 07:00:00.000,Manhã,Ativo,2
793,R. R. S. ,CIRURGIA GERAL (AMBULATÓRIO),RETORNO,SERVIÇO SOCIAL - CIRURGIA GERAL,Ativo,Segunda,1970-01-01 13:00:00.000,Tarde,Ativo,2
793,R. R. S. ,CIRURGIA GERAL (AMBULATÓRIO),RETORNO,SERVIÇO SOCIAL - CIRURGIA GERAL,Ativo,Quarta,1970-01-01 07:00:00.000,Manhã,Ativo,2
793,R. R. S. ,CIRURGIA GERAL (AMBULATÓRIO),RETORNO,SERVIÇO SOCIAL - CIRURGIA GERAL,Ativo,Quinta,1970-01-01 07:00:00.000,Manhã,Ativo,2
793,R. R. S. ,CIRURGIA GERAL (AMBULATÓRIO),RETORNO,SERVIÇO SOCIAL - CIRURGIA GERAL,Ativo,Sexta,1970-01-01 07:00:00.000,Manhã,Ativo,2
794,F. K. ,CIRURGIA BARIATRICA,RETORNO,CIRURGIA BARIATRICA,Ativo,Segunda,1970-01-01 13:00:00.000,Tarde,Ativo,10
796,M. H. D. O. ,DERMATOLOGIA (AMBULATÓRIO),RETORNO,DERMATOLOGIA,Ativo,Segunda,1970-01-01 13:00:00.000,Tarde,Inativo,36
796,M. H. D. O. ,DERMATOLOGIA (AMBULATÓRIO),RETORNO,DERMATOLOGIA,Ativo,Segunda,1970-01-01 07:00:00.000,Manhã,Inativo,10
796,M. H. D. O. ,DERMATOLOGIA (AMBULATÓRIO),RETORNO,DERMATOLOGIA,Ativo,Terça,1970-01-01 13:00:00.000,Tarde,Ativo,24
798,M. H. D. O. ,DERMATOLOGIA (AMBULATÓRIO),RETORNO,DERMATOLOGIA - CIRURGIA,Ativo,Segunda,1970-01-01 13:00:00.000,Tarde,Ativo,2
798,M. H. D. O. ,DERMATOLOGIA (AMBULATÓRIO),RETORNO,DERMATOLOGIA - CIRURGIA,Ativo,Segunda,1970-01-01 07:00:00.000,Manhã,Inativo,20
798,M. H. D. O. ,DERMATOLOGIA (AMBULATÓRIO),RETORNO,DERMATOLOGIA - CIRURGIA,Ativo,Sexta,1970-01-01 07:00:00.000,Manhã,Inativo,20
799,F. J. R. D. O. ,DERMATOLOGIA (AMBULATÓRIO),RETORNO,DERMATOLOGIA - CIRURGIA,Ativo,Terça,1970-01-01 07:00:00.000,Manhã,Ativo,4
799,F. J. R. D. O. ,DERMATOLOGIA (AMBULATÓRIO),RETORNO,DERMATOLOGIA - CIRURGIA,Ativo,Quarta,1970-01-01 07:00:00.000,Manhã,Ativo,4
800,M. H. D. O. ,DERMATOLOGIA (AMBULATÓRIO),RETORNO,DERMATOLOGIA - HANSENIASE,Ativo,Terça,1970-01-01 07:00:00.000,Manhã,Ativo,4
801,M. D. F. D. M. B. ,DERMATOLOGIA (AMBULATÓRIO),RETORNO,DERMATOLOGIA - COSMIATRIA,Ativo,Sexta,1970-01-01 07:00:00.000,Manhã,Ativo,6
802,I. C. F. D. O. ,DERMATOLOGIA (AMBULATÓRIO),RETORNO,DERMATOLOGIA - PSORIASE,Ativo,Segunda,1970-01-01 07:00:00.000,Manhã,Ativo,10
804,M. H. D. O. ,DERMATOLOGIA (AMBULATÓRIO),RETORNO,DERMATOLOGIA - UNHAS E CABELOS,Ativo,Quarta,1970-01-01 07:00:00.000,Manhã,Ativo,6
805,I. C. F. D. O. ,DERMATOLOGIA (AMBULATÓRIO),RETORNO,DERMATOLOGIA - DERMATOSES TROPICAIS,Inativo,Quinta,1970-01-01 07:00:00.000,Manhã,Ativo,8
806,M. D. F. D. M. B. ,DERMATOLOGIA (AMBULATÓRIO),RETORNO,DERMATOLOGIA - REUNIÃO CLÍNICA,Ativo,Terça,1970-01-01 07:00:00.000,Manhã,Ativo,6
812,G. G. D. T. ,ORTOPEDIA (AMBULATÓRIO),RETORNO,ORTOPEDIA - COLUNA,Ativo,Terça,1970-01-01 07:00:00.000,Manhã,Ativo,5
813,G. L. D. C. ,ORTOPEDIA (AMBULATÓRIO),CONSULTA REGULADA,ORTOPEDIA - JOELHO (TRIAGEM),Inativo,Segunda,1970-01-01 13:00:00.000,Tarde,Inativo,2
813,G. L. D. C. ,ORTOPEDIA (AMBULATÓRIO),INTERCONSULTA,ORTOPEDIA - JOELHO (TRIAGEM),Inativo,Segunda,1970-01-01 13:00:00.000,Tarde,Inativo,3
813,G. L. D. C. ,ORTOPEDIA (AMBULATÓRIO),RETORNO,ORTOPEDIA - JOELHO (TRIAGEM),Inativo,Segunda,1970-01-01 07:00:00.000,Manhã,Inativo,15
813,G. L. D. C. ,ORTOPEDIA (AMBULATÓRIO),RETORNO,ORTOPEDIA - JOELHO (TRIAGEM),Inativo,Segunda,1970-01-01 13:00:00.000,Tarde,Inativo,5
813,G. L. D. C. ,ORTOPEDIA (AMBULATÓRIO),INTERCONSULTA,ORTOPEDIA - JOELHO (TRIAGEM),Inativo,Quinta,1970-01-01 07:00:00.000,Manhã,Inativo,3
813,G. L. D. C. ,ORTOPEDIA (AMBULATÓRIO),CONSULTA REGULADA,ORTOPEDIA - JOELHO (TRIAGEM),Inativo,Quinta,1970-01-01 07:00:00.000,Manhã,Inativo,2
814,M. D. F. D. M. B. ,DERMATOLOGIA (AMBULATÓRIO),,DERMATOLOGIA - DISCROMIAS,Inativo,,,,,
816,N. G. C. ,REUMATOLOGIA (AMBULATÓRIO),RETORNO,REUMATOLOGIA,Inativo,Quinta,1970-01-01 07:00:00.000,Manhã,Inativo,6
816,N. G. C. ,REUMATOLOGIA (AMBULATÓRIO),INTERCONSULTA,REUMATOLOGIA,Inativo,Quinta,1970-01-01 07:00:00.000,Manhã,Inativo,2
818,A. L. B. P. D. ,REUMATOLOGIA (AMBULATÓRIO),RETORNO,REUMATOLOGIA - CHIKUNGUNYA,Inativo,Segunda,1970-01-01 07:00:00.000,Manhã,Ativo,30
819,R. S. G. G. ,REUMATOLOGIA (AMBULATÓRIO),RETORNO,REUMATOLOGIA - CHIKUNGUNYA,Inativo,Segunda,1970-01-01 07:00:00.000,Manhã,Inativo,30
820,A. C. P. ,REUMATOLOGIA (AMBULATÓRIO),,REUMATOLOGIA - SINDROME DE SJOGREN,Inativo,,,,,
822,A. T. D. ,REUMATOLOGIA (AMBULATÓRIO),RETORNO,REUMATOLOGIA - ESCLEROSE SISTEMICA,Ativo,Quarta,1970-01-01 07:00:00.000,Manhã,Ativo,6
823,R. S. G. G. ,REUMATOLOGIA (AMBULATÓRIO),RETORNO,REUMATOLOGIA - ESCLEROSE SISTEMICA,Ativo,Quarta,1970-01-01 07:00:00.000,Manhã,Ativo,6
824,G. V. D. M. ,ORTOPEDIA (AMBULATÓRIO),RETORNO,ORTOPEDIA - MÃO,Ativo,Quarta,1970-01-01 07:00:00.000,Manhã,Ativo,10
825,A. T. B. D. M. ,ENDOCRINOLOGIA (AMBULATÓRIO),RETORNO,ENDOCRINOLOGIA - OBESIDADE,Ativo,Segunda,1970-01-01 13:00:00.000,Tarde,Ativo,10
826,A. L. B. P. D. ,REUMATOLOGIA (AMBULATÓRIO),RETORNO,REUMATOLOGIA - ARTRITE REUMATOIDE,Inativo,Terça,1970-01-01 07:00:00.000,Manhã,Inativo,4
828,A. T. D. ,REUMATOLOGIA (AMBULATÓRIO),RETORNO,REUMATOLOGIA - ARTRITE REUMATOIDE,Inativo,Quarta,1970-01-01 13:00:00.000,Tarde,Inativo,40
830,R. S. G. G. ,REUMATOLOGIA (AMBULATÓRIO),RETORNO,REUMATOLOGIA - ARTRITE REUMATOIDE,Ativo,Terça,1970-01-01 07:00:00.000,Manhã,Ativo,7
830,R. S. G. G. ,REUMATOLOGIA (AMBULATÓRIO),RETORNO,REUMATOLOGIA - ARTRITE REUMATOIDE,Ativo,Quarta,1970-01-01 13:00:00.000,Tarde,Ativo,10
831,A. L. B. P. D. ,REUMATOLOGIA (AMBULATÓRIO),RETORNO,REUMATOLOGIA - LUPUS,Inativo,Quinta,1970-01-01 13:00:00.000,Tarde,Ativo,10
832,V. F. D. V. ,REUMATOLOGIA (AMBULATÓRIO),RETORNO,REUMATOLOGIA - LUPUS,Inativo,Quinta,1970-01-01 13:00:00.000,Tarde,Inativo,40
834,N. G. C. ,REUMATOLOGIA (AMBULATÓRIO),RETORNO,REUMATOLOGIA - ESPONDILOARTRITES,Inativo,Terça,1970-01-01 13:00:00.000,Tarde,Ativo,10
835,S. V. C. ,REUMATOLOGIA (AMBULATÓRIO),RETORNO,REUMATOLOGIA - OSTEOARTRITE,Inativo,Segunda,1970-01-01 13:00:00.000,Tarde,Ativo,40
836,A. L. B. P. D. ,REUMATOLOGIA (AMBULATÓRIO),RETORNO,REUMATOLOGIA - ARTRITE PSORITICA,Inativo,Segunda,1970-01-01 07:00:00.000,Manhã,Inativo,30
837,R. S. G. G. ,REUMATOLOGIA (AMBULATÓRIO),RETORNO,REUMATOLOGIA - ARTRITE PSORITICA,Inativo,Segunda,1970-01-01 07:00:00.000,Manhã,Ativo,30
842,F. L. D. A. R. ,CCIH (AMBULATÓRIO),,ENFERMAGEM - CCIH,Inativo,,,,,
843,A. M. G. D. S. ,ORTOPEDIA (AMBULATÓRIO),RETORNO,ORTOPEDIA - QUADRIL,Ativo,Quinta,1970-01-01 07:00:00.000,Manhã,Ativo,1
846,L. M. D. S. ,CCIH (AMBULATÓRIO),PRIMEIRA CONSULTA,ENFERMAGEM - CCIH,Ativo,Segunda,1970-01-01 07:00:00.000,Manhã,Ativo,2
846,L. M. D. S. ,CCIH (AMBULATÓRIO),RETORNO,ENFERMAGEM - CCIH,Ativo,Segunda,1970-01-01 13:00:00.000,Tarde,Ativo,5
846,L. M. D. S. ,CCIH (AMBULATÓRIO),INTERCONSULTA,ENFERMAGEM - CCIH,Ativo,Segunda,1970-01-01 07:00:00.000,Manhã,Ativo,3
846,L. M. D. S. ,CCIH (AMBULATÓRIO),RETORNO,ENFERMAGEM - CCIH,Ativo,Segunda,1970-01-01 07:00:00.000,Manhã,Ativo,5
846,L. M. D. S. ,CCIH (AMBULATÓRIO),INTERCONSULTA,ENFERMAGEM - CCIH,Ativo,Segunda,1970-01-01 13:00:00.000,Tarde,Ativo,3
846,L. M. D. S. ,CCIH (AMBULATÓRIO),PRIMEIRA CONSULTA,ENFERMAGEM - CCIH,Ativo,Segunda,1970-01-01 13:00:00.000,Tarde,Ativo,2
846,L. M. D. S. ,CCIH (AMBULATÓRIO),PRIMEIRA CONSULTA,ENFERMAGEM - CCIH,Ativo,Terça,1970-01-01 07:00:00.000,Manhã,Ativo,2
846,L. M. D. S. ,CCIH (AMBULATÓRIO),RETORNO,ENFERMAGEM - CCIH,Ativo,Terça,1970-01-01 07:00:00.000,Manhã,Ativo,5
846,L. M. D. S. ,CCIH (AMBULATÓRIO),INTERCONSULTA,ENFERMAGEM - CCIH,Ativo,Terça,1970-01-01 07:00:00.000,Manhã,Ativo,3
846,L. M. D. S. ,CCIH (AMBULATÓRIO),PRIMEIRA CONSULTA,ENFERMAGEM - CCIH,Ativo,Terça,1970-01-01 13:00:00.000,Tarde,Ativo,2
846,L. M. D. S. ,CCIH (AMBULATÓRIO),INTERCONSULTA,ENFERMAGEM - CCIH,Ativo,Terça,1970-01-01 13:00:00.000,Tarde,Ativo,3
846,L. M. D. S. ,CCIH (AMBULATÓRIO),RETORNO,ENFERMAGEM - CCIH,Ativo,Terça,1970-01-01 13:00:00.000,Tarde,Ativo,5
846,L. M. D. S. ,CCIH (AMBULATÓRIO),INTERCONSULTA,ENFERMAGEM - CCIH,Ativo,Quarta,1970-01-01 07:00:00.000,Manhã,Ativo,3
846,L. M. D. S. ,CCIH (AMBULATÓRIO),RETORNO,ENFERMAGEM - CCIH,Ativo,Quarta,1970-01-01 13:00:00.000,Tarde,Ativo,5
846,L. M. D. S. ,CCIH (AMBULATÓRIO),PRIMEIRA CONSULTA,ENFERMAGEM - CCIH,Ativo,Quarta,1970-01-01 07:00:00.000,Manhã,Ativo,2
846,L. M. D. S. ,CCIH (AMBULATÓRIO),PRIMEIRA CONSULTA,ENFERMAGEM - CCIH,Ativo,Quarta,1970-01-01 13:00:00.000,Tarde,Ativo,2
846,L. M. D. S. ,CCIH (AMBULATÓRIO),RETORNO,ENFERMAGEM - CCIH,Ativo,Quarta,1970-01-01 07:00:00.000,Manhã,Ativo,5
846,L. M. D. S. ,CCIH (AMBULATÓRIO),INTERCONSULTA,ENFERMAGEM - CCIH,Ativo,Quarta,1970-01-01 13:00:00.000,Tarde,Ativo,3
846,L. M. D. S. ,CCIH (AMBULATÓRIO),RETORNO,ENFERMAGEM - CCIH,Ativo,Quinta,1970-01-01 13:00:00.000,Tarde,Ativo,5
846,L. M. D. S. ,CCIH (AMBULATÓRIO),PRIMEIRA CONSULTA,ENFERMAGEM - CCIH,Ativo,Quinta,1970-01-01 13:00:00.000,Tarde,Ativo,2
846,L. M. D. S. ,CCIH (AMBULATÓRIO),INTERCONSULTA,ENFERMAGEM - CCIH,Ativo,Quinta,1970-01-01 07:00:00.000,Manhã,Ativo,3
846,L. M. D. S. ,CCIH (AMBULATÓRIO),PRIMEIRA CONSULTA,ENFERMAGEM - CCIH,Ativo,Quinta,1970-01-01 07:00:00.000,Manhã,Ativo,2
846,L. M. D. S. ,CCIH (AMBULATÓRIO),RETORNO,ENFERMAGEM - CCIH,Ativo,Quinta,1970-01-01 07:00:00.000,Manhã,Ativo,5
846,L. M. D. S. ,CCIH (AMBULATÓRIO),INTERCONSULTA,ENFERMAGEM - CCIH,Ativo,Quinta,1970-01-01 13:00:00.000,Tarde,Ativo,3
846,L. M. D. S. ,CCIH (AMBULATÓRIO),RETORNO,ENFERMAGEM - CCIH,Ativo,Sexta,1970-01-01 13:00:00.000,Tarde,Ativo,5
846,L. M. D. S. ,CCIH (AMBULATÓRIO),INTERCONSULTA,ENFERMAGEM - CCIH,Ativo,Sexta,1970-01-01 07:00:00.000,Manhã,Ativo,3
846,L. M. D. S. ,CCIH (AMBULATÓRIO),PRIMEIRA CONSULTA,ENFERMAGEM - CCIH,Ativo,Sexta,1970-01-01 13:00:00.000,Tarde,Ativo,2
846,L. M. D. S. ,CCIH (AMBULATÓRIO),RETORNO,ENFERMAGEM - CCIH,Ativo,Sexta,1970-01-01 07:00:00.000,Manhã,Ativo,5
846,L. M. D. S. ,CCIH (AMBULATÓRIO),PRIMEIRA CONSULTA,ENFERMAGEM - CCIH,Ativo,Sexta,1970-01-01 07:00:00.000,Manhã,Ativo,2
846,L. M. D. S. ,CCIH (AMBULATÓRIO),INTERCONSULTA,ENFERMAGEM - CCIH,Ativo,Sexta,1970-01-01 13:00:00.000,Tarde,Ativo,3
847,R. M. V. G. ,CCIH (AMBULATÓRIO),RETORNO,ENFERMAGEM - CCIH,Inativo,Segunda,1970-01-01 07:00:00.000,Manhã,Ativo,10
847,R. M. V. G. ,CCIH (AMBULATÓRIO),RETORNO,ENFERMAGEM - CCIH,Inativo,Terça,1970-01-01 07:00:00.000,Manhã,Ativo,10
847,R. M. V. G. ,CCIH (AMBULATÓRIO),RETORNO,ENFERMAGEM - CCIH,Inativo,Quarta,1970-01-01 13:00:00.000,Tarde,Ativo,25
847,R. M. V. G. ,CCIH (AMBULATÓRIO),RETORNO,ENFERMAGEM - CCIH,Inativo,Quarta,1970-01-01 07:00:00.000,Manhã,Ativo,5
847,R. M. V. G. ,CCIH (AMBULATÓRIO),RETORNO,ENFERMAGEM - CCIH,Inativo,Sexta,1970-01-01 13:00:00.000,Tarde,Ativo,25
847,R. M. V. G. ,CCIH (AMBULATÓRIO),RETORNO,ENFERMAGEM - CCIH,Inativo,Sexta,1970-01-01 07:00:00.000,Manhã,Ativo,10
849,L. V. A. ,PEDIATRIA (AMBULATÓRIO),RETORNO,PEDIATRIA - NEURO,Inativo,Terça,1970-01-01 13:00:00.000,Tarde,Ativo,6
849,L. V. A. ,PEDIATRIA (AMBULATÓRIO),INTERCONSULTA,PEDIATRIA - NEURO,Inativo,Terça,1970-01-01 07:00:00.000,Manhã,Ativo,2
849,L. V. A. ,PEDIATRIA (AMBULATÓRIO),RETORNO,PEDIATRIA - NEURO,Inativo,Terça,1970-01-01 07:00:00.000,Manhã,Ativo,6
849,L. V. A. ,PEDIATRIA (AMBULATÓRIO),RETORNO,PEDIATRIA - NEURO,Inativo,Quarta,1970-01-01 13:00:00.000,Tarde,Ativo,8
849,L. V. A. ,PEDIATRIA (AMBULATÓRIO),CONSULTA REGULADA,PEDIATRIA - NEURO,Inativo,Quarta,1970-01-01 15:30:00.000,Tarde,Ativo,1
849,L. V. A. ,PEDIATRIA (AMBULATÓRIO),INTERCONSULTA,PEDIATRIA - NEURO,Inativo,Sexta,1970-01-01 13:00:00.000,Tarde,Ativo,2
849,L. V. A. ,PEDIATRIA (AMBULATÓRIO),RETORNO,PEDIATRIA - NEURO,Inativo,Sexta,1970-01-01 13:00:00.000,Tarde,Ativo,4
849,L. V. A. ,PEDIATRIA (AMBULATÓRIO),CONSULTA REGULADA,PEDIATRIA - NEURO,Inativo,Sexta,1970-01-01 15:30:00.000,Tarde,Ativo,1
852,G. G. D. T. ,ORTOPEDIA (AMBULATÓRIO),INTERCONSULTA,ORTOPEDIA - COLUNA (TRIAGEM),Ativo,Terça,1970-01-01 07:00:00.000,Manhã,Ativo,2
852,G. G. D. T. ,ORTOPEDIA (AMBULATÓRIO),CONSULTA REGULADA,ORTOPEDIA - COLUNA (TRIAGEM),Ativo,Terça,1970-01-01 10:00:00.000,Manhã,Ativo,3
854,C. M. P. ,CARDIOLOGIA (AMBULATÓRIO),RETORNO,CARDIOLOGIA,Ativo,Quarta,1970-01-01 07:00:00.000,Manhã,Ativo,5
854,C. M. P. ,CARDIOLOGIA (AMBULATÓRIO),CONSULTA REGULADA,CARDIOLOGIA,Ativo,Quarta,1970-01-01 10:00:00.000,Manhã,Ativo,4
854,C. M. P. ,CARDIOLOGIA (AMBULATÓRIO),RETORNO,CARDIOLOGIA,Ativo,Quinta,1970-01-01 07:00:00.000,Manhã,Ativo,5
854,C. M. P. ,CARDIOLOGIA (AMBULATÓRIO),RETORNO,CARDIOLOGIA,Ativo,Quinta,1970-01-01 13:00:00.000,Tarde,Ativo,12
854,C. M. P. ,CARDIOLOGIA (AMBULATÓRIO),CONSULTA REGULADA,CARDIOLOGIA,Ativo,Quinta,1970-01-01 10:00:00.000,Manhã,Ativo,4
855,S. G. D. L. ,CARDIOLOGIA (AMBULATÓRIO),RETORNO,CARDIOLOGIA,Ativo,Segunda,1970-01-01 13:00:00.000,Tarde,Ativo,6
855,S. G. D. L. ,CARDIOLOGIA (AMBULATÓRIO),CONSULTA REGULADA,CARDIOLOGIA,Ativo,Segunda,1970-01-01 15:30:00.000,Tarde,Ativo,3
855,S. G. D. L. ,CARDIOLOGIA (AMBULATÓRIO),INTERCONSULTA,CARDIOLOGIA,Ativo,Sexta,1970-01-01 07:00:00.000,Manhã,Ativo,1
855,S. G. D. L. ,CARDIOLOGIA (AMBULATÓRIO),RETORNO,CARDIOLOGIA,Ativo,Sexta,1970-01-01 07:00:00.000,Manhã,Ativo,6
855,S. G. D. L. ,CARDIOLOGIA (AMBULATÓRIO),CONSULTA REGULADA,CARDIOLOGIA,Ativo,Sexta,1970-01-01 10:00:00.000,Manhã,Ativo,4
856,C. M. P. ,CARDIOLOGIA (AMBULATÓRIO),INTERCONSULTA,CARDIO - RISCO CIRURGICO,Ativo,Quarta,1970-01-01 07:00:00.000,Manhã,Ativo,3
856,C. M. P. ,CARDIOLOGIA (AMBULATÓRIO),PRONTO-ATENDIMENTO,CARDIO - RISCO CIRURGICO,Ativo,Quinta,1970-01-01 07:00:00.000,Manhã,Ativo,1
856,C. M. P. ,CARDIOLOGIA (AMBULATÓRIO),INTERCONSULTA,CARDIO - RISCO CIRURGICO,Ativo,Quinta,1970-01-01 07:00:00.000,Manhã,Ativo,2
858,S. G. D. L. ,CARDIOLOGIA (AMBULATÓRIO),INTERCONSULTA,CARDIO - RISCO CIRURGICO,Ativo,Segunda,1970-01-01 13:00:00.000,Tarde,Ativo,3
858,S. G. D. L. ,CARDIOLOGIA (AMBULATÓRIO),INTERCONSULTA,CARDIO - RISCO CIRURGICO,Ativo,Quarta,1970-01-01 07:00:00.000,Manhã,Ativo,1
858,S. G. D. L. ,CARDIOLOGIA (AMBULATÓRIO),INTERCONSULTA,CARDIO - RISCO CIRURGICO,Ativo,Sexta,1970-01-01 07:00:00.000,Manhã,Ativo,2
860,G. R. E. S. D. Q. ,ALERGIA E IMUNOLOGIA (AMBULATÓRIO),,ALERGIA E IMUNOLOGIA,Inativo,,,,,
862,A. C. B. ,TERAPIA OCUPACIONAL,INTERCONSULTA,TERAPIA OCUPACIONAL,Inativo,Segunda,1970-01-01 07:00:00.000,Manhã,Inativo,2
862,A. C. B. ,TERAPIA OCUPACIONAL,RETORNO,TERAPIA OCUPACIONAL,Inativo,Segunda,1970-01-01 07:00:00.000,Manhã,Inativo,8
862,A. C. B. ,TERAPIA OCUPACIONAL,INTERCONSULTA,TERAPIA OCUPACIONAL,Inativo,Terça,1970-01-01 07:00:00.000,Manhã,Inativo,2
862,A. C. B. ,TERAPIA OCUPACIONAL,RETORNO,TERAPIA OCUPACIONAL,Inativo,Terça,1970-01-01 07:00:00.000,Manhã,Inativo,8
862,A. C. B. ,TERAPIA OCUPACIONAL,INTERCONSULTA,TERAPIA OCUPACIONAL,Inativo,Quinta,1970-01-01 07:00:00.000,Manhã,Inativo,2
862,A. C. B. ,TERAPIA OCUPACIONAL,RETORNO,TERAPIA OCUPACIONAL,Inativo,Quinta,1970-01-01 07:00:00.000,Manhã,Inativo,8
862,A. C. B. ,TERAPIA OCUPACIONAL,RETORNO,TERAPIA OCUPACIONAL,Inativo,Sexta,1970-01-01 07:00:00.000,Manhã,Inativo,8
862,A. C. B. ,TERAPIA OCUPACIONAL,INTERCONSULTA,TERAPIA OCUPACIONAL,Inativo,Sexta,1970-01-01 07:00:00.000,Manhã,Inativo,2
864,T. C. N. D. S. ,TERAPIA OCUPACIONAL,RETORNO,TERAPIA OCUPACIONAL - IDOSO,Ativo,Segunda,1970-01-01 08:00:00.000,Manhã,Ativo,6
864,T. C. N. D. S. ,TERAPIA OCUPACIONAL,RETORNO,TERAPIA OCUPACIONAL - IDOSO,Ativo,Segunda,1970-01-01 13:00:00.000,Tarde,Ativo,6
864,T. C. N. D. S. ,TERAPIA OCUPACIONAL,RETORNO,TERAPIA OCUPACIONAL - IDOSO,Ativo,Terça,1970-01-01 14:00:00.000,Tarde,Ativo,6
864,T. C. N. D. S. ,TERAPIA OCUPACIONAL,RETORNO,TERAPIA OCUPACIONAL - IDOSO,Ativo,Quarta,1970-01-01 08:00:00.000,Manhã,Ativo,6
864,T. C. N. D. S. ,TERAPIA OCUPACIONAL,RETORNO,TERAPIA OCUPACIONAL - IDOSO,Ativo,Quinta,1970-01-01 14:00:00.000,Tarde,Ativo,6
866,D. D. A. D. S. ,TERAPIA OCUPACIONAL,INTERCONSULTA,TERAPIA OCUPACIONAL - SAUDE MENTAL,Inativo,Terça,1970-01-01 07:00:00.000,Manhã,Inativo,1
866,D. D. A. D. S. ,TERAPIA OCUPACIONAL,RETORNO,TERAPIA OCUPACIONAL - SAUDE MENTAL,Inativo,Terça,1970-01-01 07:00:00.000,Manhã,Inativo,6
867,D. D. A. D. S. ,TERAPIA OCUPACIONAL,INTERCONSULTA,TERAPIA OCUPACIONAL - SAUDE MENTAL,Inativo,Quinta,1970-01-01 13:00:00.000,Tarde,Inativo,1
867,D. D. A. D. S. ,TERAPIA OCUPACIONAL,RETORNO,TERAPIA OCUPACIONAL - SAUDE MENTAL,Inativo,Quinta,1970-01-01 13:00:00.000,Tarde,Inativo,6
868,A. A. P. D. S. S. ,TERAPIA OCUPACIONAL,RETORNO,TERAPIA OCUPACIONAL - NEURO INFANTIL,Ativo,Segunda,1970-01-01 07:00:00.000,Manhã,Ativo,5
868,A. A. P. D. S. S. ,TERAPIA OCUPACIONAL,RETORNO,TERAPIA OCUPACIONAL - NEURO INFANTIL,Ativo,Terça,1970-01-01 07:00:00.000,Manhã,Ativo,5
868,A. A. P. D. S. S. ,TERAPIA OCUPACIONAL,RETORNO,TERAPIA OCUPACIONAL - NEURO INFANTIL,Ativo,Sexta,1970-01-01 13:00:00.000,Tarde,Ativo,5
870,G. C. M. S. ,ALERGIA E IMUNOLOGIA (AMBULATÓRIO),RETORNO,ENFERMAGEM - ALERGIA,Ativo,Segunda,1970-01-01 13:00:00.000,Tarde,Ativo,5
870,G. C. M. S. ,ALERGIA E IMUNOLOGIA (AMBULATÓRIO),RETORNO,ENFERMAGEM - ALERGIA,Ativo,Segunda,1970-01-01 07:00:00.000,Manhã,Ativo,5
870,G. C. M. S. ,ALERGIA E IMUNOLOGIA (AMBULATÓRIO),RETORNO,ENFERMAGEM - ALERGIA,Ativo,Terça,1970-01-01 13:00:00.000,Tarde,Ativo,5
870,G. C. M. S. ,ALERGIA E IMUNOLOGIA (AMBULATÓRIO),RETORNO,ENFERMAGEM - ALERGIA,Ativo,Terça,1970-01-01 07:00:00.000,Manhã,Ativo,5
870,G. C. M. S. ,ALERGIA E IMUNOLOGIA (AMBULATÓRIO),RETORNO,ENFERMAGEM - ALERGIA,Ativo,Quarta,1970-01-01 13:00:00.000,Tarde,Ativo,5
870,G. C. M. S. ,ALERGIA E IMUNOLOGIA (AMBULATÓRIO),RETORNO,ENFERMAGEM - ALERGIA,Ativo,Quarta,1970-01-01 07:00:00.000,Manhã,Ativo,5
870,G. C. M. S. ,ALERGIA E IMUNOLOGIA (AMBULATÓRIO),RETORNO,ENFERMAGEM - ALERGIA,Ativo,Quinta,1970-01-01 07:00:00.000,Manhã,Ativo,5
870,G. C. M. S. ,ALERGIA E IMUNOLOGIA (AMBULATÓRIO),RETORNO,ENFERMAGEM - ALERGIA,Ativo,Quinta,1970-01-01 13:00:00.000,Tarde,Ativo,5
870,G. C. M. S. ,ALERGIA E IMUNOLOGIA (AMBULATÓRIO),RETORNO,ENFERMAGEM - ALERGIA,Ativo,Sexta,1970-01-01 07:00:00.000,Manhã,Ativo,5
870,G. C. M. S. ,ALERGIA E IMUNOLOGIA (AMBULATÓRIO),RETORNO,ENFERMAGEM - ALERGIA,Ativo,Sexta,1970-01-01 13:00:00.000,Tarde,Ativo,5
871,K. L. A. B. ,ALERGIA E IMUNOLOGIA (AMBULATÓRIO),RETORNO,ENFERMAGEM - ALERGIA,Ativo,Segunda,1970-01-01 13:00:00.000,Tarde,Ativo,5
871,K. L. A. B. ,ALERGIA E IMUNOLOGIA (AMBULATÓRIO),RETORNO,ENFERMAGEM - ALERGIA,Ativo,Segunda,1970-01-01 07:00:00.000,Manhã,Ativo,5
871,K. L. A. B. ,ALERGIA E IMUNOLOGIA (AMBULATÓRIO),RETORNO,ENFERMAGEM - ALERGIA,Ativo,Terça,1970-01-01 13:00:00.000,Tarde,Ativo,5
871,K. L. A. B. ,ALERGIA E IMUNOLOGIA (AMBULATÓRIO),RETORNO,ENFERMAGEM - ALERGIA,Ativo,Terça,1970-01-01 07:00:00.000,Manhã,Ativo,5
871,K. L. A. B. ,ALERGIA E IMUNOLOGIA (AMBULATÓRIO),RETORNO,ENFERMAGEM - ALERGIA,Ativo,Quarta,1970-01-01 07:00:00.000,Manhã,Ativo,5
871,K. L. A. B. ,ALERGIA E IMUNOLOGIA (AMBULATÓRIO),RETORNO,ENFERMAGEM - ALERGIA,Ativo,Quarta,1970-01-01 13:00:00.000,Tarde,Ativo,5
871,K. L. A. B. ,ALERGIA E IMUNOLOGIA (AMBULATÓRIO),RETORNO,ENFERMAGEM - ALERGIA,Ativo,Quinta,1970-01-01 07:00:00.000,Manhã,Ativo,5
871,K. L. A. B. ,ALERGIA E IMUNOLOGIA (AMBULATÓRIO),RETORNO,ENFERMAGEM - ALERGIA,Ativo,Quinta,1970-01-01 13:00:00.000,Tarde,Ativo,5
871,K. L. A. B. ,ALERGIA E IMUNOLOGIA (AMBULATÓRIO),RETORNO,ENFERMAGEM - ALERGIA,Ativo,Sexta,1970-01-01 07:00:00.000,Manhã,Ativo,5
871,K. L. A. B. ,ALERGIA E IMUNOLOGIA (AMBULATÓRIO),RETORNO,ENFERMAGEM - ALERGIA,Ativo,Sexta,1970-01-01 13:00:00.000,Tarde,Ativo,5
872,A. P. S. G. ,NEFROLOGIA (AMBULATÓRIO),RETORNO,NEFROLOGIA - DOENÇA MINERAL ÓSSEA,Ativo,Quarta,1970-01-01 13:00:00.000,Tarde,Ativo,8
872,A. P. S. G. ,NEFROLOGIA (AMBULATÓRIO),CONSULTA REGULADA,NEFROLOGIA - DOENÇA MINERAL ÓSSEA,Ativo,Quarta,1970-01-01 15:30:00.000,Tarde,Ativo,2
874,A. K. V. T. B. ,FISIOTERAPIA,SESSAO,FISIOTERAPIA - NEUROPEDIATRIA,Ativo,Segunda,1970-01-01 07:00:00.000,Manhã,Ativo,5
874,A. K. V. T. B. ,FISIOTERAPIA,SESSAO,FISIOTERAPIA - NEUROPEDIATRIA,Ativo,Terça,1970-01-01 07:00:00.000,Manhã,Ativo,5
876,C. D. F. C. C. ,PNEUMOLOGIA (AMBULATÓRIO),EXAME,BRONCOSCOPIA,Inativo,Sexta,1970-01-01 07:00:00.000,Manhã,Ativo,3
876,C. D. F. C. C. ,PNEUMOLOGIA (AMBULATÓRIO),EXAME REGULADO,BRONCOSCOPIA,Inativo,Sexta,1970-01-01 10:00:00.000,Manhã,Ativo,1
878,T. C. N. D. M. ,PNEUMOLOGIA (AMBULATÓRIO),EXAME,BRONCOSCOPIA,Inativo,Segunda,1970-01-01 07:00:00.000,Manhã,Ativo,3
878,T. C. N. D. M. ,PNEUMOLOGIA (AMBULATÓRIO),EXAME REGULADO,BRONCOSCOPIA,Inativo,Segunda,1970-01-01 10:00:00.000,Manhã,Ativo,1
878,T. C. N. D. M. ,PNEUMOLOGIA (AMBULATÓRIO),EXAME REGULADO,BRONCOSCOPIA,Inativo,Quarta,1970-01-01 10:00:00.000,Manhã,Ativo,1
878,T. C. N. D. M. ,PNEUMOLOGIA (AMBULATÓRIO),EXAME,BRONCOSCOPIA,Inativo,Quarta,1970-01-01 07:00:00.000,Manhã,Ativo,2
880,C. R. M. ,PSICOLOGIA (AMBULATÓRIO),RETORNO,PSICOLOGIA - DIP - PREP,Inativo,Quinta,1970-01-01 13:00:00.000,Tarde,Inativo,15
882,M. D. M. C. B. ,CARDIOLOGIA (AMBULATÓRIO),EXAME REGULADO,CARDIO - ECOCARDIOGRAMA,Inativo,Segunda,1970-01-01 10:00:00.000,Manhã,Ativo,3
882,M. D. M. C. B. ,CARDIOLOGIA (AMBULATÓRIO),EXAME,CARDIO - ECOCARDIOGRAMA,Inativo,Segunda,1970-01-01 13:00:00.000,Tarde,Ativo,3
882,M. D. M. C. B. ,CARDIOLOGIA (AMBULATÓRIO),EXAME,CARDIO - ECOCARDIOGRAMA,Inativo,Quarta,1970-01-01 07:00:00.000,Manhã,Ativo,3
882,M. D. M. C. B. ,CARDIOLOGIA (AMBULATÓRIO),RETORNO,CARDIO - ECOCARDIOGRAMA,Inativo,Quinta,1970-01-01 13:00:00.000,Tarde,Ativo,3
882,M. D. M. C. B. ,CARDIOLOGIA (AMBULATÓRIO),EXAME,CARDIO - ECOCARDIOGRAMA,Inativo,Quinta,1970-01-01 13:00:00.000,Tarde,Ativo,3
884,E. B. C. ,CARDIOLOGIA (AMBULATÓRIO),EXAME,CARDIO - ECOCARDIOGRAMA,Inativo,Quarta,1970-01-01 13:00:00.000,Tarde,Ativo,2
884,E. B. C. ,CARDIOLOGIA (AMBULATÓRIO),RETORNO,CARDIO - ECOCARDIOGRAMA,Inativo,Quarta,1970-01-01 13:00:00.000,Tarde,Ativo,4
884,E. B. C. ,CARDIOLOGIA (AMBULATÓRIO),EXAME REGULADO,CARDIO - ECOCARDIOGRAMA,Inativo,Sexta,1970-01-01 10:00:00.000,Manhã,Ativo,4
884,E. B. C. ,CARDIOLOGIA (AMBULATÓRIO),RETORNO,CARDIO - ECOCARDIOGRAMA,Inativo,Sexta,1970-01-01 07:00:00.000,Manhã,Ativo,2
886,E. C. L. S. ,CARDIOLOGIA (AMBULATÓRIO),RETORNO,CARDIO - ECOCARDIOGRAMA,Inativo,Terça,1970-01-01 13:00:00.000,Tarde,Ativo,2
886,E. C. L. S. ,CARDIOLOGIA (AMBULATÓRIO),CONSULTA REGULADA,CARDIO - ECOCARDIOGRAMA,Inativo,Terça,1970-01-01 07:00:00.000,Manhã,Ativo,3
887,J. R. E. M. F. ,CARDIOLOGIA (AMBULATÓRIO),EXAME,CARDIO - ECOCARDIOGRAMA,Inativo,Sexta,1970-01-01 07:00:00.000,Manhã,Ativo,3
887,J. R. E. M. F. ,CARDIOLOGIA (AMBULATÓRIO),RETORNO,CARDIO - ECOCARDIOGRAMA,Inativo,Sexta,1970-01-01 07:00:00.000,Manhã,Ativo,3
888,A. C. R. ,CIRURGIA GERAL (AMBULATÓRIO),,ANESTESIOLOGIA,Inativo,,,,,
890,L. M. V. D. O. S. ,CARDIOLOGIA (AMBULATÓRIO),RETORNO,CARDIO - ECOCARDIOGRAMA (RN À 15 ANOS),Inativo,Segunda,1970-01-01 07:00:00.000,Manhã,Ativo,2
890,L. M. V. D. O. S. ,CARDIOLOGIA (AMBULATÓRIO),RETORNO,CARDIO - ECOCARDIOGRAMA (RN À 15 ANOS),Inativo,Quinta,1970-01-01 07:00:00.000,Manhã,Ativo,2
892,A. C. G. ,ENFERMAGEM,RETORNO,ENFERMAGEM - BRONCOSCOPIA,Inativo,Segunda,1970-01-01 07:00:00.000,Manhã,Ativo,4
892,A. C. G. ,ENFERMAGEM,CONSULTA REGULADA,ENFERMAGEM - BRONCOSCOPIA,Inativo,Terça,1970-01-01 10:00:00.000,Manhã,Ativo,3
892,A. C. G. ,ENFERMAGEM,RETORNO,ENFERMAGEM - BRONCOSCOPIA,Inativo,Quarta,1970-01-01 07:00:00.000,Manhã,Ativo,4
892,A. C. G. ,ENFERMAGEM,RETORNO,ENFERMAGEM - BRONCOSCOPIA,Inativo,Sexta,1970-01-01 07:00:00.000,Manhã,Ativo,4
894,E. V. F. ,PNEUMOLOGIA (AMBULATÓRIO),INTERCONSULTA,ENFERMAGEM - BRONCOSCOPIA,Inativo,Segunda,1970-01-01 07:00:00.000,Manhã,Inativo,4
894,E. V. F. ,PNEUMOLOGIA (AMBULATÓRIO),PRIMEIRA CONSULTA,ENFERMAGEM - BRONCOSCOPIA,Inativo,Segunda,1970-01-01 07:00:00.000,Manhã,Inativo,2
894,E. V. F. ,PNEUMOLOGIA (AMBULATÓRIO),RETORNO,ENFERMAGEM - BRONCOSCOPIA,Inativo,Segunda,1970-01-01 07:00:00.000,Manhã,Inativo,1
894,E. V. F. ,PNEUMOLOGIA (AMBULATÓRIO),INTERCONSULTA,ENFERMAGEM - BRONCOSCOPIA,Inativo,Terça,1970-01-01 07:00:00.000,Manhã,Inativo,1
894,E. V. F. ,PNEUMOLOGIA (AMBULATÓRIO),PRIMEIRA CONSULTA,ENFERMAGEM - BRONCOSCOPIA,Inativo,Terça,1970-01-01 07:00:00.000,Manhã,Inativo,2
894,E. V. F. ,PNEUMOLOGIA (AMBULATÓRIO),RETORNO,ENFERMAGEM - BRONCOSCOPIA,Inativo,Terça,1970-01-01 07:00:00.000,Manhã,Inativo,1
894,E. V. F. ,PNEUMOLOGIA (AMBULATÓRIO),CONSULTA REGULADA,ENFERMAGEM - BRONCOSCOPIA,Inativo,Terça,1970-01-01 07:00:00.000,Manhã,Inativo,3
894,E. V. F. ,PNEUMOLOGIA (AMBULATÓRIO),INTERCONSULTA,ENFERMAGEM - BRONCOSCOPIA,Inativo,Quarta,1970-01-01 07:00:00.000,Manhã,Inativo,3
894,E. V. F. ,PNEUMOLOGIA (AMBULATÓRIO),RETORNO,ENFERMAGEM - BRONCOSCOPIA,Inativo,Quarta,1970-01-01 07:00:00.000,Manhã,Inativo,1
894,E. V. F. ,PNEUMOLOGIA (AMBULATÓRIO),PRIMEIRA CONSULTA,ENFERMAGEM - BRONCOSCOPIA,Inativo,Quarta,1970-01-01 07:00:00.000,Manhã,Inativo,2
894,E. V. F. ,PNEUMOLOGIA (AMBULATÓRIO),CONSULTA REGULADA,ENFERMAGEM - BRONCOSCOPIA,Inativo,Quinta,1970-01-01 07:00:00.000,Manhã,Inativo,3
894,E. V. F. ,PNEUMOLOGIA (AMBULATÓRIO),PRIMEIRA CONSULTA,ENFERMAGEM - BRONCOSCOPIA,Inativo,Quinta,1970-01-01 07:00:00.000,Manhã,Inativo,2
894,E. V. F. ,PNEUMOLOGIA (AMBULATÓRIO),INTERCONSULTA,ENFERMAGEM - BRONCOSCOPIA,Inativo,Quinta,1970-01-01 07:00:00.000,Manhã,Inativo,1
894,E. V. F. ,PNEUMOLOGIA (AMBULATÓRIO),RETORNO,ENFERMAGEM - BRONCOSCOPIA,Inativo,Quinta,1970-01-01 07:00:00.000,Manhã,Inativo,1
894,E. V. F. ,PNEUMOLOGIA (AMBULATÓRIO),RETORNO,ENFERMAGEM - BRONCOSCOPIA,Inativo,Sexta,1970-01-01 07:00:00.000,Manhã,Inativo,1
894,E. V. F. ,PNEUMOLOGIA (AMBULATÓRIO),PRIMEIRA CONSULTA,ENFERMAGEM - BRONCOSCOPIA,Inativo,Sexta,1970-01-01 07:00:00.000,Manhã,Inativo,2
894,E. V. F. ,PNEUMOLOGIA (AMBULATÓRIO),INTERCONSULTA,ENFERMAGEM - BRONCOSCOPIA,Inativo,Sexta,1970-01-01 07:00:00.000,Manhã,Inativo,4
896,R. D. O. B. ,CARDIOLOGIA (AMBULATÓRIO),RETORNO,CARDIO - ECOCARDIOGRAMA,Inativo,Terça,1970-01-01 13:00:00.000,Tarde,Ativo,3
898,M. Z. ,OFTALMOLOGIA (AMBULATÓRIO),INTERCONSULTA,OFTALMOLOGIA - CATARATA,Inativo,Sexta,1970-01-01 07:00:00.000,Manhã,Inativo,5
898,M. Z. ,OFTALMOLOGIA (AMBULATÓRIO),RETORNO,OFTALMOLOGIA - CATARATA,Inativo,Sexta,1970-01-01 07:00:00.000,Manhã,Inativo,5
899,M. B. D. M. D. M. ,OFTALMOLOGIA (AMBULATÓRIO),RETORNO,OFTALMOLOGIA - NEURO,Inativo,Segunda,1970-01-01 07:00:00.000,Manhã,Ativo,3
899,M. B. D. M. D. M. ,OFTALMOLOGIA (AMBULATÓRIO),INTERCONSULTA,OFTALMOLOGIA - NEURO,Inativo,Segunda,1970-01-01 07:00:00.000,Manhã,Ativo,2
900,J. C. F. F. ,OFTALMOLOGIA (AMBULATÓRIO),RETORNO,OFTALMOLOGIA - LASER - FOTOCOAGULACAO,Ativo,Terça,1970-01-01 13:00:00.000,Tarde,Ativo,3
900,J. C. F. F. ,OFTALMOLOGIA (AMBULATÓRIO),INTERCONSULTA,OFTALMOLOGIA - LASER - FOTOCOAGULACAO,Ativo,Terça,1970-01-01 13:00:00.000,Tarde,Ativo,3
902,A. P. L. E. C. D. C. ,OFTALMOLOGIA (AMBULATÓRIO),INTERCONSULTA,OFTALMOLOGIA - UVEITE,Inativo,Quinta,1970-01-01 07:00:00.000,Manhã,Inativo,5
902,A. P. L. E. C. D. C. ,OFTALMOLOGIA (AMBULATÓRIO),RETORNO,OFTALMOLOGIA - UVEITE,Inativo,Quinta,1970-01-01 07:00:00.000,Manhã,Inativo,5
903,M. A. G. D. M. ,OFTALMOLOGIA (AMBULATÓRIO),RETORNO,OFTALMOLOGIA - RETINA,Ativo,Sexta,1970-01-01 13:00:00.000,Tarde,Ativo,6
903,M. A. G. D. M. ,OFTALMOLOGIA (AMBULATÓRIO),INTERCONSULTA,OFTALMOLOGIA - RETINA,Ativo,Sexta,1970-01-01 13:00:00.000,Tarde,Ativo,2
904,R. P. C. L. ,OFTALMOLOGIA (AMBULATÓRIO),INTERCONSULTA,OFTALMOLOGIA - RETINA,Ativo,Quarta,1970-01-01 13:00:00.000,Tarde,Ativo,2
904,R. P. C. L. ,OFTALMOLOGIA (AMBULATÓRIO),RETORNO,OFTALMOLOGIA - RETINA,Ativo,Quarta,1970-01-01 13:00:00.000,Tarde,Ativo,6
905,M. I. L. G. ,OFTALMOLOGIA (AMBULATÓRIO),RETORNO,OFTALMOLOGIA - ESTRABISMO,Ativo,Terça,1970-01-01 07:00:00.000,Manhã,Ativo,6
905,M. I. L. G. ,OFTALMOLOGIA (AMBULATÓRIO),INTERCONSULTA,OFTALMOLOGIA - ESTRABISMO,Ativo,Terça,1970-01-01 07:00:00.000,Manhã,Ativo,2
906,D. R. D. S. ,OFTALMOLOGIA (AMBULATÓRIO),RETORNO,OFTALMOLOGIA - GLAUCOMA,Inativo,Segunda,1970-01-01 13:00:00.000,Tarde,Ativo,8
906,D. R. D. S. ,OFTALMOLOGIA (AMBULATÓRIO),INTERCONSULTA,OFTALMOLOGIA - GLAUCOMA,Inativo,Segunda,1970-01-01 13:00:00.000,Tarde,Ativo,4
906,D. R. D. S. ,OFTALMOLOGIA (AMBULATÓRIO),RETORNO,OFTALMOLOGIA - GLAUCOMA,Inativo,Segunda,1970-01-01 07:00:00.000,Manhã,Ativo,8
906,D. R. D. S. ,OFTALMOLOGIA (AMBULATÓRIO),INTERCONSULTA,OFTALMOLOGIA - GLAUCOMA,Inativo,Segunda,1970-01-01 07:00:00.000,Manhã,Ativo,4
908,C. N. D. S. F. ,OFTALMOLOGIA (AMBULATÓRIO),CONSULTA REGULADA,OFTALMOLOGIA,Inativo,Quinta,1970-01-01 15:30:00.000,Tarde,Inativo,6
908,C. N. D. S. F. ,OFTALMOLOGIA (AMBULATÓRIO),CONSULTA REGULADA,OFTALMOLOGIA,Inativo,Quinta,1970-01-01 10:00:00.000,Manhã,Inativo,6
908,C. N. D. S. F. ,OFTALMOLOGIA (AMBULATÓRIO),INTERCONSULTA,OFTALMOLOGIA,Inativo,Quinta,1970-01-01 13:00:00.000,Tarde,Inativo,2
908,C. N. D. S. F. ,OFTALMOLOGIA (AMBULATÓRIO),INTERCONSULTA,OFTALMOLOGIA,Inativo,Quinta,1970-01-01 07:00:00.000,Manhã,Inativo,2
909,J. C. B. V. ,OFTALMOLOGIA (AMBULATÓRIO),CONSULTA REGULADA,OFTALMOLOGIA,Ativo,Segunda,1970-01-01 15:30:00.000,Tarde,Ativo,4
909,J. C. B. V. ,OFTALMOLOGIA (AMBULATÓRIO),INTERCONSULTA,OFTALMOLOGIA,Ativo,Segunda,1970-01-01 13:00:00.000,Tarde,Ativo,2
909,J. C. B. V. ,OFTALMOLOGIA (AMBULATÓRIO),INTERCONSULTA,OFTALMOLOGIA,Ativo,Quarta,1970-01-01 13:00:00.000,Tarde,Ativo,2
909,J. C. B. V. ,OFTALMOLOGIA (AMBULATÓRIO),CONSULTA REGULADA,OFTALMOLOGIA,Ativo,Quarta,1970-01-01 15:30:00.000,Tarde,Ativo,4
910,N. B. D. C. ,ANESTESIOLOGIA (AMBULATÓRIO),RETORNO,ANESTESIOLOGIA,Inativo,Segunda,1970-01-01 07:00:00.000,Manhã,Ativo,3
910,N. B. D. C. ,ANESTESIOLOGIA (AMBULATÓRIO),INTERCONSULTA,ANESTESIOLOGIA,Inativo,Segunda,1970-01-01 07:00:00.000,Manhã,Ativo,5
910,N. B. D. C. ,ANESTESIOLOGIA (AMBULATÓRIO),PRIMEIRA CONSULTA,ANESTESIOLOGIA,Inativo,Quinta,1970-01-01 07:00:00.000,Manhã,Ativo,10
910,N. B. D. C. ,ANESTESIOLOGIA (AMBULATÓRIO),INTERCONSULTA,ANESTESIOLOGIA,Inativo,Sexta,1970-01-01 07:00:00.000,Manhã,Ativo,5
910,N. B. D. C. ,ANESTESIOLOGIA (AMBULATÓRIO),RETORNO,ANESTESIOLOGIA,Inativo,Sexta,1970-01-01 07:00:00.000,Manhã,Ativo,3
912,A. A. S. ,CIRURGIA DE CABECA E PESCOCO,RETORNO,CIRURGIA DE CABECA E PESCOCO,Ativo,Terça,1970-01-01 13:00:00.000,Tarde,Ativo,10
915,A. P. L. E. C. D. C. ,OFTALMOLOGIA (AMBULATÓRIO),INTERCONSULTA,OFTALMOLOGIA,Inativo,Quinta,1970-01-01 13:00:00.000,Tarde,Inativo,2
915,A. P. L. E. C. D. C. ,OFTALMOLOGIA (AMBULATÓRIO),CONSULTA REGULADA,OFTALMOLOGIA,Inativo,Quinta,1970-01-01 15:30:00.000,Tarde,Inativo,6
916,S. C. P. S. ,OFTALMOLOGIA (AMBULATÓRIO),INTERCONSULTA,OFTALMOLOGIA,Inativo,Segunda,1970-01-01 13:00:00.000,Tarde,Ativo,2
916,S. C. P. S. ,OFTALMOLOGIA (AMBULATÓRIO),CONSULTA REGULADA,OFTALMOLOGIA,Inativo,Segunda,1970-01-01 15:30:00.000,Tarde,Ativo,6
918,C. N. D. S. F. ,OFTALMOLOGIA (AMBULATÓRIO),EXAME,OFTALMOLOGIA - CURVA TENSIONAL,Inativo,Quinta,1970-01-01 07:00:00.000,Manhã,Ativo,6
919,M. B. D. M. D. M. ,OFTALMOLOGIA (AMBULATÓRIO),EXAME,OFTALMOLOGIA - CURVA TENSIONAL,Inativo,Segunda,1970-01-01 07:00:00.000,Manhã,Ativo,6
919,M. B. D. M. D. M. ,OFTALMOLOGIA (AMBULATÓRIO),EXAME,OFTALMOLOGIA - CURVA TENSIONAL,Inativo,Quarta,1970-01-01 07:00:00.000,Manhã,Ativo,6
919,M. B. D. M. D. M. ,OFTALMOLOGIA (AMBULATÓRIO),EXAME,OFTALMOLOGIA - CURVA TENSIONAL,Inativo,Sexta,1970-01-01 07:00:00.000,Manhã,Ativo,6
921,C. N. D. S. F. ,OFTALMOLOGIA (AMBULATÓRIO),EXAME,OFTALMOLOGIA - CAMPOVISUAL,Inativo,Quinta,1970-01-01 07:00:00.000,Manhã,Ativo,6
922,J. C. B. V. ,OFTALMOLOGIA (AMBULATÓRIO),EXAME,OFTALMOLOGIA - CAMPOVISUAL,Inativo,Quarta,1970-01-01 13:00:00.000,Tarde,Ativo,6
924,M. B. D. M. D. M. ,OFTALMOLOGIA (AMBULATÓRIO),EXAME,OFTALMOLOGIA - CAMPOVISUAL,Inativo,Quarta,1970-01-01 07:00:00.000,Manhã,Ativo,6
924,M. B. D. M. D. M. ,OFTALMOLOGIA (AMBULATÓRIO),EXAME,OFTALMOLOGIA - CAMPOVISUAL,Inativo,Sexta,1970-01-01 07:00:00.000,Manhã,Ativo,6
925,A. P. L. E. C. D. C. ,OFTALMOLOGIA (AMBULATÓRIO),EXAME,OFTALMOLOGIA - CAMPOVISUAL,Inativo,Quinta,1970-01-01 13:00:00.000,Tarde,Ativo,6
926,S. C. P. S. ,OFTALMOLOGIA (AMBULATÓRIO),EXAME,OFTALMOLOGIA - CAMPOVISUAL,Inativo,Segunda,1970-01-01 13:00:00.000,Tarde,Ativo,6
928,M. I. L. G. ,OFTALMOLOGIA (AMBULATÓRIO),EXAME,OFTALMOLOGIA - RETINOGRAFIA SEM CONTRASTE,Inativo,Segunda,1970-01-01 13:00:00.000,Tarde,Ativo,12
928,M. I. L. G. ,OFTALMOLOGIA (AMBULATÓRIO),EXAME,OFTALMOLOGIA - RETINOGRAFIA SEM CONTRASTE,Inativo,Terça,1970-01-01 13:00:00.000,Tarde,Ativo,12
928,M. I. L. G. ,OFTALMOLOGIA (AMBULATÓRIO),EXAME,OFTALMOLOGIA - RETINOGRAFIA SEM CONTRASTE,Inativo,Quarta,1970-01-01 13:00:00.000,Tarde,Ativo,12
930,P. C. B. ,CIRURGIA DE CABECA E PESCOCO,RETORNO,CIRURGIA DE CABECA E PESCOCO,Inativo,Terça,1970-01-01 13:00:00.000,Tarde,Ativo,25
930,P. C. B. ,CIRURGIA DE CABECA E PESCOCO,INTERCONSULTA,CIRURGIA DE CABECA E PESCOCO,Inativo,Terça,1970-01-01 13:00:00.000,Tarde,Ativo,3
932,I. D. F. P. D. A. ,PSIQUIATRIA (AMBULATÓRIO),RETORNO,PSIQUIATRIA,Inativo,Segunda,1970-01-01 07:00:00.000,Manhã,Inativo,5
935,A. D. A. B. ,OTORRINOLARINGOLOGIA (AMBULATÓRIO),RETORNO,OTORRINOLARINGOLOGIA,Ativo,Terça,1970-01-01 13:00:00.000,Tarde,Ativo,10
935,A. D. A. B. ,OTORRINOLARINGOLOGIA (AMBULATÓRIO),INTERCONSULTA,OTORRINOLARINGOLOGIA,Ativo,Terça,1970-01-01 13:00:00.000,Tarde,Ativo,2
936,A. A. M. ,OTORRINOLARINGOLOGIA (AMBULATÓRIO),INTERCONSULTA,OTORRINOLARINGOLOGIA,Ativo,Quinta,1970-01-01 13:00:00.000,Tarde,Ativo,2
936,A. A. M. ,OTORRINOLARINGOLOGIA (AMBULATÓRIO),RETORNO,OTORRINOLARINGOLOGIA,Ativo,Quinta,1970-01-01 13:00:00.000,Tarde,Ativo,10
937,F. C. A. S. ,OTORRINOLARINGOLOGIA (AMBULATÓRIO),CONSULTA REGULADA,OTORRINOLARINGOLOGIA,Ativo,Segunda,1970-01-01 15:30:00.000,Tarde,Ativo,3
937,F. C. A. S. ,OTORRINOLARINGOLOGIA (AMBULATÓRIO),INTERCONSULTA,OTORRINOLARINGOLOGIA,Ativo,Segunda,1970-01-01 13:00:00.000,Tarde,Ativo,2
937,F. C. A. S. ,OTORRINOLARINGOLOGIA (AMBULATÓRIO),RETORNO,OTORRINOLARINGOLOGIA,Ativo,Segunda,1970-01-01 13:00:00.000,Tarde,Ativo,5
938,M. D. C. L. G. ,OTORRINOLARINGOLOGIA (AMBULATÓRIO),RETORNO,OTORRINOLARINGOLOGIA,Ativo,Segunda,1970-01-01 07:00:00.000,Manhã,Ativo,10
940,V. S. C. L. F. ,OTORRINOLARINGOLOGIA (AMBULATÓRIO),RETORNO,OTORRINOLARINGOLOGIA - CIRURGIA ESTETICA DA F,Ativo,Quarta,1970-01-01 13:00:00.000,Tarde,Inativo,5
941,A. A. M. ,OTORRINOLARINGOLOGIA (AMBULATÓRIO),RETORNO,OTORRINOLARINGOLOGIA - RINOLOGIA,Ativo,Quinta,1970-01-01 13:00:00.000,Tarde,Ativo,10
942,D. A. D. S. D. ,OTORRINOLARINGOLOGIA (AMBULATÓRIO),RETORNO,OTORRINOLARINGOLOGIA - APNEIA DO SONO,Ativo,Quarta,1970-01-01 07:00:00.000,Manhã,Ativo,5
943,V. D. C. S. ,ORTOPEDIA (AMBULATÓRIO),INTERCONSULTA,SERVICO SOCIAL - ORTOPEDIA,Ativo,Terça,1970-01-01 07:00:00.000,Manhã,Ativo,4
944,A. G. A. D. S. ,FONOAUDIOLOGIA,EXAME,FONOAUDIOLOGIA  - AUDIOMETRIA (MENOR DE 5 ANO,Inativo,Quarta,1970-01-01 07:00:00.000,Manhã,Ativo,1
944,A. G. A. D. S. ,FONOAUDIOLOGIA,RETORNO,FONOAUDIOLOGIA  - AUDIOMETRIA (MENOR DE 5 ANO,Inativo,Quarta,1970-01-01 07:00:00.000,Manhã,Ativo,1
945,A. G. A. D. S. ,FONOAUDIOLOGIA,EXAME,FONOAUDIOLOGIA - AUDIOMETRIA (5 ANOS OU MAIS),Inativo,Terça,1970-01-01 07:00:00.000,Manhã,Ativo,6
945,A. G. A. D. S. ,FONOAUDIOLOGIA,RETORNO,FONOAUDIOLOGIA - AUDIOMETRIA (5 ANOS OU MAIS),Inativo,Terça,1970-01-01 07:00:00.000,Manhã,Ativo,2
945,A. G. A. D. S. ,FONOAUDIOLOGIA,EXAME,FONOAUDIOLOGIA - AUDIOMETRIA (5 ANOS OU MAIS),Inativo,Sexta,1970-01-01 07:00:00.000,Manhã,Ativo,6
945,A. G. A. D. S. ,FONOAUDIOLOGIA,RETORNO,FONOAUDIOLOGIA - AUDIOMETRIA (5 ANOS OU MAIS),Inativo,Sexta,1970-01-01 07:00:00.000,Manhã,Ativo,2
946,P. H. D. M. B. ,DERMATOLOGIA (AMBULATÓRIO),RETORNO,DERMATOLOGIA - CIRURGIA,Ativo,Sexta,1970-01-01 07:00:00.000,Manhã,Ativo,2
948,R. Q. G. D. A. C. ,ANESTESIOLOGIA (AMBULATÓRIO),RETORNO,ANESTESIOLOGIA,Inativo,Quarta,1970-01-01 07:00:00.000,Manhã,Ativo,3
948,R. Q. G. D. A. C. ,ANESTESIOLOGIA (AMBULATÓRIO),INTERCONSULTA,ANESTESIOLOGIA,Inativo,Quarta,1970-01-01 07:00:00.000,Manhã,Ativo,5
950,E. M. E. ,PSIQUIATRIA (AMBULATÓRIO),RETORNO,PSIQUIATRIA,Ativo,Quarta,1970-01-01 13:00:00.000,Tarde,Ativo,10
950,E. M. E. ,PSIQUIATRIA (AMBULATÓRIO),RETORNO,PSIQUIATRIA,Ativo,Quinta,1970-01-01 13:00:00.000,Tarde,Ativo,5
952,D. A. D. S. D. ,OTORRINOLARINGOLOGIA (AMBULATÓRIO),RETORNO,OTORRINOLARINGOLOGIA,Ativo,Quarta,1970-01-01 07:00:00.000,Manhã,Ativo,10
954,R. C. M. D. S. ,PSIQUIATRIA (AMBULATÓRIO),,PSIQUIATRIA,Inativo,,,,,
956,J. E. D. B. G. ,NEFROLOGIA (AMBULATÓRIO),RETORNO,NEFROLOGIA,Inativo,Sexta,1970-01-01 07:00:00.000,Manhã,Ativo,4
956,J. E. D. B. G. ,NEFROLOGIA (AMBULATÓRIO),INTERCONSULTA,NEFROLOGIA,Inativo,Sexta,1970-01-01 07:00:00.000,Manhã,Ativo,1
958,C. H. A. L. ,CIRURGIA GERAL (AMBULATÓRIO),RETORNO,CIRURGIA GERAL,Ativo,Terça,1970-01-01 07:00:00.000,Manhã,Ativo,6
958,C. H. A. L. ,CIRURGIA GERAL (AMBULATÓRIO),INTERCONSULTA,CIRURGIA GERAL,Ativo,Terça,1970-01-01 07:00:00.000,Manhã,Ativo,2
958,C. H. A. L. ,CIRURGIA GERAL (AMBULATÓRIO),CONSULTA REGULADA,CIRURGIA GERAL,Ativo,Terça,1970-01-01 10:00:00.000,Manhã,Ativo,4
960,C. E. F. S. ,DERMATOLOGIA (AMBULATÓRIO),RETORNO,DERMATOLOGIA,Ativo,Quarta,1970-01-01 13:00:00.000,Tarde,Ativo,36
962,J. C. D. A. L. S. ,NEFROLOGIA (AMBULATÓRIO),RETORNO,NEFROLOGIA - IRC,Ativo,Terça,1970-01-01 13:00:00.000,Tarde,Ativo,9
964,C. E. F. S. ,DERMATOLOGIA (AMBULATÓRIO),RETORNO,DERMATOLOGIA - ONCOLOGIA CUTANEA,Ativo,Sexta,1970-01-01 07:00:00.000,Manhã,Ativo,12
965,C. E. F. S. ,DERMATOLOGIA (AMBULATÓRIO),RETORNO,DERMATOLOGIA - DERMATOSES TROPICAIS,Inativo,Quinta,1970-01-01 07:00:00.000,Manhã,Inativo,12
966,V. P. P. ,DERMATOLOGIA (AMBULATÓRIO),CONSULTA REGULADA,DERMATOLOGIA,Ativo,Segunda,1970-01-01 10:00:00.000,Manhã,Ativo,8
966,V. P. P. ,DERMATOLOGIA (AMBULATÓRIO),INTERCONSULTA,DERMATOLOGIA,Ativo,Segunda,1970-01-01 07:00:00.000,Manhã,Ativo,2
967,V. P. P. ,DERMATOLOGIA (AMBULATÓRIO),RETORNO,DERMATOLOGIA - CIRURGIA,Ativo,Segunda,1970-01-01 13:00:00.000,Tarde,Ativo,6
967,V. P. P. ,DERMATOLOGIA (AMBULATÓRIO),RETORNO,DERMATOLOGIA - CIRURGIA,Ativo,Quarta,1970-01-01 07:00:00.000,Manhã,Ativo,4
967,V. P. P. ,DERMATOLOGIA (AMBULATÓRIO),RETORNO,DERMATOLOGIA - CIRURGIA,Ativo,Quinta,1970-01-01 07:00:00.000,Manhã,Ativo,8
968,M. G. D. L. N. W. ,HOSPITAL - DIA,RETORNO,HOSPITAL-DIA - ENFERMAGEM,Ativo,Segunda,1970-01-01 07:00:00.000,Manhã,Ativo,22
968,M. G. D. L. N. W. ,HOSPITAL - DIA,RETORNO,HOSPITAL-DIA - ENFERMAGEM,Ativo,Segunda,1970-01-01 13:00:00.000,Tarde,Ativo,22
968,M. G. D. L. N. W. ,HOSPITAL - DIA,RETORNO,HOSPITAL-DIA - ENFERMAGEM,Ativo,Terça,1970-01-01 07:00:00.000,Manhã,Ativo,22
968,M. G. D. L. N. W. ,HOSPITAL - DIA,RETORNO,HOSPITAL-DIA - ENFERMAGEM,Ativo,Terça,1970-01-01 13:00:00.000,Tarde,Ativo,22
968,M. G. D. L. N. W. ,HOSPITAL - DIA,RETORNO,HOSPITAL-DIA - ENFERMAGEM,Ativo,Quarta,1970-01-01 07:00:00.000,Manhã,Ativo,22
968,M. G. D. L. N. W. ,HOSPITAL - DIA,RETORNO,HOSPITAL-DIA - ENFERMAGEM,Ativo,Quarta,1970-01-01 13:00:00.000,Tarde,Ativo,22
968,M. G. D. L. N. W. ,HOSPITAL - DIA,RETORNO,HOSPITAL-DIA - ENFERMAGEM,Ativo,Quinta,1970-01-01 13:00:00.000,Tarde,Ativo,22
968,M. G. D. L. N. W. ,HOSPITAL - DIA,RETORNO,HOSPITAL-DIA - ENFERMAGEM,Ativo,Quinta,1970-01-01 07:00:00.000,Manhã,Ativo,22
968,M. G. D. L. N. W. ,HOSPITAL - DIA,RETORNO,HOSPITAL-DIA - ENFERMAGEM,Ativo,Sexta,1970-01-01 07:00:00.000,Manhã,Ativo,22
968,M. G. D. L. N. W. ,HOSPITAL - DIA,RETORNO,HOSPITAL-DIA - ENFERMAGEM,Ativo,Sexta,1970-01-01 13:00:00.000,Tarde,Ativo,22
970,A. C. M. B. ,HOSPITAL - DIA,RETORNO,HOSPITAL-DIA - ENFERMAGEM,Ativo,Segunda,1970-01-01 07:00:00.000,Manhã,Ativo,25
970,A. C. M. B. ,HOSPITAL - DIA,RETORNO,HOSPITAL-DIA - ENFERMAGEM,Ativo,Terça,1970-01-01 07:00:00.000,Manhã,Ativo,25
970,A. C. M. B. ,HOSPITAL - DIA,RETORNO,HOSPITAL-DIA - ENFERMAGEM,Ativo,Quarta,1970-01-01 07:00:00.000,Manhã,Ativo,25
970,A. C. M. B. ,HOSPITAL - DIA,RETORNO,HOSPITAL-DIA - ENFERMAGEM,Ativo,Quinta,1970-01-01 07:00:00.000,Manhã,Ativo,25
970,A. C. M. B. ,HOSPITAL - DIA,RETORNO,HOSPITAL-DIA - ENFERMAGEM,Ativo,Sexta,1970-01-01 07:00:00.000,Manhã,Ativo,25
972,A. C. S. C. ,HOSPITAL - DIA,RETORNO,HOSPITAL-DIA - ENFERMAGEM,Ativo,Segunda,1970-01-01 07:00:00.000,Manhã,Ativo,15
972,A. C. S. C. ,HOSPITAL - DIA,RETORNO,HOSPITAL-DIA - ENFERMAGEM,Ativo,Segunda,1970-01-01 13:00:00.000,Tarde,Ativo,15
972,A. C. S. C. ,HOSPITAL - DIA,RETORNO,HOSPITAL-DIA - ENFERMAGEM,Ativo,Terça,1970-01-01 07:00:00.000,Manhã,Ativo,15
972,A. C. S. C. ,HOSPITAL - DIA,RETORNO,HOSPITAL-DIA - ENFERMAGEM,Ativo,Terça,1970-01-01 13:00:00.000,Tarde,Ativo,15
972,A. C. S. C. ,HOSPITAL - DIA,RETORNO,HOSPITAL-DIA - ENFERMAGEM,Ativo,Quarta,1970-01-01 07:00:00.000,Manhã,Ativo,15
972,A. C. S. C. ,HOSPITAL - DIA,RETORNO,HOSPITAL-DIA - ENFERMAGEM,Ativo,Quarta,1970-01-01 13:00:00.000,Tarde,Ativo,15
972,A. C. S. C. ,HOSPITAL - DIA,RETORNO,HOSPITAL-DIA - ENFERMAGEM,Ativo,Quinta,1970-01-01 13:00:00.000,Tarde,Ativo,15
972,A. C. S. C. ,HOSPITAL - DIA,RETORNO,HOSPITAL-DIA - ENFERMAGEM,Ativo,Quinta,1970-01-01 07:00:00.000,Manhã,Ativo,15
972,A. C. S. C. ,HOSPITAL - DIA,RETORNO,HOSPITAL-DIA - ENFERMAGEM,Ativo,Sexta,1970-01-01 13:00:00.000,Tarde,Ativo,15
972,A. C. S. C. ,HOSPITAL - DIA,RETORNO,HOSPITAL-DIA - ENFERMAGEM,Ativo,Sexta,1970-01-01 07:00:00.000,Manhã,Ativo,15
974,A. R. ,REUMATOLOGIA (AMBULATÓRIO),RETORNO,REUMATOLOGIA,Inativo,Quinta,1970-01-01 07:00:00.000,Manhã,Inativo,6
974,A. R. ,REUMATOLOGIA (AMBULATÓRIO),CONSULTA REGULADA,REUMATOLOGIA,Inativo,Quinta,1970-01-01 10:00:00.000,Manhã,Inativo,2
974,A. R. ,REUMATOLOGIA (AMBULATÓRIO),INTERCONSULTA,REUMATOLOGIA,Inativo,Quinta,1970-01-01 07:00:00.000,Manhã,Inativo,2
975,A. R. ,REUMATOLOGIA (AMBULATÓRIO),RETORNO,REUMATOLOGIA - FIBROMIALGIA,Ativo,Segunda,1970-01-01 13:00:00.000,Tarde,Ativo,15
976,A. R. ,REUMATOLOGIA (AMBULATÓRIO),RETORNO,REUMATOLOGIA - ARTRITE REUMATOIDE,Inativo,Terça,1970-01-01 07:00:00.000,Manhã,Inativo,40
977,A. R. ,REUMATOLOGIA (AMBULATÓRIO),RETORNO,REUMATOLOGIA - ESPONDILOARTRITES,Inativo,Terça,1970-01-01 13:00:00.000,Tarde,Ativo,25
978,A. R. ,REUMATOLOGIA (AMBULATÓRIO),RETORNO,REUMATOLOGIA - OSTEOARTRITE,Inativo,Segunda,1970-01-01 13:00:00.000,Tarde,Ativo,40
979,A. R. ,REUMATOLOGIA (AMBULATÓRIO),RETORNO,REUMATOLOGIA - GESTACAO (DRAI),Ativo,Quinta,1970-01-01 07:00:00.000,Manhã,Ativo,6
980,V. L. L. T. ,OFTALMOLOGIA (AMBULATÓRIO),CONSULTA REGULADA,OFTALMOLOGIA,Inativo,Sexta,1970-01-01 15:30:00.000,Tarde,Ativo,6
980,V. L. L. T. ,OFTALMOLOGIA (AMBULATÓRIO),INTERCONSULTA,OFTALMOLOGIA,Inativo,Sexta,1970-01-01 13:00:00.000,Tarde,Ativo,2
982,V. L. L. T. ,OFTALMOLOGIA (AMBULATÓRIO),INTERCONSULTA,OFTALMOLOGIA - TUMOR OCULAR,Ativo,Segunda,1970-01-01 07:00:00.000,Manhã,Ativo,3
982,V. L. L. T. ,OFTALMOLOGIA (AMBULATÓRIO),RETORNO,OFTALMOLOGIA - TUMOR OCULAR,Ativo,Segunda,1970-01-01 07:00:00.000,Manhã,Ativo,3
984,V. L. L. T. ,OFTALMOLOGIA (AMBULATÓRIO),RETORNO,OFTALMOLOGIA - USG OCULAR,Ativo,Segunda,1970-01-01 13:00:00.000,Tarde,Ativo,4
984,V. L. L. T. ,OFTALMOLOGIA (AMBULATÓRIO),EXAME,OFTALMOLOGIA - USG OCULAR,Ativo,Segunda,1970-01-01 11:00:00.000,Manhã,Ativo,6
986,V. L. L. T. ,OFTALMOLOGIA (AMBULATÓRIO),EXAME,OFTALMOLOGIA - CAMPOVISUAL,Inativo,Terça,1970-01-01 13:00:00.000,Tarde,Ativo,6
988,B. T. D. M. ,OTORRINOLARINGOLOGIA (AMBULATÓRIO),RETORNO,OTORRINOLARINGOLOGIA - LARINGOLOGIA,Ativo,Quinta,1970-01-01 07:00:00.000,Manhã,Ativo,10
989,B. T. D. M. ,OTORRINOLARINGOLOGIA (AMBULATÓRIO),RETORNO,OTORRINOLARINGOLOGIA - OTONEURO,Inativo,Terça,1970-01-01 07:00:00.000,Manhã,Inativo,25
990,A. T. D. C. A. ,FISIOTERAPIA,SESSAO,FISIOTERAPIA - NEFROLOGIA,Inativo,Quinta,1970-01-01 13:00:00.000,Tarde,Ativo,5
992,A. T. D. C. A. ,FISIOTERAPIA,SESSAO,FISIOTERAPIA - NEURO,Inativo,Segunda,1970-01-01 13:00:00.000,Tarde,Ativo,6
992,A. T. D. C. A. ,FISIOTERAPIA,SESSAO,FISIOTERAPIA - NEURO,Inativo,Terça,1970-01-01 13:00:00.000,Tarde,Ativo,6
992,A. T. D. C. A. ,FISIOTERAPIA,SESSAO,FISIOTERAPIA - NEURO,Inativo,Quarta,1970-01-01 13:00:00.000,Tarde,Ativo,6
992,A. T. D. C. A. ,FISIOTERAPIA,SESSAO,FISIOTERAPIA - NEURO,Inativo,Quinta,1970-01-01 07:00:00.000,Manhã,Ativo,6
992,A. T. D. C. A. ,FISIOTERAPIA,SESSAO,FISIOTERAPIA - NEURO,Inativo,Sexta,1970-01-01 07:00:00.000,Manhã,Ativo,6
994,L. D. A. V. ,CIRURGIA PEDIÁTRICA (AMBULATÓRIO),RETORNO,CIRURGIA PEDIATRICA,Ativo,Segunda,1970-01-01 10:00:00.000,Manhã,Ativo,15
994,L. D. A. V. ,CIRURGIA PEDIÁTRICA (AMBULATÓRIO),INTERCONSULTA,CIRURGIA PEDIATRICA,Ativo,Segunda,1970-01-01 10:00:00.000,Manhã,Ativo,5
994,L. D. A. V. ,CIRURGIA PEDIÁTRICA (AMBULATÓRIO),CONSULTA REGULADA,CIRURGIA PEDIATRICA,Ativo,Segunda,1970-01-01 10:00:00.000,Manhã,Ativo,5
996,A. B. D. M. D. S. L. ,CARDIOLOGIA (AMBULATÓRIO),INTERCONSULTA,CARDIO - RISCO CIRURGICO,Inativo,Segunda,1970-01-01 13:00:00.000,Tarde,Ativo,3
996,A. B. D. M. D. S. L. ,CARDIOLOGIA (AMBULATÓRIO),INTERCONSULTA,CARDIO - RISCO CIRURGICO,Inativo,Quarta,1970-01-01 07:00:00.000,Manhã,Ativo,2
996,A. B. D. M. D. S. L. ,CARDIOLOGIA (AMBULATÓRIO),INTERCONSULTA,CARDIO - RISCO CIRURGICO,Inativo,Quinta,1970-01-01 07:00:00.000,Manhã,Ativo,1
1000,R. A. C. ,ONCOLOGIA (AMBULATÓRIO),RETORNO,ONCOLOGIA - PULSOTERAPIA,Inativo,Quarta,1970-01-01 07:00:00.000,Manhã,Inativo,100
1002,A. E. M. C. M. ,FONOAUDIOLOGIA,RETORNO,FONOAUDIOLOGIA - REABILITAÇÃO AUDITIVA,Inativo,Segunda,1970-01-01 07:00:00.000,Manhã,Ativo,6
1002,A. E. M. C. M. ,FONOAUDIOLOGIA,RETORNO,FONOAUDIOLOGIA - REABILITAÇÃO AUDITIVA,Inativo,Terça,1970-01-01 07:00:00.000,Manhã,Ativo,6
1002,A. E. M. C. M. ,FONOAUDIOLOGIA,RETORNO,FONOAUDIOLOGIA - REABILITAÇÃO AUDITIVA,Inativo,Quarta,1970-01-01 07:00:00.000,Manhã,Ativo,6
1002,A. E. M. C. M. ,FONOAUDIOLOGIA,RETORNO,FONOAUDIOLOGIA - REABILITAÇÃO AUDITIVA,Inativo,Quinta,1970-01-01 07:00:00.000,Manhã,Ativo,6
1002,A. E. M. C. M. ,FONOAUDIOLOGIA,RETORNO,FONOAUDIOLOGIA - REABILITAÇÃO AUDITIVA,Inativo,Sexta,1970-01-01 07:00:00.000,Manhã,Ativo,6
1004,E. D. R. M. ,FONOAUDIOLOGIA,EXAME,FONOAUDIOLOGIA - AUDIOMETRIA (5 ANOS OU MAIS),Inativo,Segunda,1970-01-01 07:00:00.000,Manhã,Ativo,6
1004,E. D. R. M. ,FONOAUDIOLOGIA,RETORNO,FONOAUDIOLOGIA - AUDIOMETRIA (5 ANOS OU MAIS),Inativo,Segunda,1970-01-01 07:00:00.000,Manhã,Ativo,2
1005,E. D. R. M. ,FONOAUDIOLOGIA,RETORNO,FONOAUDIOLOGIA - PROCESSAMENTO AUDITIVO,Inativo,Quinta,1970-01-01 07:00:00.000,Manhã,Ativo,2
1005,E. D. R. M. ,FONOAUDIOLOGIA,EXAME,FONOAUDIOLOGIA - PROCESSAMENTO AUDITIVO,Inativo,Quinta,1970-01-01 07:00:00.000,Manhã,Ativo,2
1006,E. D. R. M. ,FONOAUDIOLOGIA,RETORNO,FONOAUDIOLOGIA  - AUDIOMETRIA (MENOR DE 5 ANO,Inativo,Quarta,1970-01-01 07:00:00.000,Manhã,Ativo,1
1006,E. D. R. M. ,FONOAUDIOLOGIA,EXAME,FONOAUDIOLOGIA  - AUDIOMETRIA (MENOR DE 5 ANO,Inativo,Quarta,1970-01-01 07:00:00.000,Manhã,Ativo,1
1008,L. R. D. ,CLÍNICA MÉDICA (AMBULATÓRIO),RETORNO,CLINICA MEDICA,Ativo,Segunda,1970-01-01 13:00:00.000,Tarde,Ativo,8
1008,L. R. D. ,CLÍNICA MÉDICA (AMBULATÓRIO),CONSULTA REGULADA,CLINICA MEDICA,Ativo,Segunda,1970-01-01 15:30:00.000,Tarde,Ativo,2
1008,L. R. D. ,CLÍNICA MÉDICA (AMBULATÓRIO),CONSULTA REGULADA,CLINICA MEDICA,Ativo,Terça,1970-01-01 15:30:00.000,Tarde,Ativo,2
1008,L. R. D. ,CLÍNICA MÉDICA (AMBULATÓRIO),RETORNO,CLINICA MEDICA,Ativo,Terça,1970-01-01 13:00:00.000,Tarde,Ativo,8
1010,B. A. B. S. ,EDUCAÇÃO FÍSICA,INTERCONSULTA,EDUCACAO FISICA (TRIAGEM),Ativo,Sexta,1970-01-01 13:00:00.000,Tarde,Ativo,10
1011,B. A. B. S. ,EDUCAÇÃO FÍSICA,SESSAO,EDUCACAO FISICA,Ativo,Segunda,1970-01-01 13:00:00.000,Tarde,Ativo,1
1011,B. A. B. S. ,EDUCAÇÃO FÍSICA,SESSAO,EDUCACAO FISICA,Ativo,Segunda,1970-01-01 13:20:00.000,Tarde,Ativo,34
1011,B. A. B. S. ,EDUCAÇÃO FÍSICA,SESSAO,EDUCACAO FISICA,Ativo,Terça,1970-01-01 13:00:00.000,Tarde,Ativo,1
1011,B. A. B. S. ,EDUCAÇÃO FÍSICA,SESSAO,EDUCACAO FISICA,Ativo,Terça,1970-01-01 07:00:00.000,Manhã,Ativo,35
1011,B. A. B. S. ,EDUCAÇÃO FÍSICA,SESSAO,EDUCACAO FISICA,Ativo,Terça,1970-01-01 13:20:00.000,Tarde,Ativo,34
1011,B. A. B. S. ,EDUCAÇÃO FÍSICA,SESSAO,EDUCACAO FISICA,Ativo,Quarta,1970-01-01 13:00:00.000,Tarde,Ativo,1
1011,B. A. B. S. ,EDUCAÇÃO FÍSICA,SESSAO,EDUCACAO FISICA,Ativo,Quarta,1970-01-01 13:20:00.000,Tarde,Ativo,34
1011,B. A. B. S. ,EDUCAÇÃO FÍSICA,SESSAO,EDUCACAO FISICA,Ativo,Quinta,1970-01-01 13:00:00.000,Tarde,Ativo,1
1011,B. A. B. S. ,EDUCAÇÃO FÍSICA,SESSAO,EDUCACAO FISICA,Ativo,Quinta,1970-01-01 07:00:00.000,Manhã,Ativo,35
1011,B. A. B. S. ,EDUCAÇÃO FÍSICA,SESSAO,EDUCACAO FISICA,Ativo,Quinta,1970-01-01 13:20:00.000,Tarde,Ativo,34
1011,B. A. B. S. ,EDUCAÇÃO FÍSICA,SESSAO,EDUCACAO FISICA,Ativo,Sexta,1970-01-01 13:00:00.000,Tarde,Ativo,1
1011,B. A. B. S. ,EDUCAÇÃO FÍSICA,SESSAO,EDUCACAO FISICA,Ativo,Sexta,1970-01-01 13:24:00.000,Tarde,Ativo,24
1011,B. A. B. S. ,EDUCAÇÃO FÍSICA,SESSAO,EDUCACAO FISICA,Ativo,Sexta,1970-01-01 07:00:00.000,Manhã,Ativo,25
1012,M. B. D. M. D. M. ,OFTALMOLOGIA (AMBULATÓRIO),INTERCONSULTA,OFTALMOLOGIA - NEURO,Ativo,Segunda,1970-01-01 07:00:00.000,Manhã,Ativo,1
1012,M. B. D. M. D. M. ,OFTALMOLOGIA (AMBULATÓRIO),RETORNO,OFTALMOLOGIA - NEURO,Ativo,Segunda,1970-01-01 07:00:00.000,Manhã,Ativo,2
1012,M. B. D. M. D. M. ,OFTALMOLOGIA (AMBULATÓRIO),RETORNO,OFTALMOLOGIA - NEURO,Ativo,Quinta,1970-01-01 07:00:00.000,Manhã,Ativo,2
1012,M. B. D. M. D. M. ,OFTALMOLOGIA (AMBULATÓRIO),INTERCONSULTA,OFTALMOLOGIA - NEURO,Ativo,Quinta,1970-01-01 07:00:00.000,Manhã,Ativo,1
1014,A. P. D. S. ,ONCOLOGIA (AMBULATÓRIO),,ENFERMAGEM - ONCOLOGIA,Inativo,,,,,
1015,A. K. D. C. A. ,ONCOLOGIA (AMBULATÓRIO),RETORNO,ENFERMAGEM - ONCOLOGIA,Inativo,Segunda,1970-01-01 13:00:00.000,Tarde,Inativo,5
1015,A. K. D. C. A. ,ONCOLOGIA (AMBULATÓRIO),INTERCONSULTA,ENFERMAGEM - ONCOLOGIA,Inativo,Segunda,1970-01-01 13:00:00.000,Tarde,Inativo,5
1015,A. K. D. C. A. ,ONCOLOGIA (AMBULATÓRIO),RETORNO,ENFERMAGEM - ONCOLOGIA,Inativo,Segunda,1970-01-01 07:00:00.000,Manhã,Inativo,5
1015,A. K. D. C. A. ,ONCOLOGIA (AMBULATÓRIO),INTERCONSULTA,ENFERMAGEM - ONCOLOGIA,Inativo,Segunda,1970-01-01 07:00:00.000,Manhã,Inativo,5
1015,A. K. D. C. A. ,ONCOLOGIA (AMBULATÓRIO),INTERCONSULTA,ENFERMAGEM - ONCOLOGIA,Inativo,Terça,1970-01-01 07:00:00.000,Manhã,Inativo,5
1015,A. K. D. C. A. ,ONCOLOGIA (AMBULATÓRIO),INTERCONSULTA,ENFERMAGEM - ONCOLOGIA,Inativo,Terça,1970-01-01 13:00:00.000,Tarde,Inativo,5
1015,A. K. D. C. A. ,ONCOLOGIA (AMBULATÓRIO),RETORNO,ENFERMAGEM - ONCOLOGIA,Inativo,Terça,1970-01-01 07:00:00.000,Manhã,Inativo,5
1015,A. K. D. C. A. ,ONCOLOGIA (AMBULATÓRIO),RETORNO,ENFERMAGEM - ONCOLOGIA,Inativo,Terça,1970-01-01 13:00:00.000,Tarde,Inativo,5
1015,A. K. D. C. A. ,ONCOLOGIA (AMBULATÓRIO),RETORNO,ENFERMAGEM - ONCOLOGIA,Inativo,Quarta,1970-01-01 07:00:00.000,Manhã,Inativo,5
1015,A. K. D. C. A. ,ONCOLOGIA (AMBULATÓRIO),INTERCONSULTA,ENFERMAGEM - ONCOLOGIA,Inativo,Quarta,1970-01-01 07:00:00.000,Manhã,Inativo,5
1015,A. K. D. C. A. ,ONCOLOGIA (AMBULATÓRIO),INTERCONSULTA,ENFERMAGEM - ONCOLOGIA,Inativo,Quarta,1970-01-01 13:00:00.000,Tarde,Inativo,5
1015,A. K. D. C. A. ,ONCOLOGIA (AMBULATÓRIO),RETORNO,ENFERMAGEM - ONCOLOGIA,Inativo,Quarta,1970-01-01 13:00:00.000,Tarde,Inativo,5
1015,A. K. D. C. A. ,ONCOLOGIA (AMBULATÓRIO),INTERCONSULTA,ENFERMAGEM - ONCOLOGIA,Inativo,Quinta,1970-01-01 07:00:00.000,Manhã,Inativo,5
1015,A. K. D. C. A. ,ONCOLOGIA (AMBULATÓRIO),RETORNO,ENFERMAGEM - ONCOLOGIA,Inativo,Quinta,1970-01-01 13:00:00.000,Tarde,Inativo,5
1015,A. K. D. C. A. ,ONCOLOGIA (AMBULATÓRIO),INTERCONSULTA,ENFERMAGEM - ONCOLOGIA,Inativo,Quinta,1970-01-01 13:00:00.000,Tarde,Inativo,5
1015,A. K. D. C. A. ,ONCOLOGIA (AMBULATÓRIO),RETORNO,ENFERMAGEM - ONCOLOGIA,Inativo,Quinta,1970-01-01 07:00:00.000,Manhã,Inativo,5
1015,A. K. D. C. A. ,ONCOLOGIA (AMBULATÓRIO),INTERCONSULTA,ENFERMAGEM - ONCOLOGIA,Inativo,Sexta,1970-01-01 07:00:00.000,Manhã,Inativo,5
1015,A. K. D. C. A. ,ONCOLOGIA (AMBULATÓRIO),RETORNO,ENFERMAGEM - ONCOLOGIA,Inativo,Sexta,1970-01-01 13:00:00.000,Tarde,Inativo,5
1015,A. K. D. C. A. ,ONCOLOGIA (AMBULATÓRIO),INTERCONSULTA,ENFERMAGEM - ONCOLOGIA,Inativo,Sexta,1970-01-01 13:00:00.000,Tarde,Inativo,5
1015,A. K. D. C. A. ,ONCOLOGIA (AMBULATÓRIO),RETORNO,ENFERMAGEM - ONCOLOGIA,Inativo,Sexta,1970-01-01 07:00:00.000,Manhã,Inativo,5
1016,P. D. O. C. ,ONCOLOGIA (AMBULATÓRIO),,ENFERMAGEM - ONCOLOGIA,Inativo,,,,,
1017,V. D. S. R. ,ONCOLOGIA (AMBULATÓRIO),,ENFERMAGEM - ONCOLOGIA,Inativo,,,,,
1018,R. A. C. ,ONCOLOGIA (AMBULATÓRIO),INTERCONSULTA,ENFERMAGEM - ONCOLOGIA,Ativo,Segunda,1970-01-01 07:00:00.000,Manhã,Ativo,5
1018,R. A. C. ,ONCOLOGIA (AMBULATÓRIO),RETORNO,ENFERMAGEM - ONCOLOGIA,Ativo,Segunda,1970-01-01 07:00:00.000,Manhã,Ativo,35
1018,R. A. C. ,ONCOLOGIA (AMBULATÓRIO),INTERCONSULTA,ENFERMAGEM - ONCOLOGIA,Ativo,Terça,1970-01-01 07:00:00.000,Manhã,Ativo,5
1018,R. A. C. ,ONCOLOGIA (AMBULATÓRIO),RETORNO,ENFERMAGEM - ONCOLOGIA,Ativo,Terça,1970-01-01 07:00:00.000,Manhã,Ativo,35
1018,R. A. C. ,ONCOLOGIA (AMBULATÓRIO),INTERCONSULTA,ENFERMAGEM - ONCOLOGIA,Ativo,Quarta,1970-01-01 07:00:00.000,Manhã,Ativo,5
1018,R. A. C. ,ONCOLOGIA (AMBULATÓRIO),RETORNO,ENFERMAGEM - ONCOLOGIA,Ativo,Quarta,1970-01-01 07:00:00.000,Manhã,Ativo,35
1018,R. A. C. ,ONCOLOGIA (AMBULATÓRIO),RETORNO,ENFERMAGEM - ONCOLOGIA,Ativo,Quinta,1970-01-01 07:00:00.000,Manhã,Ativo,35
1018,R. A. C. ,ONCOLOGIA (AMBULATÓRIO),INTERCONSULTA,ENFERMAGEM - ONCOLOGIA,Ativo,Quinta,1970-01-01 07:00:00.000,Manhã,Ativo,5
1018,R. A. C. ,ONCOLOGIA (AMBULATÓRIO),INTERCONSULTA,ENFERMAGEM - ONCOLOGIA,Ativo,Sexta,1970-01-01 07:00:00.000,Manhã,Ativo,5
1018,R. A. C. ,ONCOLOGIA (AMBULATÓRIO),RETORNO,ENFERMAGEM - ONCOLOGIA,Ativo,Sexta,1970-01-01 07:00:00.000,Manhã,Ativo,35
1018,R. A. C. ,ONCOLOGIA (AMBULATÓRIO),RETORNO,ENFERMAGEM - ONCOLOGIA,Ativo,Sábado,1970-01-01 07:00:00.000,Manhã,Ativo,30
1021,M. F. L. R. ,ONCOLOGIA (AMBULATÓRIO),RETORNO,PSICOLOGIA - ONCOLOGIA,Inativo,Segunda,1970-01-01 07:00:00.000,Manhã,Inativo,1
1021,M. F. L. R. ,ONCOLOGIA (AMBULATÓRIO),INTERCONSULTA,PSICOLOGIA - ONCOLOGIA,Inativo,Segunda,1970-01-01 07:00:00.000,Manhã,Inativo,1
1021,M. F. L. R. ,ONCOLOGIA (AMBULATÓRIO),RETORNO,PSICOLOGIA - ONCOLOGIA,Inativo,Terça,1970-01-01 07:00:00.000,Manhã,Inativo,9
1021,M. F. L. R. ,ONCOLOGIA (AMBULATÓRIO),INTERCONSULTA,PSICOLOGIA - ONCOLOGIA,Inativo,Terça,1970-01-01 07:00:00.000,Manhã,Inativo,3
1021,M. F. L. R. ,ONCOLOGIA (AMBULATÓRIO),RETORNO,PSICOLOGIA - ONCOLOGIA,Inativo,Quarta,1970-01-01 07:00:00.000,Manhã,Inativo,10
1021,M. F. L. R. ,ONCOLOGIA (AMBULATÓRIO),INTERCONSULTA,PSICOLOGIA - ONCOLOGIA,Inativo,Quarta,1970-01-01 07:00:00.000,Manhã,Inativo,4
1021,M. F. L. R. ,ONCOLOGIA (AMBULATÓRIO),RETORNO,PSICOLOGIA - ONCOLOGIA,Inativo,Quinta,1970-01-01 07:00:00.000,Manhã,Inativo,9
1021,M. F. L. R. ,ONCOLOGIA (AMBULATÓRIO),INTERCONSULTA,PSICOLOGIA - ONCOLOGIA,Inativo,Quinta,1970-01-01 07:00:00.000,Manhã,Inativo,3
1021,M. F. L. R. ,ONCOLOGIA (AMBULATÓRIO),INTERCONSULTA,PSICOLOGIA - ONCOLOGIA,Inativo,Sexta,1970-01-01 07:00:00.000,Manhã,Inativo,1
1021,M. F. L. R. ,ONCOLOGIA (AMBULATÓRIO),RETORNO,PSICOLOGIA - ONCOLOGIA,Inativo,Sexta,1970-01-01 07:00:00.000,Manhã,Inativo,1
1022,G. M. L. ,ONCOLOGIA (AMBULATÓRIO),INTERCONSULTA,ONCOLOGIA - GERIATRIA,Inativo,Segunda,1970-01-01 13:00:00.000,Tarde,Ativo,2
1022,G. M. L. ,ONCOLOGIA (AMBULATÓRIO),RETORNO,ONCOLOGIA - GERIATRIA,Inativo,Segunda,1970-01-01 13:00:00.000,Tarde,Ativo,18
1024,L. A. D. S. B. ,OFTALMOLOGIA (AMBULATÓRIO),INTERCONSULTA,OFTALMOLOGIA,Ativo,Segunda,1970-01-01 07:00:00.000,Manhã,Ativo,2
1024,L. A. D. S. B. ,OFTALMOLOGIA (AMBULATÓRIO),CONSULTA REGULADA,OFTALMOLOGIA,Ativo,Segunda,1970-01-01 10:00:00.000,Manhã,Ativo,4
1024,L. A. D. S. B. ,OFTALMOLOGIA (AMBULATÓRIO),CONSULTA REGULADA,OFTALMOLOGIA,Ativo,Sexta,1970-01-01 15:30:00.000,Tarde,Ativo,4
1024,L. A. D. S. B. ,OFTALMOLOGIA (AMBULATÓRIO),INTERCONSULTA,OFTALMOLOGIA,Ativo,Sexta,1970-01-01 13:00:00.000,Tarde,Ativo,2
1025,L. A. D. S. B. ,OFTALMOLOGIA (AMBULATÓRIO),RETORNO,OFTALMOLOGIA - LENTES DE CONTATO,Ativo,Sexta,1970-01-01 07:00:00.000,Manhã,Ativo,5
1025,L. A. D. S. B. ,OFTALMOLOGIA (AMBULATÓRIO),INTERCONSULTA,OFTALMOLOGIA - LENTES DE CONTATO,Ativo,Sexta,1970-01-01 07:00:00.000,Manhã,Ativo,3
1026,A. P. T. S. ,OFTALMOLOGIA (AMBULATÓRIO),RETORNO,OFTALMOLOGIA - LASER - FOTOCOAGULACAO,Inativo,Quarta,1970-01-01 07:00:00.000,Manhã,Inativo,3
1026,A. P. T. S. ,OFTALMOLOGIA (AMBULATÓRIO),INTERCONSULTA,OFTALMOLOGIA - LASER - FOTOCOAGULACAO,Inativo,Quarta,1970-01-01 07:00:00.000,Manhã,Inativo,3
1028,A. P. T. S. ,OFTALMOLOGIA (AMBULATÓRIO),INTERCONSULTA,OFTALMOLOGIA,Ativo,Segunda,1970-01-01 07:00:00.000,Manhã,Ativo,2
1028,A. P. T. S. ,OFTALMOLOGIA (AMBULATÓRIO),CONSULTA REGULADA,OFTALMOLOGIA,Ativo,Segunda,1970-01-01 10:00:00.000,Manhã,Ativo,4
1030,M. C. D. A. R. ,OFTALMOLOGIA (AMBULATÓRIO),CONSULTA REGULADA,OFTALMOLOGIA,Ativo,Terça,1970-01-01 10:00:00.000,Manhã,Ativo,4
1030,M. C. D. A. R. ,OFTALMOLOGIA (AMBULATÓRIO),INTERCONSULTA,OFTALMOLOGIA,Ativo,Terça,1970-01-01 07:00:00.000,Manhã,Ativo,2
1032,M. C. D. A. R. ,OFTALMOLOGIA (AMBULATÓRIO),EXAME,OFTALMOLOGIA - CURVA TENSIONAL,Inativo,Terça,1970-01-01 07:00:00.000,Manhã,Ativo,6
1034,M. C. D. A. R. ,OFTALMOLOGIA (AMBULATÓRIO),EXAME,OFTALMOLOGIA - CAMPOVISUAL,Inativo,Terça,1970-01-01 07:00:00.000,Manhã,Ativo,6
1036,R. V. A. ,OFTALMOLOGIA (AMBULATÓRIO),CONSULTA REGULADA,OFTALMOLOGIA,Ativo,Sexta,1970-01-01 15:30:00.000,Tarde,Ativo,4
1036,R. V. A. ,OFTALMOLOGIA (AMBULATÓRIO),INTERCONSULTA,OFTALMOLOGIA,Ativo,Sexta,1970-01-01 13:00:00.000,Tarde,Ativo,2
1038,R. V. A. ,OFTALMOLOGIA (AMBULATÓRIO),INTERCONSULTA,OFTALMOLOGIA - CLOROQUINA,Ativo,Quarta,1970-01-01 13:00:00.000,Tarde,Ativo,8
1039,R. V. A. ,OFTALMOLOGIA (AMBULATÓRIO),INTERCONSULTA,OFTALMOLOGIA - TESTE DO OLHINHO,Ativo,Quinta,1970-01-01 13:00:00.000,Tarde,Ativo,5
1039,R. V. A. ,OFTALMOLOGIA (AMBULATÓRIO),RETORNO,OFTALMOLOGIA - TESTE DO OLHINHO,Ativo,Quinta,1970-01-01 13:00:00.000,Tarde,Ativo,3
1039,R. V. A. ,OFTALMOLOGIA (AMBULATÓRIO),CONSULTA REGULADA,OFTALMOLOGIA - TESTE DO OLHINHO,Ativo,Quinta,1970-01-01 15:30:00.000,Tarde,Ativo,4
1040,M. M. T. F. P. ,OFTALMOLOGIA (AMBULATÓRIO),CONSULTA REGULADA,OFTALMOLOGIA,Inativo,Quarta,1970-01-01 10:00:00.000,Manhã,Inativo,4
1040,M. M. T. F. P. ,OFTALMOLOGIA (AMBULATÓRIO),INTERCONSULTA,OFTALMOLOGIA,Inativo,Quarta,1970-01-01 07:00:00.000,Manhã,Inativo,4
1041,M. M. T. F. P. ,OFTALMOLOGIA (AMBULATÓRIO),INTERCONSULTA,OFTALMOLOGIA - PEDIATRIA,Ativo,Quarta,1970-01-01 07:00:00.000,Manhã,Ativo,2
1041,M. M. T. F. P. ,OFTALMOLOGIA (AMBULATÓRIO),RETORNO,OFTALMOLOGIA - PEDIATRIA,Ativo,Quarta,1970-01-01 07:00:00.000,Manhã,Ativo,6
1042,M. M. V. C. M. ,OFTALMOLOGIA (AMBULATÓRIO),CONSULTA REGULADA,OFTALMOLOGIA,Ativo,Segunda,1970-01-01 15:30:00.000,Tarde,Ativo,4
1042,M. M. V. C. M. ,OFTALMOLOGIA (AMBULATÓRIO),INTERCONSULTA,OFTALMOLOGIA,Ativo,Segunda,1970-01-01 13:00:00.000,Tarde,Ativo,2
1042,M. M. V. C. M. ,OFTALMOLOGIA (AMBULATÓRIO),CONSULTA REGULADA,OFTALMOLOGIA,Ativo,Quarta,1970-01-01 15:30:00.000,Tarde,Inativo,3
1042,M. M. V. C. M. ,OFTALMOLOGIA (AMBULATÓRIO),INTERCONSULTA,OFTALMOLOGIA,Ativo,Quinta,1970-01-01 13:00:00.000,Tarde,Ativo,2
1042,M. M. V. C. M. ,OFTALMOLOGIA (AMBULATÓRIO),CONSULTA REGULADA,OFTALMOLOGIA,Ativo,Quinta,1970-01-01 15:30:00.000,Tarde,Ativo,4
1044,A. K. T. S. ,OFTALMOLOGIA (AMBULATÓRIO),INTERCONSULTA,OFTALMOLOGIA,Ativo,Terça,1970-01-01 13:00:00.000,Tarde,Ativo,2
1044,A. K. T. S. ,OFTALMOLOGIA (AMBULATÓRIO),CONSULTA REGULADA,OFTALMOLOGIA,Ativo,Terça,1970-01-01 15:30:00.000,Tarde,Ativo,4
1044,A. K. T. S. ,OFTALMOLOGIA (AMBULATÓRIO),INTERCONSULTA,OFTALMOLOGIA,Ativo,Sexta,1970-01-01 07:00:00.000,Manhã,Ativo,2
1044,A. K. T. S. ,OFTALMOLOGIA (AMBULATÓRIO),CONSULTA REGULADA,OFTALMOLOGIA,Ativo,Sexta,1970-01-01 10:00:00.000,Manhã,Ativo,4
1045,T. R. C. E. S. ,OFTALMOLOGIA (AMBULATÓRIO),INTERCONSULTA,OFTALMOLOGIA,Ativo,Terça,1970-01-01 13:00:00.000,Tarde,Ativo,2
1045,T. R. C. E. S. ,OFTALMOLOGIA (AMBULATÓRIO),CONSULTA REGULADA,OFTALMOLOGIA,Ativo,Terça,1970-01-01 10:00:00.000,Manhã,Ativo,4
1045,T. R. C. E. S. ,OFTALMOLOGIA (AMBULATÓRIO),INTERCONSULTA,OFTALMOLOGIA,Ativo,Terça,1970-01-01 07:00:00.000,Manhã,Ativo,2
1045,T. R. C. E. S. ,OFTALMOLOGIA (AMBULATÓRIO),CONSULTA REGULADA,OFTALMOLOGIA,Ativo,Terça,1970-01-01 15:30:00.000,Tarde,Ativo,4
1045,T. R. C. E. S. ,OFTALMOLOGIA (AMBULATÓRIO),CONSULTA REGULADA,OFTALMOLOGIA,Ativo,Sexta,1970-01-01 10:00:00.000,Manhã,Ativo,4
1045,T. R. C. E. S. ,OFTALMOLOGIA (AMBULATÓRIO),INTERCONSULTA,OFTALMOLOGIA,Ativo,Sexta,1970-01-01 07:00:00.000,Manhã,Ativo,2
1046,J. C. F. A. ,OFTALMOLOGIA (AMBULATÓRIO),CONSULTA REGULADA,OFTALMOLOGIA,Ativo,Quarta,1970-01-01 10:00:00.000,Manhã,Ativo,4
1046,J. C. F. A. ,OFTALMOLOGIA (AMBULATÓRIO),INTERCONSULTA,OFTALMOLOGIA,Ativo,Quarta,1970-01-01 07:00:00.000,Manhã,Ativo,2
1046,J. C. F. A. ,OFTALMOLOGIA (AMBULATÓRIO),INTERCONSULTA,OFTALMOLOGIA,Ativo,Quinta,1970-01-01 13:00:00.000,Tarde,Ativo,2
1046,J. C. F. A. ,OFTALMOLOGIA (AMBULATÓRIO),CONSULTA REGULADA,OFTALMOLOGIA,Ativo,Quinta,1970-01-01 15:30:00.000,Tarde,Ativo,4
1046,J. C. F. A. ,OFTALMOLOGIA (AMBULATÓRIO),CONSULTA REGULADA,OFTALMOLOGIA,Ativo,Quinta,1970-01-01 10:00:00.000,Manhã,Ativo,4
1046,J. C. F. A. ,OFTALMOLOGIA (AMBULATÓRIO),INTERCONSULTA,OFTALMOLOGIA,Ativo,Quinta,1970-01-01 07:00:00.000,Manhã,Ativo,2
1048,J. R. L. D. C. J. ,OFTALMOLOGIA (AMBULATÓRIO),INTERCONSULTA,OFTALMOLOGIA,Ativo,Quinta,1970-01-01 07:00:00.000,Manhã,Ativo,2
1048,J. R. L. D. C. J. ,OFTALMOLOGIA (AMBULATÓRIO),CONSULTA REGULADA,OFTALMOLOGIA,Ativo,Quinta,1970-01-01 10:00:00.000,Manhã,Ativo,4
1050,E. F. D. D. A. ,OFTALMOLOGIA (AMBULATÓRIO),EXAME,OFTALMOLOGIA - PAQUIMETRIA,Inativo,Segunda,1970-01-01 07:00:00.000,Manhã,Ativo,10
1050,E. F. D. D. A. ,OFTALMOLOGIA (AMBULATÓRIO),EXAME,OFTALMOLOGIA - PAQUIMETRIA,Inativo,Segunda,1970-01-01 13:00:00.000,Tarde,Ativo,10
1051,E. F. D. D. A. ,OFTALMOLOGIA (AMBULATÓRIO),EXAME,OFTALMOLOGIA - MICROSCOPIA  ESPECULAR,Inativo,Segunda,1970-01-01 07:00:00.000,Manhã,Ativo,3
1051,E. F. D. D. A. ,OFTALMOLOGIA (AMBULATÓRIO),EXAME,OFTALMOLOGIA - MICROSCOPIA  ESPECULAR,Inativo,Segunda,1970-01-01 13:00:00.000,Tarde,Ativo,3
1052,M. C. L. D. L. ,ONCOLOGIA (AMBULATÓRIO),INTERCONSULTA,NUTRICAO - ONCOGERIATRIA,Ativo,Segunda,1970-01-01 13:00:00.000,Tarde,Ativo,3
1052,M. C. L. D. L. ,ONCOLOGIA (AMBULATÓRIO),RETORNO,NUTRICAO - ONCOGERIATRIA,Ativo,Segunda,1970-01-01 13:00:00.000,Tarde,Ativo,5
1054,L. C. C. ,HEMATOLOGIA (AMBULATÓRIO),CONSULTA REGULADA,HEMATOLOGIA,Ativo,Terça,1970-01-01 10:00:00.000,Manhã,Inativo,2
1054,L. C. C. ,HEMATOLOGIA (AMBULATÓRIO),INTERCONSULTA,HEMATOLOGIA,Ativo,Quarta,1970-01-01 07:00:00.000,Manhã,Ativo,2
1054,L. C. C. ,HEMATOLOGIA (AMBULATÓRIO),RETORNO,HEMATOLOGIA,Ativo,Quarta,1970-01-01 07:00:00.000,Manhã,Ativo,6
1056,L. C. C. ,HEMATOLOGIA (AMBULATÓRIO),INTERCONSULTA,HEMATOLOGIA - QUIMIOTERAPIA,Inativo,Terça,1970-01-01 07:00:00.000,Manhã,Inativo,2
1056,L. C. C. ,HEMATOLOGIA (AMBULATÓRIO),RETORNO,HEMATOLOGIA - QUIMIOTERAPIA,Inativo,Terça,1970-01-01 07:00:00.000,Manhã,Inativo,8
1057,L. C. C. ,HEMATOLOGIA (AMBULATÓRIO),TELEATENDIMENTO,HEMATOLOGIA - MIELOGRAMA,Inativo,Quarta,1970-01-01 13:00:00.000,Tarde,Ativo,10
1057,L. C. C. ,HEMATOLOGIA (AMBULATÓRIO),TELEATENDIMENTO,HEMATOLOGIA - MIELOGRAMA,Inativo,Quinta,1970-01-01 13:00:00.000,Tarde,Ativo,5
1057,L. C. C. ,HEMATOLOGIA (AMBULATÓRIO),INTERCONSULTA,HEMATOLOGIA - MIELOGRAMA,Inativo,Sexta,1970-01-01 13:00:00.000,Tarde,Inativo,2
1057,L. C. C. ,HEMATOLOGIA (AMBULATÓRIO),RETORNO,HEMATOLOGIA - MIELOGRAMA,Inativo,Sexta,1970-01-01 13:00:00.000,Tarde,Inativo,4
1058,L. C. C. ,HEMATOLOGIA (AMBULATÓRIO),RETORNO,HEMATOLOGIA - BIOPSIA,Inativo,Sexta,1970-01-01 07:00:00.000,Manhã,Inativo,4
1059,J. O. V. ,HEMATOLOGIA (AMBULATÓRIO),RETORNO,HEMATOLOGIA,Ativo,Segunda,1970-01-01 13:00:00.000,Tarde,Ativo,4
1059,J. O. V. ,HEMATOLOGIA (AMBULATÓRIO),INTERCONSULTA,HEMATOLOGIA,Ativo,Segunda,1970-01-01 13:00:00.000,Tarde,Ativo,2
1059,J. O. V. ,HEMATOLOGIA (AMBULATÓRIO),CONSULTA REGULADA,HEMATOLOGIA,Ativo,Segunda,1970-01-01 15:30:00.000,Tarde,Ativo,2
1060,J. O. V. ,HEMATOLOGIA (AMBULATÓRIO),RETORNO,HEMATOLOGIA - QUIMIOTERAPIA,Ativo,Segunda,1970-01-01 07:00:00.000,Manhã,Ativo,10
1060,J. O. V. ,HEMATOLOGIA (AMBULATÓRIO),RETORNO,HEMATOLOGIA - QUIMIOTERAPIA,Ativo,Quarta,1970-01-01 13:00:00.000,Tarde,Ativo,10
1062,L. M. D. S. L. ,PSICOLOGIA (AMBULATÓRIO),RETORNO,PSICOLOGIA,Ativo,Segunda,1970-01-01 07:00:00.000,Manhã,Ativo,7
1062,L. M. D. S. L. ,PSICOLOGIA (AMBULATÓRIO),RETORNO,PSICOLOGIA,Ativo,Terça,1970-01-01 07:00:00.000,Manhã,Ativo,7
1062,L. M. D. S. L. ,PSICOLOGIA (AMBULATÓRIO),RETORNO,PSICOLOGIA,Ativo,Quarta,1970-01-01 07:00:00.000,Manhã,Ativo,5
1062,L. M. D. S. L. ,PSICOLOGIA (AMBULATÓRIO),RETORNO,PSICOLOGIA,Ativo,Sexta,1970-01-01 07:00:00.000,Manhã,Ativo,7
1064,K. F. N. D. C. ,PSICOLOGIA (AMBULATÓRIO),RETORNO,PSICOLOGIA,Ativo,Terça,1970-01-01 07:00:00.000,Manhã,Ativo,5
1064,K. F. N. D. C. ,PSICOLOGIA (AMBULATÓRIO),RETORNO,PSICOLOGIA,Ativo,Quarta,1970-01-01 07:00:00.000,Manhã,Ativo,5
1066,M. M. S. ,PSICOLOGIA (AMBULATÓRIO),RETORNO,PSICOLOGIA,Ativo,Sexta,1970-01-01 07:00:00.000,Manhã,Ativo,11
1068,L. P. D. S. ,ONCOLOGIA (AMBULATÓRIO),INTERCONSULTA,ENFERMAGEM - ONCO - NAVEGACAO EM ONCOLOGIA,Ativo,Segunda,1970-01-01 07:00:00.000,Manhã,Ativo,4
1068,L. P. D. S. ,ONCOLOGIA (AMBULATÓRIO),RETORNO,ENFERMAGEM - ONCO - NAVEGACAO EM ONCOLOGIA,Ativo,Segunda,1970-01-01 07:00:00.000,Manhã,Ativo,8
1068,L. P. D. S. ,ONCOLOGIA (AMBULATÓRIO),INTERCONSULTA,ENFERMAGEM - ONCO - NAVEGACAO EM ONCOLOGIA,Ativo,Terça,1970-01-01 07:00:00.000,Manhã,Ativo,4
1068,L. P. D. S. ,ONCOLOGIA (AMBULATÓRIO),RETORNO,ENFERMAGEM - ONCO - NAVEGACAO EM ONCOLOGIA,Ativo,Terça,1970-01-01 07:00:00.000,Manhã,Ativo,8
1068,L. P. D. S. ,ONCOLOGIA (AMBULATÓRIO),RETORNO,ENFERMAGEM - ONCO - NAVEGACAO EM ONCOLOGIA,Ativo,Quarta,1970-01-01 07:00:00.000,Manhã,Ativo,8
1068,L. P. D. S. ,ONCOLOGIA (AMBULATÓRIO),INTERCONSULTA,ENFERMAGEM - ONCO - NAVEGACAO EM ONCOLOGIA,Ativo,Quarta,1970-01-01 07:00:00.000,Manhã,Ativo,4
1068,L. P. D. S. ,ONCOLOGIA (AMBULATÓRIO),INTERCONSULTA,ENFERMAGEM - ONCO - NAVEGACAO EM ONCOLOGIA,Ativo,Quinta,1970-01-01 07:00:00.000,Manhã,Ativo,4
1068,L. P. D. S. ,ONCOLOGIA (AMBULATÓRIO),RETORNO,ENFERMAGEM - ONCO - NAVEGACAO EM ONCOLOGIA,Ativo,Quinta,1970-01-01 07:00:00.000,Manhã,Ativo,8
1068,L. P. D. S. ,ONCOLOGIA (AMBULATÓRIO),INTERCONSULTA,ENFERMAGEM - ONCO - NAVEGACAO EM ONCOLOGIA,Ativo,Sexta,1970-01-01 07:00:00.000,Manhã,Ativo,4
1068,L. P. D. S. ,ONCOLOGIA (AMBULATÓRIO),RETORNO,ENFERMAGEM - ONCO - NAVEGACAO EM ONCOLOGIA,Ativo,Sexta,1970-01-01 07:00:00.000,Manhã,Ativo,8
1070,A. C. G. ,CARDIOLOGIA (AMBULATÓRIO),RETORNO,ENFERMAGEM - CARDIO - ECOTRANSESOFAGICO,Ativo,Terça,1970-01-01 07:00:00.000,Manhã,Ativo,4
1070,A. C. G. ,CARDIOLOGIA (AMBULATÓRIO),RETORNO,ENFERMAGEM - CARDIO - ECOTRANSESOFAGICO,Ativo,Quinta,1970-01-01 07:00:00.000,Manhã,Ativo,4
1072,S. M. D. S. ,ONCOLOGIA (AMBULATÓRIO),RETORNO,CIRURGIA ONCOLOGICA,Inativo,Segunda,1970-01-01 13:00:00.000,Tarde,Inativo,17
1072,S. M. D. S. ,ONCOLOGIA (AMBULATÓRIO),INTERCONSULTA,CIRURGIA ONCOLOGICA,Inativo,Segunda,1970-01-01 13:00:00.000,Tarde,Inativo,3
1072,S. M. D. S. ,ONCOLOGIA (AMBULATÓRIO),INTERCONSULTA,CIRURGIA ONCOLOGICA,Inativo,Quinta,1970-01-01 13:00:00.000,Tarde,Inativo,3
1072,S. M. D. S. ,ONCOLOGIA (AMBULATÓRIO),RETORNO,CIRURGIA ONCOLOGICA,Inativo,Quinta,1970-01-01 13:00:00.000,Tarde,Inativo,17
1072,S. M. D. S. ,ONCOLOGIA (AMBULATÓRIO),RETORNO,CIRURGIA ONCOLOGICA,Inativo,Sexta,1970-01-01 07:00:00.000,Manhã,Inativo,17
1072,S. M. D. S. ,ONCOLOGIA (AMBULATÓRIO),INTERCONSULTA,CIRURGIA ONCOLOGICA,Inativo,Sexta,1970-01-01 13:00:00.000,Tarde,Inativo,3
1072,S. M. D. S. ,ONCOLOGIA (AMBULATÓRIO),RETORNO,CIRURGIA ONCOLOGICA,Inativo,Sexta,1970-01-01 13:00:00.000,Tarde,Inativo,17
1072,S. M. D. S. ,ONCOLOGIA (AMBULATÓRIO),INTERCONSULTA,CIRURGIA ONCOLOGICA,Inativo,Sexta,1970-01-01 07:00:00.000,Manhã,Inativo,3
1074,J. C. D. A. K. E. A. ,HEMATOLOGIA (AMBULATÓRIO),RETORNO,HEMATOLOGIA,Ativo,Segunda,1970-01-01 07:00:00.000,Manhã,Ativo,5
1076,A. I. C. C. ,CLÍNICA MÉDICA (AMBULATÓRIO),RETORNO,CLINICA MEDICA,Inativo,Terça,1970-01-01 07:00:00.000,Manhã,Ativo,10
1076,A. I. C. C. ,CLÍNICA MÉDICA (AMBULATÓRIO),INTERCONSULTA,CLINICA MEDICA,Inativo,Terça,1970-01-01 07:00:00.000,Manhã,Ativo,2
1076,A. I. C. C. ,CLÍNICA MÉDICA (AMBULATÓRIO),CONSULTA REGULADA,CLINICA MEDICA,Inativo,Terça,1970-01-01 07:00:00.000,Manhã,Ativo,1
1078,D. C. O. ,CLÍNICA MÉDICA (AMBULATÓRIO),RETORNO,CLINICA MEDICA,Ativo,Quinta,1970-01-01 09:30:00.000,Manhã,Ativo,1
1080,L. H. D. O. C. ,CLÍNICA MÉDICA (AMBULATÓRIO),INTERCONSULTA,CLINICA MEDICA - ENDOCRINOLOGIA,Ativo,Terça,1970-01-01 07:00:00.000,Manhã,Ativo,2
1080,L. H. D. O. C. ,CLÍNICA MÉDICA (AMBULATÓRIO),RETORNO,CLINICA MEDICA - ENDOCRINOLOGIA,Ativo,Terça,1970-01-01 07:00:00.000,Manhã,Ativo,6
1082,R. H. C. B. ,CIRURGIA PLÁSTICA (AMBULATÓRIO),INTERCONSULTA,CIRURGIA PLASTICA,Inativo,Quinta,1970-01-01 07:00:00.000,Manhã,Inativo,1
1082,R. H. C. B. ,CIRURGIA PLÁSTICA (AMBULATÓRIO),RETORNO,CIRURGIA PLASTICA,Inativo,Quinta,1970-01-01 07:00:00.000,Manhã,Inativo,30
1082,R. H. C. B. ,CIRURGIA PLÁSTICA (AMBULATÓRIO),CONSULTA REGULADA,CIRURGIA PLASTICA,Inativo,Quinta,1970-01-01 10:00:00.000,Manhã,Inativo,2
1082,R. H. C. B. ,CIRURGIA PLÁSTICA (AMBULATÓRIO),RETORNO,CIRURGIA PLASTICA,Inativo,Sexta,1970-01-01 07:00:00.000,Manhã,Inativo,30
1082,R. H. C. B. ,CIRURGIA PLÁSTICA (AMBULATÓRIO),CONSULTA REGULADA,CIRURGIA PLASTICA,Inativo,Sexta,1970-01-01 07:00:00.000,Manhã,Inativo,2
1082,R. H. C. B. ,CIRURGIA PLÁSTICA (AMBULATÓRIO),INTERCONSULTA,CIRURGIA PLASTICA,Inativo,Sexta,1970-01-01 07:00:00.000,Manhã,Inativo,1
1083,I. C. G. L. ,CIRURGIA PLÁSTICA (AMBULATÓRIO),RETORNO,CIRURGIA PLASTICA,Inativo,Quinta,1970-01-01 07:00:00.000,Manhã,Ativo,6
1084,B. M. F. ,CARDIOLOGIA (AMBULATÓRIO),RETORNO,CARDIOLOGIA,Inativo,Terça,1970-01-01 13:00:00.000,Tarde,Ativo,6
1086,G. V. F. ,NEFROLOGIA (AMBULATÓRIO),RETORNO,NEFROLOGIA - GLOMERULONEFRITE,Ativo,Segunda,1970-01-01 13:00:00.000,Tarde,Ativo,4
1088,J. A. F. ,NUTRIÇÃO,RETORNO,NUTRICAO - OBESIDADE,Ativo,Quarta,1970-01-01 13:00:00.000,Tarde,Ativo,3
1088,J. A. F. ,NUTRIÇÃO,INTERCONSULTA,NUTRICAO - OBESIDADE,Ativo,Quarta,1970-01-01 13:00:00.000,Tarde,Ativo,2
1088,J. A. F. ,NUTRIÇÃO,RETORNO,NUTRICAO - OBESIDADE,Ativo,Quinta,1970-01-01 07:00:00.000,Manhã,Ativo,3
1088,J. A. F. ,NUTRIÇÃO,INTERCONSULTA,NUTRICAO - OBESIDADE,Ativo,Quinta,1970-01-01 07:00:00.000,Manhã,Ativo,2
1090,R. V. A. ,OFTALMOLOGIA (AMBULATÓRIO),RETORNO,OFTALMOLOGIA - VISAO SUBNORMAL,Ativo,Terça,1970-01-01 13:00:00.000,Tarde,Ativo,3
1090,R. V. A. ,OFTALMOLOGIA (AMBULATÓRIO),INTERCONSULTA,OFTALMOLOGIA - VISAO SUBNORMAL,Ativo,Terça,1970-01-01 13:00:00.000,Tarde,Ativo,3
1092,R. E. D. A. C. ,OFTALMOLOGIA (AMBULATÓRIO),INTERCONSULTA,OFTALMOLOGIA - GLAUCOMA,Ativo,Quarta,1970-01-01 07:00:00.000,Manhã,Ativo,4
1092,R. E. D. A. C. ,OFTALMOLOGIA (AMBULATÓRIO),RETORNO,OFTALMOLOGIA - GLAUCOMA,Ativo,Quarta,1970-01-01 07:00:00.000,Manhã,Ativo,8
1092,R. E. D. A. C. ,OFTALMOLOGIA (AMBULATÓRIO),INTERCONSULTA,OFTALMOLOGIA - GLAUCOMA,Ativo,Sexta,1970-01-01 07:00:00.000,Manhã,Ativo,4
1092,R. E. D. A. C. ,OFTALMOLOGIA (AMBULATÓRIO),RETORNO,OFTALMOLOGIA - GLAUCOMA,Ativo,Sexta,1970-01-01 07:00:00.000,Manhã,Ativo,8
1094,E. V. F. ,ENFERMAGEM,RETORNO,ENFERMAGEM - PRÉ OPERATÓRIO,Ativo,Segunda,1970-01-01 13:00:00.000,Tarde,Ativo,2
1094,E. V. F. ,ENFERMAGEM,INTERCONSULTA,ENFERMAGEM - PRÉ OPERATÓRIO,Ativo,Segunda,1970-01-01 13:00:00.000,Tarde,Ativo,8
1094,E. V. F. ,ENFERMAGEM,RETORNO,ENFERMAGEM - PRÉ OPERATÓRIO,Ativo,Terça,1970-01-01 13:00:00.000,Tarde,Ativo,2
1094,E. V. F. ,ENFERMAGEM,INTERCONSULTA,ENFERMAGEM - PRÉ OPERATÓRIO,Ativo,Terça,1970-01-01 13:00:00.000,Tarde,Ativo,8
1094,E. V. F. ,ENFERMAGEM,RETORNO,ENFERMAGEM - PRÉ OPERATÓRIO,Ativo,Quarta,1970-01-01 13:00:00.000,Tarde,Ativo,2
1094,E. V. F. ,ENFERMAGEM,INTERCONSULTA,ENFERMAGEM - PRÉ OPERATÓRIO,Ativo,Quarta,1970-01-01 13:00:00.000,Tarde,Ativo,8
1094,E. V. F. ,ENFERMAGEM,RETORNO,ENFERMAGEM - PRÉ OPERATÓRIO,Ativo,Quinta,1970-01-01 13:00:00.000,Tarde,Ativo,2
1094,E. V. F. ,ENFERMAGEM,INTERCONSULTA,ENFERMAGEM - PRÉ OPERATÓRIO,Ativo,Quinta,1970-01-01 13:00:00.000,Tarde,Ativo,8
1096,S. M. A. D. B. C. ,ENFERMAGEM,INTERCONSULTA,ENFERMAGEM - PRÉ OPERATÓRIO,Ativo,Segunda,1970-01-01 07:00:00.000,Manhã,Ativo,8
1096,S. M. A. D. B. C. ,ENFERMAGEM,RETORNO,ENFERMAGEM - PRÉ OPERATÓRIO,Ativo,Segunda,1970-01-01 07:00:00.000,Manhã,Ativo,2
1096,S. M. A. D. B. C. ,ENFERMAGEM,INTERCONSULTA,ENFERMAGEM - PRÉ OPERATÓRIO,Ativo,Terça,1970-01-01 07:00:00.000,Manhã,Ativo,8
1096,S. M. A. D. B. C. ,ENFERMAGEM,RETORNO,ENFERMAGEM - PRÉ OPERATÓRIO,Ativo,Terça,1970-01-01 07:00:00.000,Manhã,Ativo,2
1096,S. M. A. D. B. C. ,ENFERMAGEM,RETORNO,ENFERMAGEM - PRÉ OPERATÓRIO,Ativo,Quarta,1970-01-01 07:00:00.000,Manhã,Ativo,2
1096,S. M. A. D. B. C. ,ENFERMAGEM,INTERCONSULTA,ENFERMAGEM - PRÉ OPERATÓRIO,Ativo,Quarta,1970-01-01 07:00:00.000,Manhã,Ativo,8
1096,S. M. A. D. B. C. ,ENFERMAGEM,INTERCONSULTA,ENFERMAGEM - PRÉ OPERATÓRIO,Ativo,Quinta,1970-01-01 07:00:00.000,Manhã,Ativo,8
1096,S. M. A. D. B. C. ,ENFERMAGEM,RETORNO,ENFERMAGEM - PRÉ OPERATÓRIO,Ativo,Quinta,1970-01-01 07:00:00.000,Manhã,Ativo,2
1096,S. M. A. D. B. C. ,ENFERMAGEM,INTERCONSULTA,ENFERMAGEM - PRÉ OPERATÓRIO,Ativo,Sábado,1970-01-01 13:00:00.000,Tarde,Ativo,20
1096,S. M. A. D. B. C. ,ENFERMAGEM,INTERCONSULTA,ENFERMAGEM - PRÉ OPERATÓRIO,Ativo,Sábado,1970-01-01 07:00:00.000,Manhã,Ativo,20
1098,M. A. A. ,PNEUMOLOGIA (AMBULATÓRIO),INTERCONSULTA,PNEUMOLOGIA - PARECER,Ativo,Sexta,1970-01-01 07:00:00.000,Manhã,Ativo,2
1099,C. D. F. C. C. ,PNEUMOLOGIA (AMBULATÓRIO),INTERCONSULTA,PNEUMOLOGIA - PARECER,Ativo,Terça,1970-01-01 07:00:00.000,Manhã,Ativo,2
1100,K. T. D. F. ,PNEUMOLOGIA (AMBULATÓRIO),INTERCONSULTA,PNEUMOLOGIA - PARECER,Ativo,Terça,1970-01-01 07:00:00.000,Manhã,Ativo,1
1100,K. T. D. F. ,PNEUMOLOGIA (AMBULATÓRIO),INTERCONSULTA,PNEUMOLOGIA - PARECER,Ativo,Sexta,1970-01-01 07:00:00.000,Manhã,Ativo,1
1101,A. C. S. ,PNEUMOLOGIA (AMBULATÓRIO),INTERCONSULTA,PNEUMOLOGIA - PARECER,Ativo,Terça,1970-01-01 07:00:00.000,Manhã,Ativo,1
1102,R. D. B. F. ,NUTRIÇÃO,RETORNO,NUTRIÇÃO,Inativo,Segunda,1970-01-01 07:00:00.000,Manhã,Inativo,8
1102,R. D. B. F. ,NUTRIÇÃO,RETORNO,NUTRIÇÃO,Inativo,Terça,1970-01-01 07:00:00.000,Manhã,Inativo,8
1102,R. D. B. F. ,NUTRIÇÃO,RETORNO,NUTRIÇÃO,Inativo,Quarta,1970-01-01 07:00:00.000,Manhã,Inativo,8
1102,R. D. B. F. ,NUTRIÇÃO,RETORNO,NUTRIÇÃO,Inativo,Quinta,1970-01-01 07:00:00.000,Manhã,Inativo,8
1102,R. D. B. F. ,NUTRIÇÃO,RETORNO,NUTRIÇÃO,Inativo,Sexta,1970-01-01 07:00:00.000,Manhã,Inativo,8
1106,M. Z. ,OFTALMOLOGIA (AMBULATÓRIO),RETORNO,OFTALMOLOGIA - CORNEA CLINICA,Ativo,Sexta,1970-01-01 07:00:00.000,Manhã,Ativo,4
1106,M. Z. ,OFTALMOLOGIA (AMBULATÓRIO),INTERCONSULTA,OFTALMOLOGIA - CORNEA CLINICA,Ativo,Sexta,1970-01-01 07:00:00.000,Manhã,Ativo,4
1108,B. M. F. ,CARDIOLOGIA (AMBULATÓRIO),INTERCONSULTA,CARDIO - RISCO CIRURGICO,Inativo,Terça,1970-01-01 13:00:00.000,Tarde,Ativo,2
1108,B. M. F. ,CARDIOLOGIA (AMBULATÓRIO),PRONTO-ATENDIMENTO,CARDIO - RISCO CIRURGICO,Inativo,Terça,1970-01-01 13:00:00.000,Tarde,Ativo,2
1110,M. A. D. C. G. ,PEDIATRIA (AMBULATÓRIO),RETORNO,PEDIATRIA,Inativo,Terça,1970-01-01 07:00:00.000,Manhã,Inativo,3
1110,M. A. D. C. G. ,PEDIATRIA (AMBULATÓRIO),RETORNO,PEDIATRIA,Inativo,Quarta,1970-01-01 07:00:00.000,Manhã,Inativo,3
1112,J. L. D. O. B. ,PUERICULTURA (AMBULATÓRIO),RETORNO,ENFERMAGEM - PUERI - PALIVIZUMABE,Ativo,Segunda,1970-01-01 07:00:00.000,Manhã,Ativo,15
1114,S. M. R. C. ,PUERICULTURA (AMBULATÓRIO),RETORNO,PUERICULTURA - ALTO RISCO,Inativo,Segunda,1970-01-01 07:00:00.000,Manhã,Inativo,2
1116,O. B. C. N. ,SAUDE OCUPACIONAL E SEGURANCA DO TRABALHO,INTERCONSULTA,MEDICINA DO TRABALHO,Ativo,Quarta,1970-01-01 07:00:00.000,Manhã,Ativo,3
1116,O. B. C. N. ,SAUDE OCUPACIONAL E SEGURANCA DO TRABALHO,PRIMEIRA CONSULTA,MEDICINA DO TRABALHO,Ativo,Quarta,1970-01-01 07:00:00.000,Manhã,Ativo,6
1116,O. B. C. N. ,SAUDE OCUPACIONAL E SEGURANCA DO TRABALHO,RETORNO,MEDICINA DO TRABALHO,Ativo,Quarta,1970-01-01 07:00:00.000,Manhã,Ativo,6
1116,O. B. C. N. ,SAUDE OCUPACIONAL E SEGURANCA DO TRABALHO,PRIMEIRA CONSULTA,MEDICINA DO TRABALHO,Ativo,Quinta,1970-01-01 07:00:00.000,Manhã,Ativo,6
1116,O. B. C. N. ,SAUDE OCUPACIONAL E SEGURANCA DO TRABALHO,RETORNO,MEDICINA DO TRABALHO,Ativo,Quinta,1970-01-01 07:00:00.000,Manhã,Ativo,6
1116,O. B. C. N. ,SAUDE OCUPACIONAL E SEGURANCA DO TRABALHO,INTERCONSULTA,MEDICINA DO TRABALHO,Ativo,Quinta,1970-01-01 07:00:00.000,Manhã,Ativo,3
1120,I. C. L. ,GASTROENTEROLOGIA (AMBULATÓRIO),CONSULTA REGULADA,GASTROENTEROLOGIA,Ativo,Segunda,1970-01-01 15:30:00.000,Tarde,Ativo,2
1120,I. C. L. ,GASTROENTEROLOGIA (AMBULATÓRIO),RETORNO,GASTROENTEROLOGIA,Ativo,Segunda,1970-01-01 13:00:00.000,Tarde,Ativo,12
1120,I. C. L. ,GASTROENTEROLOGIA (AMBULATÓRIO),RETORNO,GASTROENTEROLOGIA,Ativo,Quarta,1970-01-01 07:00:00.000,Manhã,Ativo,8
1120,I. C. L. ,GASTROENTEROLOGIA (AMBULATÓRIO),CONSULTA REGULADA,GASTROENTEROLOGIA,Ativo,Quarta,1970-01-01 10:00:00.000,Manhã,Ativo,1
1120,I. C. L. ,GASTROENTEROLOGIA (AMBULATÓRIO),INTERCONSULTA,GASTROENTEROLOGIA,Ativo,Quarta,1970-01-01 07:00:00.000,Manhã,Ativo,1
1122,I. C. L. ,GASTROENTEROLOGIA (AMBULATÓRIO),RETORNO,GASTROENTEROLOGIA - ESQUISTOSSOMOSE,Ativo,Terça,1970-01-01 07:00:00.000,Manhã,Ativo,9
1122,I. C. L. ,GASTROENTEROLOGIA (AMBULATÓRIO),CONSULTA REGULADA,GASTROENTEROLOGIA - ESQUISTOSSOMOSE,Ativo,Terça,1970-01-01 10:00:00.000,Manhã,Ativo,2
1122,I. C. L. ,GASTROENTEROLOGIA (AMBULATÓRIO),CONSULTA REGULADA,GASTROENTEROLOGIA - ESQUISTOSSOMOSE,Ativo,Quinta,1970-01-01 10:00:00.000,Manhã,Ativo,1
1122,I. C. L. ,GASTROENTEROLOGIA (AMBULATÓRIO),RETORNO,GASTROENTEROLOGIA - ESQUISTOSSOMOSE,Ativo,Quinta,1970-01-01 07:00:00.000,Manhã,Ativo,9
1124,A. L. C. D. ,GASTROENTEROLOGIA (AMBULATÓRIO),INTERCONSULTA,GASTROENTEROLOGIA - ESQUISTOSSOMOSE,Inativo,Segunda,1970-01-01 07:00:00.000,Manhã,Ativo,1
1124,A. L. C. D. ,GASTROENTEROLOGIA (AMBULATÓRIO),RETORNO,GASTROENTEROLOGIA - ESQUISTOSSOMOSE,Inativo,Segunda,1970-01-01 07:00:00.000,Manhã,Ativo,16
1124,A. L. C. D. ,GASTROENTEROLOGIA (AMBULATÓRIO),PRIMEIRA CONSULTA,GASTROENTEROLOGIA - ESQUISTOSSOMOSE,Inativo,Segunda,1970-01-01 07:00:00.000,Manhã,Ativo,2
1124,A. L. C. D. ,GASTROENTEROLOGIA (AMBULATÓRIO),RETORNO,GASTROENTEROLOGIA - ESQUISTOSSOMOSE,Inativo,Terça,1970-01-01 07:00:00.000,Manhã,Ativo,12
1124,A. L. C. D. ,GASTROENTEROLOGIA (AMBULATÓRIO),PRIMEIRA CONSULTA,GASTROENTEROLOGIA - ESQUISTOSSOMOSE,Inativo,Terça,1970-01-01 07:00:00.000,Manhã,Ativo,2
1124,A. L. C. D. ,GASTROENTEROLOGIA (AMBULATÓRIO),INTERCONSULTA,GASTROENTEROLOGIA - ESQUISTOSSOMOSE,Inativo,Terça,1970-01-01 07:00:00.000,Manhã,Ativo,2
1126,S. M. R. C. ,PUERICULTURA (AMBULATÓRIO),RETORNO,PUERICULTURA - ADOLESCENTE,Inativo,Quinta,1970-01-01 13:00:00.000,Tarde,Inativo,6
1128,V. M. S. G. F. ,ENDOCRINOLOGIA (AMBULATÓRIO),RETORNO,ENDOCRINOLOGIA,Ativo,Sexta,1970-01-01 07:00:00.000,Manhã,Ativo,20
1129,V. M. S. G. F. ,ENDOCRINOLOGIA (AMBULATÓRIO),RETORNO,ENDOCRINOLOGIA - DIABETES,Inativo,Segunda,1970-01-01 07:00:00.000,Manhã,Ativo,20
1130,L. R. M. G. ,GASTROENTEROLOGIA (AMBULATÓRIO),RETORNO,GASTROENTEROLOGIA,Inativo,Sexta,1970-01-01 07:00:00.000,Manhã,Inativo,5
1130,L. R. M. G. ,GASTROENTEROLOGIA (AMBULATÓRIO),INTERCONSULTA,GASTROENTEROLOGIA,Inativo,Sexta,1970-01-01 07:00:00.000,Manhã,Inativo,2
1132,L. R. M. G. ,GASTROENTEROLOGIA (AMBULATÓRIO),RETORNO,GASTROENTEROLOGIA - ESQUISTOSSOMOSE,Ativo,Terça,1970-01-01 07:00:00.000,Manhã,Ativo,9
1132,L. R. M. G. ,GASTROENTEROLOGIA (AMBULATÓRIO),CONSULTA REGULADA,GASTROENTEROLOGIA - ESQUISTOSSOMOSE,Ativo,Terça,1970-01-01 10:00:00.000,Manhã,Ativo,2
1134,L. R. M. G. ,GASTROENTEROLOGIA (AMBULATÓRIO),RETORNO,GASTROENTEROLOGIA - HEPATOLOGIA,Ativo,Terça,1970-01-01 13:00:00.000,Tarde,Ativo,8
1134,L. R. M. G. ,GASTROENTEROLOGIA (AMBULATÓRIO),INTERCONSULTA,GASTROENTEROLOGIA - HEPATOLOGIA,Ativo,Terça,1970-01-01 13:00:00.000,Tarde,Ativo,1
1134,L. R. M. G. ,GASTROENTEROLOGIA (AMBULATÓRIO),CONSULTA REGULADA,GASTROENTEROLOGIA - HEPATOLOGIA,Ativo,Terça,1970-01-01 15:30:00.000,Tarde,Ativo,1
1134,L. R. M. G. ,GASTROENTEROLOGIA (AMBULATÓRIO),CONSULTA REGULADA,GASTROENTEROLOGIA - HEPATOLOGIA,Ativo,Quinta,1970-01-01 15:30:00.000,Tarde,Ativo,1
1134,L. R. M. G. ,GASTROENTEROLOGIA (AMBULATÓRIO),INTERCONSULTA,GASTROENTEROLOGIA - HEPATOLOGIA,Ativo,Quinta,1970-01-01 13:00:00.000,Tarde,Ativo,1
1134,L. R. M. G. ,GASTROENTEROLOGIA (AMBULATÓRIO),RETORNO,GASTROENTEROLOGIA - HEPATOLOGIA,Ativo,Quinta,1970-01-01 13:00:00.000,Tarde,Ativo,8
1134,L. R. M. G. ,GASTROENTEROLOGIA (AMBULATÓRIO),INTERCONSULTA,GASTROENTEROLOGIA - HEPATOLOGIA,Ativo,Sexta,1970-01-01 07:00:00.000,Manhã,Inativo,2
1134,L. R. M. G. ,GASTROENTEROLOGIA (AMBULATÓRIO),RETORNO,GASTROENTEROLOGIA - HEPATOLOGIA,Ativo,Sexta,1970-01-01 07:00:00.000,Manhã,Inativo,5
1134,L. R. M. G. ,GASTROENTEROLOGIA (AMBULATÓRIO),CONSULTA REGULADA,GASTROENTEROLOGIA - HEPATOLOGIA,Ativo,Sexta,1970-01-01 10:00:00.000,Manhã,Inativo,1
1139,E. J. L. D. A. ,ENDOCRINOLOGIA (AMBULATÓRIO),RETORNO,ENDOCRINOLOGIA,Ativo,Terça,1970-01-01 13:00:00.000,Tarde,Ativo,20
1139,E. J. L. D. A. ,ENDOCRINOLOGIA (AMBULATÓRIO),RETORNO,ENDOCRINOLOGIA,Ativo,Quinta,1970-01-01 13:00:00.000,Tarde,Ativo,20
1140,R. D. C. D. S. F. ,PNEUMOLOGIA (AMBULATÓRIO),RETORNO,PNEUMOLOGIA - DOENÇAS INTERSTICIAIS,Ativo,Segunda,1970-01-01 07:00:00.000,Manhã,Ativo,6
1142,J. A. R. ,PNEUMOLOGIA (AMBULATÓRIO),EXAME,PNEUMOLOGIA - ESPIROMETRIA,Inativo,Terça,1970-01-01 07:00:00.000,Manhã,Ativo,10
1142,J. A. R. ,PNEUMOLOGIA (AMBULATÓRIO),EXAME,PNEUMOLOGIA - ESPIROMETRIA,Inativo,Quarta,1970-01-01 07:00:00.000,Manhã,Ativo,10
1142,J. A. R. ,PNEUMOLOGIA (AMBULATÓRIO),EXAME,PNEUMOLOGIA - ESPIROMETRIA,Inativo,Quarta,1970-01-01 13:00:00.000,Tarde,Ativo,10
1142,J. A. R. ,PNEUMOLOGIA (AMBULATÓRIO),EXAME,PNEUMOLOGIA - ESPIROMETRIA,Inativo,Quinta,1970-01-01 07:00:00.000,Manhã,Ativo,10
1142,J. A. R. ,PNEUMOLOGIA (AMBULATÓRIO),EXAME,PNEUMOLOGIA - ESPIROMETRIA,Inativo,Sexta,1970-01-01 07:00:00.000,Manhã,Ativo,10
1146,L. V. R. F. ,ENDOCRINOLOGIA (AMBULATÓRIO),RETORNO,ENDOCRINOLOGIA - NEURO,Ativo,Segunda,1970-01-01 07:00:00.000,Manhã,Ativo,10
1150,M. O. P. D. A. ,ENDOCRINOLOGIA (AMBULATÓRIO),RETORNO,ENDOCRINOLOGIA - TIREOIDE,Inativo,Segunda,1970-01-01 13:00:00.000,Tarde,Ativo,30
1150,M. O. P. D. A. ,ENDOCRINOLOGIA (AMBULATÓRIO),RETORNO,ENDOCRINOLOGIA - TIREOIDE,Inativo,Quinta,1970-01-01 07:00:00.000,Manhã,Ativo,20
1152,M. O. P. D. A. ,ENDOCRINOLOGIA (AMBULATÓRIO),CONSULTA REGULADA,ENDOCRINOLOGIA - TRIAGEM,Inativo,Sexta,1970-01-01 10:00:00.000,Manhã,Inativo,2
1152,M. O. P. D. A. ,ENDOCRINOLOGIA (AMBULATÓRIO),INTERCONSULTA,ENDOCRINOLOGIA - TRIAGEM,Inativo,Sexta,1970-01-01 07:00:00.000,Manhã,Inativo,13
1154,J. R. D. A. ,ENDOCRINOLOGIA (AMBULATÓRIO),RETORNO,ENDOCRINOLOGIA - PEDIATRIA,Ativo,Quarta,1970-01-01 07:00:00.000,Manhã,Ativo,5
1154,J. R. D. A. ,ENDOCRINOLOGIA (AMBULATÓRIO),RETORNO,ENDOCRINOLOGIA - PEDIATRIA,Ativo,Quinta,1970-01-01 07:00:00.000,Manhã,Ativo,4
1156,K. M. M. D. M. ,ENDOCRINOLOGIA (AMBULATÓRIO),RETORNO,ENDOCRINOLOGIA - DIABETES,Ativo,Quarta,1970-01-01 13:00:00.000,Tarde,Ativo,10
1156,K. M. M. D. M. ,ENDOCRINOLOGIA (AMBULATÓRIO),RETORNO,ENDOCRINOLOGIA - DIABETES,Ativo,Quinta,1970-01-01 13:00:00.000,Tarde,Ativo,10
1158,K. M. M. D. M. ,ENDOCRINOLOGIA (AMBULATÓRIO),INTERCONSULTA,ENDOCRINOLOGIA - TRIAGEM,Inativo,Quinta,1970-01-01 13:00:00.000,Tarde,Inativo,12
1158,K. M. M. D. M. ,ENDOCRINOLOGIA (AMBULATÓRIO),RETORNO,ENDOCRINOLOGIA - TRIAGEM,Inativo,Quinta,1970-01-01 13:00:00.000,Tarde,Inativo,3
1158,K. M. M. D. M. ,ENDOCRINOLOGIA (AMBULATÓRIO),INTERCONSULTA,ENDOCRINOLOGIA - TRIAGEM,Inativo,Sexta,1970-01-01 07:00:00.000,Manhã,Inativo,13
1158,K. M. M. D. M. ,ENDOCRINOLOGIA (AMBULATÓRIO),CONSULTA REGULADA,ENDOCRINOLOGIA - TRIAGEM,Inativo,Sexta,1970-01-01 10:00:00.000,Manhã,Inativo,2
1160,R. D. O. C. ,ENDOCRINOLOGIA (AMBULATÓRIO),RETORNO,ENDOCRINOLOGIA - TIREOIDE,Ativo,Quarta,1970-01-01 07:00:00.000,Manhã,Ativo,20
1162,R. D. O. C. ,ENDOCRINOLOGIA (AMBULATÓRIO),RETORNO,ENDOCRINOLOGIA - DIABETES,Inativo,Segunda,1970-01-01 07:00:00.000,Manhã,Ativo,8
1164,L. H. D. O. C. ,ENDOCRINOLOGIA (AMBULATÓRIO),RETORNO,ENDOCRINOLOGIA - DISLIPIDEMIA,Ativo,Sexta,1970-01-01 07:00:00.000,Manhã,Ativo,6
1166,A. D. A. T. ,ENFERMAGEM,INTERCONSULTA,ENFERMAGEM - PNEUMOLOGIA,Ativo,Segunda,1970-01-01 13:00:00.000,Tarde,Ativo,2
1166,A. D. A. T. ,ENFERMAGEM,RETORNO,ENFERMAGEM - PNEUMOLOGIA,Ativo,Segunda,1970-01-01 13:00:00.000,Tarde,Ativo,3
1166,A. D. A. T. ,ENFERMAGEM,RETORNO,ENFERMAGEM - PNEUMOLOGIA,Ativo,Segunda,1970-01-01 07:00:00.000,Manhã,Ativo,3
1166,A. D. A. T. ,ENFERMAGEM,INTERCONSULTA,ENFERMAGEM - PNEUMOLOGIA,Ativo,Segunda,1970-01-01 07:00:00.000,Manhã,Ativo,2
1166,A. D. A. T. ,ENFERMAGEM,INTERCONSULTA,ENFERMAGEM - PNEUMOLOGIA,Ativo,Quarta,1970-01-01 07:00:00.000,Manhã,Ativo,2
1166,A. D. A. T. ,ENFERMAGEM,RETORNO,ENFERMAGEM - PNEUMOLOGIA,Ativo,Quarta,1970-01-01 07:00:00.000,Manhã,Ativo,3
1166,A. D. A. T. ,ENFERMAGEM,RETORNO,ENFERMAGEM - PNEUMOLOGIA,Ativo,Quinta,1970-01-01 07:00:00.000,Manhã,Ativo,3
1166,A. D. A. T. ,ENFERMAGEM,INTERCONSULTA,ENFERMAGEM - PNEUMOLOGIA,Ativo,Quinta,1970-01-01 07:00:00.000,Manhã,Ativo,2
1166,A. D. A. T. ,ENFERMAGEM,RETORNO,ENFERMAGEM - PNEUMOLOGIA,Ativo,Sexta,1970-01-01 13:00:00.000,Tarde,Ativo,3
1166,A. D. A. T. ,ENFERMAGEM,RETORNO,ENFERMAGEM - PNEUMOLOGIA,Ativo,Sexta,1970-01-01 07:00:00.000,Manhã,Ativo,3
1166,A. D. A. T. ,ENFERMAGEM,INTERCONSULTA,ENFERMAGEM - PNEUMOLOGIA,Ativo,Sexta,1970-01-01 07:00:00.000,Manhã,Ativo,2
1166,A. D. A. T. ,ENFERMAGEM,INTERCONSULTA,ENFERMAGEM - PNEUMOLOGIA,Ativo,Sexta,1970-01-01 13:00:00.000,Tarde,Ativo,2
1168,M. A. P. K. ,NEUROLOGIA (AMBULATÓRIO),CONSULTA REGULADA,NEUROCIRURGIA,Ativo,Sexta,1970-01-01 10:00:00.000,Manhã,Ativo,2
1168,M. A. P. K. ,NEUROLOGIA (AMBULATÓRIO),RETORNO,NEUROCIRURGIA,Ativo,Sexta,1970-01-01 07:00:00.000,Manhã,Ativo,8
1168,M. A. P. K. ,NEUROLOGIA (AMBULATÓRIO),INTERCONSULTA,NEUROCIRURGIA,Ativo,Sexta,1970-01-01 07:00:00.000,Manhã,Ativo,2
1170,M. B. D. M. D. M. ,OFTALMOLOGIA (AMBULATÓRIO),INTERCONSULTA,OFTALMOLOGIA,Inativo,Terça,1970-01-01 13:00:00.000,Tarde,Inativo,1
1172,F. D. S. L. ,FONOAUDIOLOGIA,RETORNO,FONOAUDIOLOGIA - AUDIOMETRIA (5 ANOS OU MAIS),Inativo,Segunda,1970-01-01 13:00:00.000,Tarde,Ativo,2
1172,F. D. S. L. ,FONOAUDIOLOGIA,EXAME,FONOAUDIOLOGIA - AUDIOMETRIA (5 ANOS OU MAIS),Inativo,Segunda,1970-01-01 13:00:00.000,Tarde,Ativo,6
1172,F. D. S. L. ,FONOAUDIOLOGIA,EXAME,FONOAUDIOLOGIA - AUDIOMETRIA (5 ANOS OU MAIS),Inativo,Quinta,1970-01-01 13:00:00.000,Tarde,Ativo,6
1172,F. D. S. L. ,FONOAUDIOLOGIA,RETORNO,FONOAUDIOLOGIA - AUDIOMETRIA (5 ANOS OU MAIS),Inativo,Quinta,1970-01-01 13:00:00.000,Tarde,Ativo,2
1174,T. F. P. B. ,OTORRINOLARINGOLOGIA (AMBULATÓRIO),INTERCONSULTA,OTORRINOLARINGOLOGIA,Ativo,Segunda,1970-01-01 13:00:00.000,Tarde,Ativo,2
1174,T. F. P. B. ,OTORRINOLARINGOLOGIA (AMBULATÓRIO),RETORNO,OTORRINOLARINGOLOGIA,Ativo,Segunda,1970-01-01 07:00:00.000,Manhã,Ativo,10
1174,T. F. P. B. ,OTORRINOLARINGOLOGIA (AMBULATÓRIO),CONSULTA REGULADA,OTORRINOLARINGOLOGIA,Ativo,Segunda,1970-01-01 15:30:00.000,Tarde,Ativo,3
1174,T. F. P. B. ,OTORRINOLARINGOLOGIA (AMBULATÓRIO),RETORNO,OTORRINOLARINGOLOGIA,Ativo,Segunda,1970-01-01 13:00:00.000,Tarde,Ativo,5
1174,T. F. P. B. ,OTORRINOLARINGOLOGIA (AMBULATÓRIO),RETORNO,OTORRINOLARINGOLOGIA,Ativo,Quinta,1970-01-01 07:00:00.000,Manhã,Ativo,5
1176,T. F. P. B. ,OTORRINOLARINGOLOGIA (AMBULATÓRIO),RETORNO,OTORRINOLARINGOLOGIA - DISFAGIA PEDIATRICA,Inativo,Quinta,1970-01-01 07:00:00.000,Manhã,Ativo,10
1178,F. C. A. S. ,CIRURGIA DE CABECA E PESCOCO,RETORNO,CIRURGIA DE CABECA E PESCOCO,Ativo,Segunda,1970-01-01 13:00:00.000,Tarde,Ativo,10
1180,D. D. V. ,FONOAUDIOLOGIA,RETORNO,FONOAUDIOLOGIA - VOZ,Ativo,Segunda,1970-01-01 07:00:00.000,Manhã,Ativo,6
1180,D. D. V. ,FONOAUDIOLOGIA,RETORNO,FONOAUDIOLOGIA - VOZ,Ativo,Quarta,1970-01-01 07:00:00.000,Manhã,Ativo,6
1180,D. D. V. ,FONOAUDIOLOGIA,RETORNO,FONOAUDIOLOGIA - VOZ,Ativo,Quinta,1970-01-01 07:00:00.000,Manhã,Ativo,6
1182,D. A. D. A. ,DERMATOLOGIA (AMBULATÓRIO),RETORNO,ENFERMAGEM - DERMATO,Ativo,Segunda,1970-01-01 13:00:00.000,Tarde,Ativo,5
1182,D. A. D. A. ,DERMATOLOGIA (AMBULATÓRIO),RETORNO,ENFERMAGEM - DERMATO,Ativo,Segunda,1970-01-01 07:00:00.000,Manhã,Ativo,35
1182,D. A. D. A. ,DERMATOLOGIA (AMBULATÓRIO),RETORNO,ENFERMAGEM - DERMATO,Ativo,Quinta,1970-01-01 07:00:00.000,Manhã,Ativo,35
1184,B. J. C. D. L. ,OTORRINOLARINGOLOGIA (AMBULATÓRIO),RETORNO,OTORRINOLARINGOLOGIA,Ativo,Segunda,1970-01-01 07:00:00.000,Manhã,Ativo,5
1184,B. J. C. D. L. ,OTORRINOLARINGOLOGIA (AMBULATÓRIO),CONSULTA REGULADA,OTORRINOLARINGOLOGIA,Ativo,Segunda,1970-01-01 10:00:00.000,Manhã,Ativo,3
1184,B. J. C. D. L. ,OTORRINOLARINGOLOGIA (AMBULATÓRIO),INTERCONSULTA,OTORRINOLARINGOLOGIA,Ativo,Segunda,1970-01-01 07:00:00.000,Manhã,Ativo,2
1185,A. S. M. E. P. U. ,OTORRINOLARINGOLOGIA (AMBULATÓRIO),CONSULTA REGULADA,OTORRINOLARINGOLOGIA,Inativo,Sexta,1970-01-01 13:00:00.000,Tarde,Ativo,3
1185,A. S. M. E. P. U. ,OTORRINOLARINGOLOGIA (AMBULATÓRIO),INTERCONSULTA,OTORRINOLARINGOLOGIA,Inativo,Sexta,1970-01-01 13:00:00.000,Tarde,Ativo,2
1185,A. S. M. E. P. U. ,OTORRINOLARINGOLOGIA (AMBULATÓRIO),RETORNO,OTORRINOLARINGOLOGIA,Inativo,Sexta,1970-01-01 13:00:00.000,Tarde,Ativo,10
1186,S. J. D. V. ,OTORRINOLARINGOLOGIA (AMBULATÓRIO),RETORNO,OTORRINOLARINGOLOGIA,Ativo,Segunda,1970-01-01 07:00:00.000,Manhã,Ativo,4
1190,E. C. C. ,FONOAUDIOLOGIA,RETORNO,FONOAUDIOLOGIA - LINGUAGEM,Ativo,Segunda,1970-01-01 07:00:00.000,Manhã,Ativo,6
1190,E. C. C. ,FONOAUDIOLOGIA,RETORNO,FONOAUDIOLOGIA - LINGUAGEM,Ativo,Terça,1970-01-01 07:00:00.000,Manhã,Ativo,6
1190,E. C. C. ,FONOAUDIOLOGIA,RETORNO,FONOAUDIOLOGIA - LINGUAGEM,Ativo,Quinta,1970-01-01 13:00:00.000,Tarde,Ativo,6
1190,E. C. C. ,FONOAUDIOLOGIA,RETORNO,FONOAUDIOLOGIA - LINGUAGEM,Ativo,Quinta,1970-01-01 07:00:00.000,Manhã,Ativo,6
1198,E. F. D. D. A. ,OFTALMOLOGIA (AMBULATÓRIO),EXAME,OFTALMOLOGIA - TOPOGRAFIA DE CÓRNEA,Inativo,Segunda,1970-01-01 13:00:00.000,Tarde,Ativo,2
1198,E. F. D. D. A. ,OFTALMOLOGIA (AMBULATÓRIO),EXAME,OFTALMOLOGIA - TOPOGRAFIA DE CÓRNEA,Inativo,Segunda,1970-01-01 07:00:00.000,Manhã,Ativo,2
1202,G. M. S. D. N. ,OTORRINOLARINGOLOGIA (AMBULATÓRIO),RETORNO,OTORRINOLARINGOLOGIA,Ativo,Quarta,1970-01-01 13:00:00.000,Tarde,Ativo,5
1202,G. M. S. D. N. ,OTORRINOLARINGOLOGIA (AMBULATÓRIO),INTERCONSULTA,OTORRINOLARINGOLOGIA,Ativo,Quarta,1970-01-01 13:00:00.000,Tarde,Ativo,2
1203,P. R. B. D. S. ,OTORRINOLARINGOLOGIA (AMBULATÓRIO),RETORNO,OTORRINOLARINGOLOGIA,Ativo,Terça,1970-01-01 13:00:00.000,Tarde,Ativo,5
1203,P. R. B. D. S. ,OTORRINOLARINGOLOGIA (AMBULATÓRIO),INTERCONSULTA,OTORRINOLARINGOLOGIA,Ativo,Terça,1970-01-01 13:00:00.000,Tarde,Ativo,2
1203,P. R. B. D. S. ,OTORRINOLARINGOLOGIA (AMBULATÓRIO),RETORNO,OTORRINOLARINGOLOGIA,Ativo,Quinta,1970-01-01 13:00:00.000,Tarde,Ativo,5
1203,P. R. B. D. S. ,OTORRINOLARINGOLOGIA (AMBULATÓRIO),INTERCONSULTA,OTORRINOLARINGOLOGIA,Ativo,Quinta,1970-01-01 13:00:00.000,Tarde,Ativo,2
1203,P. R. B. D. S. ,OTORRINOLARINGOLOGIA (AMBULATÓRIO),INTERCONSULTA,OTORRINOLARINGOLOGIA,Ativo,Sexta,1970-01-01 13:00:00.000,Tarde,Ativo,2
1203,P. R. B. D. S. ,OTORRINOLARINGOLOGIA (AMBULATÓRIO),RETORNO,OTORRINOLARINGOLOGIA,Ativo,Sexta,1970-01-01 13:00:00.000,Tarde,Ativo,5
1204,L. F. M. ,OTORRINOLARINGOLOGIA (AMBULATÓRIO),RETORNO,OTORRINOLARINGOLOGIA - EXAME OTONEURO,Ativo,Segunda,1970-01-01 12:30:00.000,Tarde,Ativo,2
1204,L. F. M. ,OTORRINOLARINGOLOGIA (AMBULATÓRIO),INTERCONSULTA,OTORRINOLARINGOLOGIA - EXAME OTONEURO,Ativo,Segunda,1970-01-01 12:30:00.000,Tarde,Ativo,1
1205,K. P. A. ,OTORRINOLARINGOLOGIA (AMBULATÓRIO),INTERCONSULTA,OTORRINOLARINGOLOGIA - EXAME OTONEURO,Inativo,Segunda,1970-01-01 13:00:00.000,Tarde,Ativo,2
1205,K. P. A. ,OTORRINOLARINGOLOGIA (AMBULATÓRIO),INTERCONSULTA,OTORRINOLARINGOLOGIA - EXAME OTONEURO,Inativo,Quarta,1970-01-01 13:00:00.000,Tarde,Ativo,2
1205,K. P. A. ,OTORRINOLARINGOLOGIA (AMBULATÓRIO),INTERCONSULTA,OTORRINOLARINGOLOGIA - EXAME OTONEURO,Inativo,Quarta,1970-01-01 07:00:00.000,Manhã,Ativo,2
1206,S. D. S. C. N. ,OTORRINOLARINGOLOGIA (AMBULATÓRIO),RETORNO,OTORRINOLARINGOLOGIA - OTOLOGIA,Ativo,Sexta,1970-01-01 07:00:00.000,Manhã,Ativo,10
1207,L. F. M. ,OTORRINOLARINGOLOGIA (AMBULATÓRIO),INTERCONSULTA,OTORRINOLARINGOLOGIA - AUDIOMETRIA,Inativo,Terça,1970-01-01 07:00:00.000,Manhã,Ativo,1
1207,L. F. M. ,OTORRINOLARINGOLOGIA (AMBULATÓRIO),INTERCONSULTA,OTORRINOLARINGOLOGIA - AUDIOMETRIA,Inativo,Quinta,1970-01-01 07:00:00.000,Manhã,Ativo,1
1208,K. P. A. ,OTORRINOLARINGOLOGIA (AMBULATÓRIO),INTERCONSULTA,OTORRINOLARINGOLOGIA - AUDIOMETRIA,Inativo,Segunda,1970-01-01 13:00:00.000,Tarde,Ativo,1
1208,K. P. A. ,OTORRINOLARINGOLOGIA (AMBULATÓRIO),INTERCONSULTA,OTORRINOLARINGOLOGIA - AUDIOMETRIA,Inativo,Quarta,1970-01-01 13:00:00.000,Tarde,Ativo,1
1208,K. P. A. ,OTORRINOLARINGOLOGIA (AMBULATÓRIO),INTERCONSULTA,OTORRINOLARINGOLOGIA - AUDIOMETRIA,Inativo,Quarta,1970-01-01 07:00:00.000,Manhã,Ativo,1
1210,C. B. D. M. ,OFTALMOLOGIA (AMBULATÓRIO),RETORNO,OFTALMOLOGIA - PLASTICA OCULAR,Ativo,Quinta,1970-01-01 07:00:00.000,Manhã,Ativo,6
1210,C. B. D. M. ,OFTALMOLOGIA (AMBULATÓRIO),INTERCONSULTA,OFTALMOLOGIA - PLASTICA OCULAR,Ativo,Quinta,1970-01-01 07:00:00.000,Manhã,Inativo,6
1212,,OFTALMOLOGIA (AMBULATÓRIO),RETORNO,OFTALMOLOGIA - PLASTICA OCULAR,Inativo,Quinta,1970-01-01 07:00:00.000,Manhã,Ativo,4
1212,,OFTALMOLOGIA (AMBULATÓRIO),INTERCONSULTA,OFTALMOLOGIA - PLASTICA OCULAR,Inativo,Quinta,1970-01-01 07:00:00.000,Manhã,Ativo,4
1214,M. C. D. A. R. ,OFTALMOLOGIA (AMBULATÓRIO),RETORNO,OFTALMOLOGIA - PLASTICA OCULAR,Ativo,Quinta,1970-01-01 07:00:00.000,Manhã,Ativo,4
1214,M. C. D. A. R. ,OFTALMOLOGIA (AMBULATÓRIO),INTERCONSULTA,OFTALMOLOGIA - PLASTICA OCULAR,Ativo,Quinta,1970-01-01 07:00:00.000,Manhã,Ativo,4
1216,M. A. M. B. ,PNEUMOLOGIA (AMBULATÓRIO),PRIMEIRA CONSULTA,PNEUMOLOGIA - TUBERCULOSE (MDR),Inativo,Segunda,1970-01-01 07:00:00.000,Manhã,Ativo,2
1216,M. A. M. B. ,PNEUMOLOGIA (AMBULATÓRIO),RETORNO,PNEUMOLOGIA - TUBERCULOSE (MDR),Inativo,Segunda,1970-01-01 07:00:00.000,Manhã,Ativo,8
1216,M. A. M. B. ,PNEUMOLOGIA (AMBULATÓRIO),PRIMEIRA CONSULTA,PNEUMOLOGIA - TUBERCULOSE (MDR),Inativo,Terça,1970-01-01 07:00:00.000,Manhã,Ativo,2
1216,M. A. M. B. ,PNEUMOLOGIA (AMBULATÓRIO),RETORNO,PNEUMOLOGIA - TUBERCULOSE (MDR),Inativo,Terça,1970-01-01 07:00:00.000,Manhã,Ativo,8
1216,M. A. M. B. ,PNEUMOLOGIA (AMBULATÓRIO),PRIMEIRA CONSULTA,PNEUMOLOGIA - TUBERCULOSE (MDR),Inativo,Quarta,1970-01-01 07:00:00.000,Manhã,Ativo,2
1216,M. A. M. B. ,PNEUMOLOGIA (AMBULATÓRIO),RETORNO,PNEUMOLOGIA - TUBERCULOSE (MDR),Inativo,Quarta,1970-01-01 07:00:00.000,Manhã,Ativo,8
1216,M. A. M. B. ,PNEUMOLOGIA (AMBULATÓRIO),PRIMEIRA CONSULTA,PNEUMOLOGIA - TUBERCULOSE (MDR),Inativo,Quinta,1970-01-01 07:00:00.000,Manhã,Ativo,2
1216,M. A. M. B. ,PNEUMOLOGIA (AMBULATÓRIO),RETORNO,PNEUMOLOGIA - TUBERCULOSE (MDR),Inativo,Quinta,1970-01-01 07:00:00.000,Manhã,Ativo,8
1218,L. F. L. D. M. ,OFTALMOLOGIA (AMBULATÓRIO),INTERCONSULTA,OFTALMOLOGIA - CORNEA CIRURGICA,Ativo,Quinta,1970-01-01 13:00:00.000,Tarde,Ativo,7
1218,L. F. L. D. M. ,OFTALMOLOGIA (AMBULATÓRIO),RETORNO,OFTALMOLOGIA - CORNEA CIRURGICA,Ativo,Quinta,1970-01-01 13:00:00.000,Tarde,Ativo,8
1220,G. C. D. S. F. ,CIRURGIA BUCOMAXILOFACIAL (AMBULATÓRIO),,BUCOMAXILOFACIAL,Inativo,,,,,
1222,C. J. D. S. C. D. S. ,PSICOLOGIA (AMBULATÓRIO),RETORNO,PSICOLOGIA,Ativo,Quinta,1970-01-01 07:00:00.000,Manhã,Ativo,9
1222,C. J. D. S. C. D. S. ,PSICOLOGIA (AMBULATÓRIO),RETORNO,PSICOLOGIA,Ativo,Sexta,1970-01-01 07:00:00.000,Manhã,Ativo,4
1224,R. S. C. ,PSICOLOGIA (AMBULATÓRIO),RETORNO,PSICOLOGIA - PSICOTERAPIA INFANTIL,Inativo,Segunda,1970-01-01 07:00:00.000,Manhã,Ativo,7
1224,R. S. C. ,PSICOLOGIA (AMBULATÓRIO),RETORNO,PSICOLOGIA - PSICOTERAPIA INFANTIL,Inativo,Terça,1970-01-01 07:00:00.000,Manhã,Ativo,7
1224,R. S. C. ,PSICOLOGIA (AMBULATÓRIO),RETORNO,PSICOLOGIA - PSICOTERAPIA INFANTIL,Inativo,Quarta,1970-01-01 07:00:00.000,Manhã,Ativo,7
1224,R. S. C. ,PSICOLOGIA (AMBULATÓRIO),RETORNO,PSICOLOGIA - PSICOTERAPIA INFANTIL,Inativo,Quinta,1970-01-01 07:00:00.000,Manhã,Ativo,7
1226,T. D. A. ,PSIQUIATRIA (AMBULATÓRIO),RETORNO,PSIQUIATRIA - PSICOTERAPIA,Ativo,Terça,1970-01-01 13:00:00.000,Tarde,Ativo,5
1228,I. D. F. P. D. A. ,PSIQUIATRIA (AMBULATÓRIO),RETORNO,PSIQUIATRIA - PROGRAD,Inativo,Terça,1970-01-01 13:00:00.000,Tarde,Ativo,20
1230,L. A. J. ,NEUROLOGIA (AMBULATÓRIO),RETORNO,NEUROLOGIA - ESPASTICIDADE,Ativo,Quinta,1970-01-01 07:00:00.000,Manhã,Ativo,5
1231,P. P. G. D. N. ,NEUROLOGIA (AMBULATÓRIO),RETORNO,NEUROLOGIA - EPILEPSIA,Ativo,Quinta,1970-01-01 07:00:00.000,Manhã,Ativo,10
1232,P. P. G. D. N. ,NEUROLOGIA (AMBULATÓRIO),EXAME,NEUROLOGIA - EEG INFANTIL,Inativo,Terça,1970-01-01 13:00:00.000,Tarde,Ativo,1
1232,P. P. G. D. N. ,NEUROLOGIA (AMBULATÓRIO),EXAME,NEUROLOGIA - EEG INFANTIL,Inativo,Quarta,1970-01-01 13:00:00.000,Tarde,Ativo,1
1234,P. P. G. D. N. ,NEUROLOGIA (AMBULATÓRIO),RETORNO,NEUROLOGIA - EEG,Inativo,Segunda,1970-01-01 13:00:00.000,Tarde,Ativo,1
1234,P. P. G. D. N. ,NEUROLOGIA (AMBULATÓRIO),RETORNO,NEUROLOGIA - EEG,Inativo,Terça,1970-01-01 13:00:00.000,Tarde,Ativo,1
1234,P. P. G. D. N. ,NEUROLOGIA (AMBULATÓRIO),RETORNO,NEUROLOGIA - EEG,Inativo,Quarta,1970-01-01 13:00:00.000,Tarde,Ativo,1
1234,P. P. G. D. N. ,NEUROLOGIA (AMBULATÓRIO),RETORNO,NEUROLOGIA - EEG,Inativo,Quinta,1970-01-01 13:00:00.000,Tarde,Ativo,1
1234,P. P. G. D. N. ,NEUROLOGIA (AMBULATÓRIO),RETORNO,NEUROLOGIA - EEG,Inativo,Sexta,1970-01-01 13:00:00.000,Tarde,Ativo,1
1236,P. A. G. ,GINECOLOGIA (AMBULATÓRIO),,ENFERMAGEM - PLANEJAMENTO FAMILIAR (PALESTRA),Inativo,,,,,
1237,S. G. D. N. ,GINECOLOGIA (AMBULATÓRIO),RETORNO,ENFERMAGEM - PLANEJAMENTO FAMILIAR (PALESTRA),Inativo,Terça,1970-01-01 07:00:00.000,Manhã,Inativo,3
1237,S. G. D. N. ,GINECOLOGIA (AMBULATÓRIO),CONSULTA REGULADA,ENFERMAGEM - PLANEJAMENTO FAMILIAR (PALESTRA),Inativo,Terça,1970-01-01 10:00:00.000,Manhã,Ativo,1
1237,S. G. D. N. ,GINECOLOGIA (AMBULATÓRIO),PRIMEIRA CONSULTA,ENFERMAGEM - PLANEJAMENTO FAMILIAR (PALESTRA),Inativo,Terça,1970-01-01 07:00:00.000,Manhã,Ativo,2
1237,S. G. D. N. ,GINECOLOGIA (AMBULATÓRIO),INTERCONSULTA,ENFERMAGEM - PLANEJAMENTO FAMILIAR (PALESTRA),Inativo,Terça,1970-01-01 07:00:00.000,Manhã,Ativo,1
1238,M. D. L. G. ,GINECOLOGIA (AMBULATÓRIO),RETORNO,GINECOLOGIA - TGI - BAIXO GRAU,Inativo,Segunda,1970-01-01 07:00:00.000,Manhã,Ativo,4
1240,A. P. T. S. ,OFTALMOLOGIA (AMBULATÓRIO),INTERCONSULTA,OFTALMOLOGIA - CATARATA INFANTIL,Ativo,Segunda,1970-01-01 13:00:00.000,Tarde,Ativo,5
1240,A. P. T. S. ,OFTALMOLOGIA (AMBULATÓRIO),RETORNO,OFTALMOLOGIA - CATARATA INFANTIL,Ativo,Segunda,1970-01-01 13:00:00.000,Tarde,Ativo,5
1242,A. M. D. A. S. ,OBSTETRÍCIA (AMBULATÓRIO),RETORNO,NUTRIÇÃO - OBSTETRÍCIA,Ativo,Terça,1970-01-01 13:00:00.000,Tarde,Ativo,8
1242,A. M. D. A. S. ,OBSTETRÍCIA (AMBULATÓRIO),INTERCONSULTA,NUTRIÇÃO - OBSTETRÍCIA,Ativo,Terça,1970-01-01 13:00:00.000,Tarde,Ativo,4
1244,A. C. D. F. T. G. ,ENDOCRINOLOGIA (AMBULATÓRIO),RETORNO,ENDOCRINOLOGIA - DIABETES,Ativo,Terça,1970-01-01 07:00:00.000,Manhã,Ativo,10
1244,A. C. D. F. T. G. ,ENDOCRINOLOGIA (AMBULATÓRIO),RETORNO,ENDOCRINOLOGIA - DIABETES,Ativo,Sexta,1970-01-01 07:00:00.000,Manhã,Ativo,10
1246,E. T. D. ,ENDOCRINOLOGIA (AMBULATÓRIO),RETORNO,ENDOCRINOLOGIA - PARATIREOIDE,Ativo,Quinta,1970-01-01 07:00:00.000,Manhã,Ativo,10
1248,L. V. R. F. ,ENDOCRINOLOGIA (AMBULATÓRIO),RETORNO,ENDOCRINOLOGIA - ADRENAL,Inativo,Segunda,1970-01-01 07:00:00.000,Manhã,Ativo,16
1250,P. S. G. ,ENDOCRINOLOGIA (AMBULATÓRIO),RETORNO,ENDOCRINOLOGIA - DIABETES TIPO 1,Ativo,Quarta,1970-01-01 07:00:00.000,Manhã,Ativo,10
1252,R. V. A. ,OFTALMOLOGIA (AMBULATÓRIO),INTERCONSULTA,OFTALMOLOGIA - CATARATA,Ativo,Sexta,1970-01-01 13:00:00.000,Tarde,Ativo,5
1252,R. V. A. ,OFTALMOLOGIA (AMBULATÓRIO),RETORNO,OFTALMOLOGIA - CATARATA,Ativo,Sexta,1970-01-01 13:00:00.000,Tarde,Ativo,5
1254,J. R. L. D. C. J. ,OFTALMOLOGIA (AMBULATÓRIO),RETORNO,OFTALMOLOGIA - RETINA INFANTIL,Inativo,Terça,1970-01-01 13:00:00.000,Tarde,Inativo,2
1254,J. R. L. D. C. J. ,OFTALMOLOGIA (AMBULATÓRIO),INTERCONSULTA,OFTALMOLOGIA - RETINA INFANTIL,Inativo,Terça,1970-01-01 13:00:00.000,Tarde,Inativo,2
1256,J. A. R. ,PNEUMOLOGIA (AMBULATÓRIO),EXAME,PRÉ-OPERATÓRIO - ESPIROMETRIA,Inativo,Segunda,1970-01-01 07:00:00.000,Manhã,Inativo,5
1258,G. M. T. D. L. ,GASTROENTEROLOGIA (AMBULATÓRIO),RETORNO,GASTROENTEROLOGIA,Ativo,Segunda,1970-01-01 07:00:00.000,Manhã,Ativo,6
1260,I. D. F. P. D. A. ,PSIQUIATRIA (AMBULATÓRIO),RETORNO,PSIQUIATRIA - NUCLEO DE DEPENDENCIAS QUIMICAS,Ativo,Quinta,1970-01-01 13:00:00.000,Tarde,Ativo,5
1262,R. S. D. C. P. ,PEDIATRIA (AMBULATÓRIO),INTERCONSULTA,PEDIATRIA - NEFRO,Ativo,Terça,1970-01-01 07:00:00.000,Manhã,Ativo,2
1262,R. S. D. C. P. ,PEDIATRIA (AMBULATÓRIO),CONSULTA REGULADA,PEDIATRIA - NEFRO,Ativo,Terça,1970-01-01 10:00:00.000,Manhã,Ativo,2
1262,R. S. D. C. P. ,PEDIATRIA (AMBULATÓRIO),RETORNO,PEDIATRIA - NEFRO,Ativo,Terça,1970-01-01 07:00:00.000,Manhã,Ativo,4
1262,R. S. D. C. P. ,PEDIATRIA (AMBULATÓRIO),RETORNO,PEDIATRIA - NEFRO,Ativo,Quarta,1970-01-01 07:00:00.000,Manhã,Ativo,8
1262,R. S. D. C. P. ,PEDIATRIA (AMBULATÓRIO),INTERCONSULTA,PEDIATRIA - NEFRO,Ativo,Quarta,1970-01-01 13:00:00.000,Tarde,Ativo,2
1262,R. S. D. C. P. ,PEDIATRIA (AMBULATÓRIO),RETORNO,PEDIATRIA - NEFRO,Ativo,Quarta,1970-01-01 13:00:00.000,Tarde,Ativo,8
1262,R. S. D. C. P. ,PEDIATRIA (AMBULATÓRIO),CONSULTA REGULADA,PEDIATRIA - NEFRO,Ativo,Quarta,1970-01-01 15:30:00.000,Tarde,Ativo,1
1262,R. S. D. C. P. ,PEDIATRIA (AMBULATÓRIO),RETORNO,PEDIATRIA - NEFRO,Ativo,Sexta,1970-01-01 13:00:00.000,Tarde,Ativo,5
1264,C. D. M. B. ,PSIQUIATRIA (AMBULATÓRIO),,PSIQUIATRIA - SEXUALIDADE E PSIQ PERINATAL,Inativo,,,,,
1266,L. A. R. D. R. ,ALERGIA E IMUNOLOGIA (AMBULATÓRIO),RETORNO,ALERGIA - DROGAS,Inativo,Quarta,1970-01-01 07:00:00.000,Manhã,Ativo,2
1268,D. M. P. ,ALERGIA E IMUNOLOGIA (AMBULATÓRIO),RETORNO,ALERGIA  - LACTENTE SIBILANTE,Ativo,Quinta,1970-01-01 07:00:00.000,Manhã,Ativo,1
1270,A. M. D. R. S. ,ALERGIA E IMUNOLOGIA (AMBULATÓRIO),,ALERGIA - IMUNODEFICIENCIA,Inativo,,,,,
1271,A. M. D. R. S. ,ALERGIA E IMUNOLOGIA (AMBULATÓRIO),,ALERGIA - AUTOIMUNIDADE,Inativo,,,,,
1272,D. M. V. B. ,ALERGIA E IMUNOLOGIA (AMBULATÓRIO),RETORNO,ALERGIA - DERMATOSES ALERGICAS,Ativo,Sexta,1970-01-01 07:00:00.000,Manhã,Ativo,1
1274,G. V. D. A. G. L. ,ALERGIA E IMUNOLOGIA (AMBULATÓRIO),,ALERGIA - IMUNOTERAPIA,Ativo,,,,,
1276,E. F. B. ,ALERGIA E IMUNOLOGIA (AMBULATÓRIO),RETORNO,ALERGIA PNEUMOPEDIATRIA,Ativo,Quinta,1970-01-01 13:00:00.000,Tarde,Ativo,2
1278,J. R. L. D. C. J. ,OFTALMOLOGIA (AMBULATÓRIO),INTERCONSULTA,OFTALMOLOGIA - RETINA CONGENITA,Ativo,Terça,1970-01-01 13:00:00.000,Tarde,Ativo,2
1280,M. M. D. C. A. ,PEDIATRIA (AMBULATÓRIO),,PEDIATRIA - GASTRO,Inativo,,,,,
1282,M. W. A. ,CIRURGIA PEDIÁTRICA (AMBULATÓRIO),INTERCONSULTA,CIRURGIA PEDIATRICA,Ativo,Segunda,1970-01-01 07:00:00.000,Manhã,Ativo,5
1282,M. W. A. ,CIRURGIA PEDIÁTRICA (AMBULATÓRIO),CONSULTA REGULADA,CIRURGIA PEDIATRICA,Ativo,Segunda,1970-01-01 10:00:00.000,Manhã,Ativo,5
1282,M. W. A. ,CIRURGIA PEDIÁTRICA (AMBULATÓRIO),RETORNO,CIRURGIA PEDIATRICA,Ativo,Segunda,1970-01-01 07:00:00.000,Manhã,Ativo,10
1284,V. L. D. M. P. ,NEFROLOGIA (AMBULATÓRIO),RETORNO,ENFERMAGEM - NAVEGACAO - NEFROLOGIA,Inativo,Segunda,1970-01-01 13:00:00.000,Tarde,Ativo,5
1284,V. L. D. M. P. ,NEFROLOGIA (AMBULATÓRIO),RETORNO,ENFERMAGEM - NAVEGACAO - NEFROLOGIA,Inativo,Terça,1970-01-01 13:00:00.000,Tarde,Ativo,5
1284,V. L. D. M. P. ,NEFROLOGIA (AMBULATÓRIO),RETORNO,ENFERMAGEM - NAVEGACAO - NEFROLOGIA,Inativo,Quarta,1970-01-01 13:00:00.000,Tarde,Ativo,5
1284,V. L. D. M. P. ,NEFROLOGIA (AMBULATÓRIO),RETORNO,ENFERMAGEM - NAVEGACAO - NEFROLOGIA,Inativo,Quinta,1970-01-01 13:00:00.000,Tarde,Ativo,5
1284,V. L. D. M. P. ,NEFROLOGIA (AMBULATÓRIO),RETORNO,ENFERMAGEM - NAVEGACAO - NEFROLOGIA,Inativo,Sexta,1970-01-01 13:00:00.000,Tarde,Ativo,5
1286,V. L. P. A. M. D. A. ,PSIQUIATRIA (AMBULATÓRIO),RETORNO,ENFERMAGEM - NAVEGACAO - PSIQUIATRIA,Inativo,Segunda,1970-01-01 07:00:00.000,Manhã,Ativo,10
1286,V. L. P. A. M. D. A. ,PSIQUIATRIA (AMBULATÓRIO),RETORNO,ENFERMAGEM - NAVEGACAO - PSIQUIATRIA,Inativo,Terça,1970-01-01 07:00:00.000,Manhã,Ativo,10
1286,V. L. P. A. M. D. A. ,PSIQUIATRIA (AMBULATÓRIO),RETORNO,ENFERMAGEM - NAVEGACAO - PSIQUIATRIA,Inativo,Quarta,1970-01-01 07:00:00.000,Manhã,Ativo,10
1286,V. L. P. A. M. D. A. ,PSIQUIATRIA (AMBULATÓRIO),RETORNO,ENFERMAGEM - NAVEGACAO - PSIQUIATRIA,Inativo,Quinta,1970-01-01 07:00:00.000,Manhã,Ativo,10
1286,V. L. P. A. M. D. A. ,PSIQUIATRIA (AMBULATÓRIO),RETORNO,ENFERMAGEM - NAVEGACAO - PSIQUIATRIA,Inativo,Quinta,1970-01-01 13:00:00.000,Tarde,Ativo,10
1288,A. B. M. L. D. A. T. ,ONCOLOGIA (AMBULATÓRIO),INTERCONSULTA,ONCOLOGIA - MASTOLOGIA,Ativo,Segunda,1970-01-01 07:00:00.000,Manhã,Inativo,1
1288,A. B. M. L. D. A. T. ,ONCOLOGIA (AMBULATÓRIO),RETORNO,ONCOLOGIA - MASTOLOGIA,Ativo,Segunda,1970-01-01 07:00:00.000,Manhã,Ativo,8
1290,V. L. P. A. M. D. A. ,PSIQUIATRIA (AMBULATÓRIO),RETORNO,ENFERMAGEM - PSIQUIATRIA - ADM DE MEDICAMENTO,Inativo,Segunda,1970-01-01 07:00:00.000,Manhã,Ativo,10
1290,V. L. P. A. M. D. A. ,PSIQUIATRIA (AMBULATÓRIO),RETORNO,ENFERMAGEM - PSIQUIATRIA - ADM DE MEDICAMENTO,Inativo,Segunda,1970-01-01 13:00:00.000,Tarde,Ativo,10
1290,V. L. P. A. M. D. A. ,PSIQUIATRIA (AMBULATÓRIO),RETORNO,ENFERMAGEM - PSIQUIATRIA - ADM DE MEDICAMENTO,Inativo,Terça,1970-01-01 13:00:00.000,Tarde,Ativo,10
1290,V. L. P. A. M. D. A. ,PSIQUIATRIA (AMBULATÓRIO),RETORNO,ENFERMAGEM - PSIQUIATRIA - ADM DE MEDICAMENTO,Inativo,Terça,1970-01-01 07:00:00.000,Manhã,Ativo,10
1290,V. L. P. A. M. D. A. ,PSIQUIATRIA (AMBULATÓRIO),RETORNO,ENFERMAGEM - PSIQUIATRIA - ADM DE MEDICAMENTO,Inativo,Quarta,1970-01-01 13:00:00.000,Tarde,Ativo,10
1290,V. L. P. A. M. D. A. ,PSIQUIATRIA (AMBULATÓRIO),RETORNO,ENFERMAGEM - PSIQUIATRIA - ADM DE MEDICAMENTO,Inativo,Quarta,1970-01-01 07:00:00.000,Manhã,Ativo,10
1290,V. L. P. A. M. D. A. ,PSIQUIATRIA (AMBULATÓRIO),RETORNO,ENFERMAGEM - PSIQUIATRIA - ADM DE MEDICAMENTO,Inativo,Quinta,1970-01-01 07:00:00.000,Manhã,Ativo,10
1290,V. L. P. A. M. D. A. ,PSIQUIATRIA (AMBULATÓRIO),RETORNO,ENFERMAGEM - PSIQUIATRIA - ADM DE MEDICAMENTO,Inativo,Quinta,1970-01-01 13:00:00.000,Tarde,Ativo,10
1290,V. L. P. A. M. D. A. ,PSIQUIATRIA (AMBULATÓRIO),RETORNO,ENFERMAGEM - PSIQUIATRIA - ADM DE MEDICAMENTO,Inativo,Sexta,1970-01-01 07:00:00.000,Manhã,Ativo,10
1290,V. L. P. A. M. D. A. ,PSIQUIATRIA (AMBULATÓRIO),RETORNO,ENFERMAGEM - PSIQUIATRIA - ADM DE MEDICAMENTO,Inativo,Sexta,1970-01-01 13:00:00.000,Tarde,Ativo,10
1292,N. L. D. S. S. ,NEUROLOGIA (AMBULATÓRIO),RETORNO,ENFERMAGEM - NAVEGACAO - EPILEPSIA,Inativo,Segunda,1970-01-01 07:00:00.000,Manhã,Inativo,10
1292,N. L. D. S. S. ,NEUROLOGIA (AMBULATÓRIO),RETORNO,ENFERMAGEM - NAVEGACAO - EPILEPSIA,Inativo,Terça,1970-01-01 07:00:00.000,Manhã,Inativo,10
1292,N. L. D. S. S. ,NEUROLOGIA (AMBULATÓRIO),RETORNO,ENFERMAGEM - NAVEGACAO - EPILEPSIA,Inativo,Quarta,1970-01-01 07:00:00.000,Manhã,Inativo,10
1292,N. L. D. S. S. ,NEUROLOGIA (AMBULATÓRIO),RETORNO,ENFERMAGEM - NAVEGACAO - EPILEPSIA,Inativo,Quinta,1970-01-01 07:00:00.000,Manhã,Inativo,10
1292,N. L. D. S. S. ,NEUROLOGIA (AMBULATÓRIO),RETORNO,ENFERMAGEM - NAVEGACAO - EPILEPSIA,Inativo,Sexta,1970-01-01 07:00:00.000,Manhã,Inativo,10
1294,L. K. R. ,OBSTETRÍCIA (AMBULATÓRIO),CONSULTA REGULADA,OBSTETRÍCIA - MOL. TROFOBLÁTICA GESTACIONAL,Ativo,Terça,1970-01-01 15:30:00.000,Tarde,Ativo,2
1294,L. K. R. ,OBSTETRÍCIA (AMBULATÓRIO),INTERCONSULTA,OBSTETRÍCIA - MOL. TROFOBLÁTICA GESTACIONAL,Ativo,Terça,1970-01-01 13:00:00.000,Tarde,Ativo,3
1294,L. K. R. ,OBSTETRÍCIA (AMBULATÓRIO),RETORNO,OBSTETRÍCIA - MOL. TROFOBLÁTICA GESTACIONAL,Ativo,Terça,1970-01-01 13:00:00.000,Tarde,Ativo,10
1298,C. R. D. C. ,CIRURGIA GERAL (AMBULATÓRIO),RETORNO,PROCTOLOGIA,Ativo,Terça,1970-01-01 07:00:00.000,Manhã,Ativo,6
1298,C. R. D. C. ,CIRURGIA GERAL (AMBULATÓRIO),CONSULTA REGULADA,PROCTOLOGIA,Ativo,Terça,1970-01-01 15:30:00.000,Tarde,Inativo,4
1298,C. R. D. C. ,CIRURGIA GERAL (AMBULATÓRIO),INTERCONSULTA,PROCTOLOGIA,Ativo,Terça,1970-01-01 13:00:00.000,Tarde,Inativo,2
1299,S. R. F. D. S. ,CIRURGIA GERAL (AMBULATÓRIO),CONSULTA REGULADA,PROCTOLOGIA,Ativo,Quarta,1970-01-01 10:00:00.000,Manhã,Inativo,4
1299,S. R. F. D. S. ,CIRURGIA GERAL (AMBULATÓRIO),RETORNO,PROCTOLOGIA,Ativo,Quarta,1970-01-01 07:00:00.000,Manhã,Ativo,6
1299,S. R. F. D. S. ,CIRURGIA GERAL (AMBULATÓRIO),INTERCONSULTA,PROCTOLOGIA,Ativo,Quarta,1970-01-01 07:00:00.000,Manhã,Inativo,2
1300,C. R. D. C. ,CIRURGIA GERAL (AMBULATÓRIO),RETORNO,PROCTOLOGIA - ESPAÇO TRANS,Ativo,Terça,1970-01-01 07:00:00.000,Manhã,Ativo,1
1301,S. R. F. D. S. ,CIRURGIA GERAL (AMBULATÓRIO),RETORNO,PROCTOLOGIA - ESPAÇO TRANS,Ativo,Quarta,1970-01-01 07:00:00.000,Manhã,Ativo,1
1302,K. C. D. O. ,CIRURGIA GERAL (AMBULATÓRIO),RETORNO,PSICOLOGIA - CIRURGIA GERAL,Ativo,Segunda,1970-01-01 07:00:00.000,Manhã,Ativo,10
1302,K. C. D. O. ,CIRURGIA GERAL (AMBULATÓRIO),RETORNO,PSICOLOGIA - CIRURGIA GERAL,Ativo,Segunda,1970-01-01 13:00:00.000,Tarde,Ativo,10
1302,K. C. D. O. ,CIRURGIA GERAL (AMBULATÓRIO),RETORNO,PSICOLOGIA - CIRURGIA GERAL,Ativo,Quarta,1970-01-01 13:00:00.000,Tarde,Ativo,15
1302,K. C. D. O. ,CIRURGIA GERAL (AMBULATÓRIO),RETORNO,PSICOLOGIA - CIRURGIA GERAL,Ativo,Quarta,1970-01-01 07:00:00.000,Manhã,Ativo,15
1302,K. C. D. O. ,CIRURGIA GERAL (AMBULATÓRIO),RETORNO,PSICOLOGIA - CIRURGIA GERAL,Ativo,Sexta,1970-01-01 13:00:00.000,Tarde,Ativo,15
1304,V. R. D. A. ,REUMATOLOGIA (AMBULATÓRIO),RETORNO,ENFERMAGEM - REUMATO (METOTREXATO),Inativo,Terça,1970-01-01 07:00:00.000,Manhã,Ativo,20
1304,V. R. D. A. ,REUMATOLOGIA (AMBULATÓRIO),RETORNO,ENFERMAGEM - REUMATO (METOTREXATO),Inativo,Quarta,1970-01-01 07:00:00.000,Manhã,Ativo,20
1304,V. R. D. A. ,REUMATOLOGIA (AMBULATÓRIO),RETORNO,ENFERMAGEM - REUMATO (METOTREXATO),Inativo,Sexta,1970-01-01 07:00:00.000,Manhã,Ativo,20
1305,H. D. A. M. ,REUMATOLOGIA (AMBULATÓRIO),RETORNO,REUMATOLOGIA - VASCULITES,Inativo,Quinta,1970-01-01 07:00:00.000,Manhã,Inativo,12
1308,L. F. D. R. J. ,REUMATOLOGIA (AMBULATÓRIO),RETORNO,REUMATOLOGIA - MIOPATIA INFLAMATÓRIA,Ativo,Terça,1970-01-01 13:00:00.000,Tarde,Ativo,8
1309,H. D. A. M. ,REUMATOLOGIA (AMBULATÓRIO),,REUMATOLOGIA - LUPUS,Inativo,,,,,
1310,A. A. A. ,PUERICULTURA (AMBULATÓRIO),RETORNO,PUERICULTURA,Inativo,Quarta,1970-01-01 07:00:00.000,Manhã,Ativo,2
1314,C. E. F. S. ,DERMATOLOGIA (AMBULATÓRIO),RETORNO,DERMATOLOGIA - FOTOTERAPIA,Ativo,Segunda,1970-01-01 07:00:00.000,Manhã,Ativo,8
1316,D. A. D. A. ,DERMATOLOGIA (AMBULATÓRIO),RETORNO,ENFERMAGEM - DERMATOLOGIA (METOTREXATO),Ativo,Quinta,1970-01-01 07:00:00.000,Manhã,Ativo,30
1318,L. D. F. A. C. ,DERMATOLOGIA (AMBULATÓRIO),RETORNO,ENFERMAGEM - DERMATOLOGIA (METOTREXATO),Ativo,Segunda,1970-01-01 07:00:00.000,Manhã,Ativo,5
1318,L. D. F. A. C. ,DERMATOLOGIA (AMBULATÓRIO),RETORNO,ENFERMAGEM - DERMATOLOGIA (METOTREXATO),Ativo,Terça,1970-01-01 07:00:00.000,Manhã,Ativo,5
1318,L. D. F. A. C. ,DERMATOLOGIA (AMBULATÓRIO),RETORNO,ENFERMAGEM - DERMATOLOGIA (METOTREXATO),Ativo,Quarta,1970-01-01 07:00:00.000,Manhã,Ativo,5
1318,L. D. F. A. C. ,DERMATOLOGIA (AMBULATÓRIO),RETORNO,ENFERMAGEM - DERMATOLOGIA (METOTREXATO),Ativo,Quinta,1970-01-01 07:00:00.000,Manhã,Ativo,5
1318,L. D. F. A. C. ,DERMATOLOGIA (AMBULATÓRIO),RETORNO,ENFERMAGEM - DERMATOLOGIA (METOTREXATO),Ativo,Sexta,1970-01-01 07:00:00.000,Manhã,Ativo,5
1320,L. F. A. F. ,ORTOPEDIA (AMBULATÓRIO),RETORNO,ORTOPEDIA - INFANTIL,Ativo,Quarta,1970-01-01 07:00:00.000,Manhã,Ativo,7
1320,L. F. A. F. ,ORTOPEDIA (AMBULATÓRIO),CONSULTA REGULADA,ORTOPEDIA - INFANTIL,Ativo,Quarta,1970-01-01 10:00:00.000,Manhã,Ativo,3
1320,L. F. A. F. ,ORTOPEDIA (AMBULATÓRIO),CONSULTA REGULADA,ORTOPEDIA - INFANTIL,Ativo,Quinta,1970-01-01 15:30:00.000,Tarde,Ativo,2
1320,L. F. A. F. ,ORTOPEDIA (AMBULATÓRIO),RETORNO,ORTOPEDIA - INFANTIL,Ativo,Quinta,1970-01-01 13:00:00.000,Tarde,Ativo,6
1322,J. M. M. D. S. ,NEFROLOGIA (AMBULATÓRIO),RETORNO,PSICOLOGIA - NEFRO,Inativo,Quarta,1970-01-01 07:00:00.000,Manhã,Inativo,4
1324,A. D. S. C. ,EDUCAÇÃO FÍSICA,INTERCONSULTA,EDUCACAO FISICA (TRIAGEM),Ativo,Segunda,1970-01-01 07:00:00.000,Manhã,Ativo,2
1325,P. R. C. C. ,EDUCAÇÃO FÍSICA,INTERCONSULTA,EDUCACAO FISICA (TRIAGEM),Ativo,Segunda,1970-01-01 07:00:00.000,Manhã,Ativo,10
1325,P. R. C. C. ,EDUCAÇÃO FÍSICA,INTERCONSULTA,EDUCACAO FISICA (TRIAGEM),Ativo,Segunda,1970-01-01 13:00:00.000,Tarde,Ativo,10
1325,P. R. C. C. ,EDUCAÇÃO FÍSICA,INTERCONSULTA,EDUCACAO FISICA (TRIAGEM),Ativo,Terça,1970-01-01 07:00:00.000,Manhã,Ativo,10
1326,P. R. C. C. ,EDUCAÇÃO FÍSICA,SESSAO,EDUCACAO FISICA,Ativo,Segunda,1970-01-01 07:00:00.000,Manhã,Ativo,25
1326,P. R. C. C. ,EDUCAÇÃO FÍSICA,SESSAO,EDUCACAO FISICA,Ativo,Quarta,1970-01-01 13:00:00.000,Tarde,Ativo,15
1326,P. R. C. C. ,EDUCAÇÃO FÍSICA,SESSAO,EDUCACAO FISICA,Ativo,Quinta,1970-01-01 13:00:00.000,Tarde,Ativo,25
1326,P. R. C. C. ,EDUCAÇÃO FÍSICA,SESSAO,EDUCACAO FISICA,Ativo,Quinta,1970-01-01 07:00:00.000,Manhã,Ativo,25
1326,P. R. C. C. ,EDUCAÇÃO FÍSICA,SESSAO,EDUCACAO FISICA,Ativo,Sexta,1970-01-01 07:00:00.000,Manhã,Ativo,25
1327,M. M. J. ,ORTOPEDIA (AMBULATÓRIO),RETORNO,ORTOPEDIA - OMBRO,Ativo,Segunda,1970-01-01 13:00:00.000,Tarde,Ativo,5
1327,M. M. J. ,ORTOPEDIA (AMBULATÓRIO),CONSULTA REGULADA,ORTOPEDIA - OMBRO,Ativo,Segunda,1970-01-01 15:30:00.000,Tarde,Ativo,2
1327,M. M. J. ,ORTOPEDIA (AMBULATÓRIO),RETORNO,ORTOPEDIA - OMBRO,Ativo,Terça,1970-01-01 13:00:00.000,Tarde,Ativo,5
1327,M. M. J. ,ORTOPEDIA (AMBULATÓRIO),CONSULTA REGULADA,ORTOPEDIA - OMBRO,Ativo,Terça,1970-01-01 15:30:00.000,Tarde,Ativo,2
1328,A. D. S. C. ,EDUCAÇÃO FÍSICA,SESSAO,EDUCACAO FISICA,Ativo,Segunda,1970-01-01 07:00:00.000,Manhã,Ativo,10
1328,A. D. S. C. ,EDUCAÇÃO FÍSICA,SESSAO,EDUCACAO FISICA,Ativo,Quarta,1970-01-01 07:00:00.000,Manhã,Ativo,10
1328,A. D. S. C. ,EDUCAÇÃO FÍSICA,SESSAO,EDUCACAO FISICA,Ativo,Quinta,1970-01-01 07:00:00.000,Manhã,Ativo,10
1328,A. D. S. C. ,EDUCAÇÃO FÍSICA,SESSAO,EDUCACAO FISICA,Ativo,Sexta,1970-01-01 07:00:00.000,Manhã,Ativo,10
1329,R. C. L. ,ORTOPEDIA (AMBULATÓRIO),CONSULTA REGULADA,ORTOPEDIA - QUADRIL  (TRIAGEM),Ativo,Segunda,1970-01-01 10:00:00.000,Manhã,Ativo,5
1330,R. C. L. ,ORTOPEDIA (AMBULATÓRIO),RETORNO,ORTOPEDIA - QUADRIL,Ativo,Segunda,1970-01-01 07:00:00.000,Manhã,Ativo,5
1330,R. C. L. ,ORTOPEDIA (AMBULATÓRIO),RETORNO,ORTOPEDIA - QUADRIL,Ativo,Quarta,1970-01-01 07:00:00.000,Manhã,Ativo,5
1332,J. V. D. S. ,FISIOTERAPIA,SESSAO,FISIOTERAPIA - REUMATO,Ativo,Segunda,1970-01-01 07:00:00.000,Manhã,Ativo,12
1332,J. V. D. S. ,FISIOTERAPIA,SESSAO,FISIOTERAPIA - REUMATO,Ativo,Terça,1970-01-01 07:00:00.000,Manhã,Ativo,12
1332,J. V. D. S. ,FISIOTERAPIA,SESSAO,FISIOTERAPIA - REUMATO,Ativo,Quarta,1970-01-01 07:00:00.000,Manhã,Ativo,12
1332,J. V. D. S. ,FISIOTERAPIA,SESSAO,FISIOTERAPIA - REUMATO,Ativo,Quinta,1970-01-01 07:00:00.000,Manhã,Ativo,12
1332,J. V. D. S. ,FISIOTERAPIA,SESSAO,FISIOTERAPIA - REUMATO,Ativo,Sexta,1970-01-01 07:00:00.000,Manhã,Ativo,12
1334,M. S. D. C. ,FISIOTERAPIA,SESSAO,FISIOTERAPIA - RESPIRATÓRIA INFANTIL,Ativo,Terça,1970-01-01 07:00:00.000,Manhã,Ativo,6
1334,M. S. D. C. ,FISIOTERAPIA,SESSAO,FISIOTERAPIA - RESPIRATÓRIA INFANTIL,Ativo,Quinta,1970-01-01 07:00:00.000,Manhã,Ativo,6
1334,M. S. D. C. ,FISIOTERAPIA,SESSAO,FISIOTERAPIA - RESPIRATÓRIA INFANTIL,Ativo,Sexta,1970-01-01 07:00:00.000,Manhã,Ativo,6
1339,C. K. D. D. M. ,FISIOTERAPIA,SESSAO,FISIOTERAPIA - MASTECTOMIA,Inativo,Segunda,1970-01-01 07:00:00.000,Manhã,Inativo,12
1339,C. K. D. D. M. ,FISIOTERAPIA,SESSAO,FISIOTERAPIA - MASTECTOMIA,Inativo,Terça,1970-01-01 07:00:00.000,Manhã,Inativo,12
1339,C. K. D. D. M. ,FISIOTERAPIA,SESSAO,FISIOTERAPIA - MASTECTOMIA,Inativo,Quarta,1970-01-01 07:00:00.000,Manhã,Inativo,12
1339,C. K. D. D. M. ,FISIOTERAPIA,SESSAO,FISIOTERAPIA - MASTECTOMIA,Inativo,Quinta,1970-01-01 07:00:00.000,Manhã,Inativo,12
1339,C. K. D. D. M. ,FISIOTERAPIA,SESSAO,FISIOTERAPIA - MASTECTOMIA,Inativo,Sexta,1970-01-01 07:00:00.000,Manhã,Inativo,12
1340,T. H. M. S. ,FISIOTERAPIA,SESSAO,FISIOTERAPIA - REUMATO,Inativo,Segunda,1970-01-01 07:00:00.000,Manhã,Inativo,12
1340,T. H. M. S. ,FISIOTERAPIA,SESSAO,FISIOTERAPIA - REUMATO,Inativo,Terça,1970-01-01 07:00:00.000,Manhã,Inativo,12
1340,T. H. M. S. ,FISIOTERAPIA,SESSAO,FISIOTERAPIA - REUMATO,Inativo,Quarta,1970-01-01 07:00:00.000,Manhã,Inativo,12
1340,T. H. M. S. ,FISIOTERAPIA,SESSAO,FISIOTERAPIA - REUMATO,Inativo,Quinta,1970-01-01 07:00:00.000,Manhã,Inativo,12
1340,T. H. M. S. ,FISIOTERAPIA,SESSAO,FISIOTERAPIA - REUMATO,Inativo,Sexta,1970-01-01 07:00:00.000,Manhã,Inativo,12
1341,J. D. M. B. ,FISIOTERAPIA,SESSAO,FISIOTERAPIA - ORTOPEDIA,Ativo,Segunda,1970-01-01 07:00:00.000,Manhã,Ativo,12
1341,J. D. M. B. ,FISIOTERAPIA,SESSAO,FISIOTERAPIA - ORTOPEDIA,Ativo,Terça,1970-01-01 07:00:00.000,Manhã,Ativo,12
1341,J. D. M. B. ,FISIOTERAPIA,SESSAO,FISIOTERAPIA - ORTOPEDIA,Ativo,Quarta,1970-01-01 07:00:00.000,Manhã,Ativo,12
1341,J. D. M. B. ,FISIOTERAPIA,SESSAO,FISIOTERAPIA - ORTOPEDIA,Ativo,Quinta,1970-01-01 07:00:00.000,Manhã,Ativo,12
1341,J. D. M. B. ,FISIOTERAPIA,SESSAO,FISIOTERAPIA - ORTOPEDIA,Ativo,Sexta,1970-01-01 07:00:00.000,Manhã,Ativo,12
1342,F. C. S. S. R. ,FISIOTERAPIA,SESSAO,FISIOTERAPIA - ORTOPEDIA,Ativo,Segunda,1970-01-01 07:00:00.000,Manhã,Ativo,12
1342,F. C. S. S. R. ,FISIOTERAPIA,SESSAO,FISIOTERAPIA - ORTOPEDIA,Ativo,Terça,1970-01-01 07:00:00.000,Manhã,Ativo,12
1342,F. C. S. S. R. ,FISIOTERAPIA,SESSAO,FISIOTERAPIA - ORTOPEDIA,Ativo,Quarta,1970-01-01 07:00:00.000,Manhã,Ativo,12
1342,F. C. S. S. R. ,FISIOTERAPIA,SESSAO,FISIOTERAPIA - ORTOPEDIA,Ativo,Quinta,1970-01-01 07:00:00.000,Manhã,Ativo,12
1342,F. C. S. S. R. ,FISIOTERAPIA,SESSAO,FISIOTERAPIA - ORTOPEDIA,Ativo,Sexta,1970-01-01 07:00:00.000,Manhã,Ativo,12
1346,E. D. N. N. ,FISIOTERAPIA,SESSAO,FISIOTERAPIA - RESPIRATÓRIA,Ativo,Segunda,1970-01-01 07:00:00.000,Manhã,Ativo,6
1346,E. D. N. N. ,FISIOTERAPIA,SESSAO,FISIOTERAPIA - RESPIRATÓRIA,Ativo,Quarta,1970-01-01 07:00:00.000,Manhã,Ativo,6
1348,K. R. F. D. S. ,GINECOLOGIA (AMBULATÓRIO),INTERCONSULTA,ENFERMAGEM - TGI - COLPO - TRIAGEM,Ativo,Segunda,1970-01-01 07:00:00.000,Manhã,Ativo,2
1348,K. R. F. D. S. ,GINECOLOGIA (AMBULATÓRIO),PRONTO-ATENDIMENTO,ENFERMAGEM - TGI - COLPO - TRIAGEM,Ativo,Segunda,1970-01-01 07:00:00.000,Manhã,Ativo,2
1348,K. R. F. D. S. ,GINECOLOGIA (AMBULATÓRIO),CONSULTA REGULADA,ENFERMAGEM - TGI - COLPO - TRIAGEM,Ativo,Segunda,1970-01-01 10:00:00.000,Manhã,Inativo,2
1348,K. R. F. D. S. ,GINECOLOGIA (AMBULATÓRIO),RETORNO,ENFERMAGEM - TGI - COLPO - TRIAGEM,Ativo,Segunda,1970-01-01 07:00:00.000,Manhã,Ativo,2
1348,K. R. F. D. S. ,GINECOLOGIA (AMBULATÓRIO),INTERCONSULTA,ENFERMAGEM - TGI - COLPO - TRIAGEM,Ativo,Quarta,1970-01-01 07:00:00.000,Manhã,Ativo,2
1348,K. R. F. D. S. ,GINECOLOGIA (AMBULATÓRIO),CONSULTA REGULADA,ENFERMAGEM - TGI - COLPO - TRIAGEM,Ativo,Quarta,1970-01-01 10:00:00.000,Manhã,Inativo,2
1348,K. R. F. D. S. ,GINECOLOGIA (AMBULATÓRIO),RETORNO,ENFERMAGEM - TGI - COLPO - TRIAGEM,Ativo,Quarta,1970-01-01 07:00:00.000,Manhã,Ativo,2
1348,K. R. F. D. S. ,GINECOLOGIA (AMBULATÓRIO),PRONTO-ATENDIMENTO,ENFERMAGEM - TGI - COLPO - TRIAGEM,Ativo,Quarta,1970-01-01 07:00:00.000,Manhã,Ativo,2
1349,P. R. D. S. ,GINECOLOGIA (AMBULATÓRIO),CONSULTA REGULADA,ENFERMAGEM - TGI - COLPO - TRIAGEM,Ativo,Terça,1970-01-01 10:00:00.000,Manhã,Inativo,2
1349,P. R. D. S. ,GINECOLOGIA (AMBULATÓRIO),INTERCONSULTA,ENFERMAGEM - TGI - COLPO - TRIAGEM,Ativo,Terça,1970-01-01 07:00:00.000,Manhã,Ativo,2
1349,P. R. D. S. ,GINECOLOGIA (AMBULATÓRIO),RETORNO,ENFERMAGEM - TGI - COLPO - TRIAGEM,Ativo,Terça,1970-01-01 07:00:00.000,Manhã,Ativo,2
1349,P. R. D. S. ,GINECOLOGIA (AMBULATÓRIO),PRONTO-ATENDIMENTO,ENFERMAGEM - TGI - COLPO - TRIAGEM,Ativo,Terça,1970-01-01 07:00:00.000,Manhã,Ativo,2
1349,P. R. D. S. ,GINECOLOGIA (AMBULATÓRIO),INTERCONSULTA,ENFERMAGEM - TGI - COLPO - TRIAGEM,Ativo,Quinta,1970-01-01 07:00:00.000,Manhã,Ativo,2
1349,P. R. D. S. ,GINECOLOGIA (AMBULATÓRIO),CONSULTA REGULADA,ENFERMAGEM - TGI - COLPO - TRIAGEM,Ativo,Quinta,1970-01-01 10:00:00.000,Manhã,Inativo,2
1349,P. R. D. S. ,GINECOLOGIA (AMBULATÓRIO),PRONTO-ATENDIMENTO,ENFERMAGEM - TGI - COLPO - TRIAGEM,Ativo,Quinta,1970-01-01 07:00:00.000,Manhã,Ativo,2
1349,P. R. D. S. ,GINECOLOGIA (AMBULATÓRIO),RETORNO,ENFERMAGEM - TGI - COLPO - TRIAGEM,Ativo,Quinta,1970-01-01 07:00:00.000,Manhã,Ativo,2
1350,A. F. M. ,GINECOLOGIA (AMBULATÓRIO),CONSULTA REGULADA,GINECOLOGIA - TGI - RETORNO VULVA,Ativo,Segunda,1970-01-01 15:30:00.000,Tarde,Ativo,1
1350,A. F. M. ,GINECOLOGIA (AMBULATÓRIO),RETORNO,GINECOLOGIA - TGI - RETORNO VULVA,Ativo,Segunda,1970-01-01 13:00:00.000,Tarde,Ativo,3
1352,A. F. M. ,GINECOLOGIA (AMBULATÓRIO),RETORNO,GINECOLOGIA - TGI - VOLTA BAIXO GRAU,Ativo,Terça,1970-01-01 07:00:00.000,Manhã,Ativo,2
1354,T. M. M. P. ,GINECOLOGIA (AMBULATÓRIO),RETORNO,GINECOLOGIA - TGI - VOLTA PATOLOGIA CERVICAL,Inativo,Terça,1970-01-01 07:00:00.000,Manhã,Ativo,3
1356,F. S. P. S. ,GINECOLOGIA (AMBULATÓRIO),RETORNO,GINECOLOGIA - TGI - VOLTA PATOLOGIA CERVICAL,Ativo,Quarta,1970-01-01 07:00:00.000,Manhã,Ativo,3
1358,T. M. M. P. ,GINECOLOGIA (AMBULATÓRIO),RETORNO,GINECOLOGIA - TGI - 1ª VEZ PATOLOGIA CERVICAL,Inativo,Terça,1970-01-01 07:00:00.000,Manhã,Ativo,3
1359,F. S. P. S. ,GINECOLOGIA (AMBULATÓRIO),RETORNO,GINECOLOGIA - TGI - 1ª VEZ PATOLOGIA CERVICAL,Ativo,Quarta,1970-01-01 07:00:00.000,Manhã,Ativo,3
1360,T. M. M. P. ,GINECOLOGIA (AMBULATÓRIO),RETORNO,GINECOLOGIA - TGI - SEG PATOLOGIA CERVICAL,Inativo,Quarta,1970-01-01 07:00:00.000,Manhã,Ativo,3
1362,D. F. B. L. ,OBSTETRÍCIA (AMBULATÓRIO),RETORNO,OBSTETRICIA - PRE-NATAL DO CRESCIMENTO FETAL,Ativo,Quinta,1970-01-01 13:00:00.000,Tarde,Ativo,12
1364,A. D. S. A. C. ,GINECOLOGIA (AMBULATÓRIO),RETORNO,GINECOLOGIA - TGI - 1ª VEZ PATOLOGIA CERVICAL,Ativo,Quarta,1970-01-01 07:00:00.000,Manhã,Ativo,4
1366,V. L. S. D. M. ,DERMATOLOGIA (AMBULATÓRIO),CONSULTA REGULADA,DERMATOLOGIA,Ativo,Terça,1970-01-01 10:00:00.000,Manhã,Inativo,8
1366,V. L. S. D. M. ,DERMATOLOGIA (AMBULATÓRIO),INTERCONSULTA,DERMATOLOGIA,Ativo,Terça,1970-01-01 07:00:00.000,Manhã,Inativo,2
1366,V. L. S. D. M. ,DERMATOLOGIA (AMBULATÓRIO),RETORNO,DERMATOLOGIA,Ativo,Quarta,1970-01-01 07:00:00.000,Manhã,Ativo,10
1368,V. L. S. D. M. ,DERMATOLOGIA (AMBULATÓRIO),RETORNO,DERMATOLOGIA - IMUNOSSUPRESSORES,Inativo,Quarta,1970-01-01 07:00:00.000,Manhã,Ativo,8
1370,F. A. C. ,GINECOLOGIA (AMBULATÓRIO),RETORNO,GINECOLOGIA - TRIAGEM,Inativo,Terça,1970-01-01 13:00:00.000,Tarde,Inativo,6
1372,F. A. C. ,GINECOLOGIA (AMBULATÓRIO),,GINECOLOGIA - LAPAROSCOPIA,Ativo,,,,,
1374,P. C. R. ,PUERICULTURA (AMBULATÓRIO),RETORNO,PUERICULTURA - NÚCLEO DE DESENV. INFANTIL,Inativo,Terça,1970-01-01 13:00:00.000,Tarde,Ativo,6
1374,P. C. R. ,PUERICULTURA (AMBULATÓRIO),RETORNO,PUERICULTURA - NÚCLEO DE DESENV. INFANTIL,Inativo,Terça,1970-01-01 13:00:00.000,Tarde,Inativo,1
1376,H. J. N. ,GINECOLOGIA (AMBULATÓRIO),CONSULTA REGULADA,GINECOLOGIA - TRIAGEM,Ativo,Terça,1970-01-01 15:30:00.000,Tarde,Ativo,2
1376,H. J. N. ,GINECOLOGIA (AMBULATÓRIO),RETORNO,GINECOLOGIA - TRIAGEM,Ativo,Terça,1970-01-01 13:00:00.000,Tarde,Ativo,2
1376,H. J. N. ,GINECOLOGIA (AMBULATÓRIO),INTERCONSULTA,GINECOLOGIA - TRIAGEM,Ativo,Terça,1970-01-01 13:00:00.000,Tarde,Ativo,4
1378,H. J. N. ,GINECOLOGIA (AMBULATÓRIO),RETORNO,GINECOLOGIA - ALGIA PÉLVICA,Ativo,Quarta,1970-01-01 07:00:00.000,Manhã,Ativo,8
1380,A. F. F. D. ,NEUROLOGIA (AMBULATÓRIO),INTERCONSULTA,NEUROLOGIA,Ativo,Segunda,1970-01-01 13:00:00.000,Tarde,Ativo,1
1380,A. F. F. D. ,NEUROLOGIA (AMBULATÓRIO),CONSULTA REGULADA,NEUROLOGIA,Ativo,Segunda,1970-01-01 15:30:00.000,Tarde,Ativo,3
1380,A. F. F. D. ,NEUROLOGIA (AMBULATÓRIO),RETORNO,NEUROLOGIA,Ativo,Segunda,1970-01-01 13:00:00.000,Tarde,Ativo,6
1382,A. F. F. D. ,NEUROLOGIA (AMBULATÓRIO),CONSULTA REGULADA,NEUROLOGIA,Ativo,Sexta,1970-01-01 15:30:00.000,Tarde,Ativo,2
1382,A. F. F. D. ,NEUROLOGIA (AMBULATÓRIO),RETORNO,NEUROLOGIA,Ativo,Sexta,1970-01-01 13:00:00.000,Tarde,Ativo,6
1382,A. F. F. D. ,NEUROLOGIA (AMBULATÓRIO),INTERCONSULTA,NEUROLOGIA,Ativo,Sexta,1970-01-01 13:00:00.000,Tarde,Ativo,2
1384,G. L. D. C. ,ORTOPEDIA (AMBULATÓRIO),RETORNO,ORTOPEDIA - JOELHO,Inativo,Quarta,1970-01-01 07:00:00.000,Manhã,Inativo,12
1384,G. L. D. C. ,ORTOPEDIA (AMBULATÓRIO),INTERCONSULTA,ORTOPEDIA - JOELHO,Inativo,Quarta,1970-01-01 07:00:00.000,Manhã,Inativo,2
1384,G. L. D. C. ,ORTOPEDIA (AMBULATÓRIO),CONSULTA REGULADA,ORTOPEDIA - JOELHO,Inativo,Quarta,1970-01-01 10:00:00.000,Manhã,Inativo,2
1386,J. G. D. A. S. ,DERMATOLOGIA (AMBULATÓRIO),,DERMATOLOGIA - LESÕES PIGMENTARES,Inativo,,,,,
1388,R. C. D. S. ,DERMATOLOGIA (AMBULATÓRIO),RETORNO,DERMATOLOGIA - HIDRADENITE,Inativo,Terça,1970-01-01 07:00:00.000,Manhã,Ativo,2
1388,R. C. D. S. ,DERMATOLOGIA (AMBULATÓRIO),RETORNO,DERMATOLOGIA - HIDRADENITE,Inativo,Quinta,1970-01-01 07:00:00.000,Manhã,Ativo,6
1390,C. C. E. S. ,PEDIATRIA (AMBULATÓRIO),,PEDIATRIA,Inativo,,,,,
1392,M. M. P. G. ,PEDIATRIA (AMBULATÓRIO),RETORNO,PEDIATRIA,Ativo,Segunda,1970-01-01 07:00:00.000,Manhã,Ativo,4
1392,M. M. P. G. ,PEDIATRIA (AMBULATÓRIO),RETORNO,PEDIATRIA,Ativo,Quinta,1970-01-01 07:00:00.000,Manhã,Ativo,4
1392,M. M. P. G. ,PEDIATRIA (AMBULATÓRIO),RETORNO,PEDIATRIA,Ativo,Sexta,1970-01-01 07:00:00.000,Manhã,Ativo,4
1394,C. C. E. S. ,PUERICULTURA (AMBULATÓRIO),,PUERICULTURA - ALTO RISCO,Inativo,,,,,
1397,T. R. D. M. E. L. ,PUERICULTURA (AMBULATÓRIO),RETORNO,PUERICULTURA - ALTO RISCO,Inativo,Quinta,1970-01-01 07:00:00.000,Manhã,Ativo,4
1398,S. M. R. C. ,PUERICULTURA (AMBULATÓRIO),RETORNO,PUERICULTURA - EGRESSO,Inativo,Sexta,1970-01-01 07:00:00.000,Manhã,Inativo,5
1400,M. M. P. G. ,PUERICULTURA (AMBULATÓRIO),RETORNO,PUERICULTURA - EGRESSO,Inativo,Segunda,1970-01-01 13:00:00.000,Tarde,Inativo,3
1402,S. D. O. B. V. V. ,PUERICULTURA (AMBULATÓRIO),RETORNO,PUERICULTURA - ALTO RISCO,Inativo,Segunda,1970-01-01 07:00:00.000,Manhã,Inativo,2
1404,A. A. R. D. C. ,GINECOLOGIA (AMBULATÓRIO),RETORNO,GINECOLOGIA - TRIAGEM,Inativo,Quinta,1970-01-01 13:00:00.000,Tarde,Inativo,4
1406,A. R. ,REUMATOLOGIA (AMBULATÓRIO),RETORNO,REUMATOLOGIA - INFUSAO,Ativo,Quinta,1970-01-01 07:00:00.000,Manhã,Ativo,15
1408,A. T. D. ,REUMATOLOGIA (AMBULATÓRIO),,REUMATOLOGIA - INFUSAO,Inativo,,,,,
1410,J. A. F. ,NUTRIÇÃO,RETORNO,NUTRICAO - ENDOCRINOLOGIA,Inativo,Quarta,1970-01-01 13:00:00.000,Tarde,Inativo,4
1410,J. A. F. ,NUTRIÇÃO,INTERCONSULTA,NUTRICAO - ENDOCRINOLOGIA,Inativo,Quarta,1970-01-01 13:00:00.000,Tarde,Inativo,2
1412,E. P. S. ,PUERICULTURA (AMBULATÓRIO),RETORNO,PUERICULTURA - ALTO RISCO,Inativo,Terça,1970-01-01 07:00:00.000,Manhã,Inativo,4
1414,E. P. S. ,PUERICULTURA (AMBULATÓRIO),RETORNO,PUERICULTURA - ADOLESCENTE,Ativo,Terça,1970-01-01 13:00:00.000,Tarde,Ativo,6
1416,C. N. D. O. B. ,GINECOLOGIA (AMBULATÓRIO),RETORNO,GINECOLOGIA - MARCACAO CIRURGICA,Inativo,Segunda,1970-01-01 13:00:00.000,Tarde,Inativo,12
1418,T. D. P. B. J. ,UROLOGIA (AMBULATÓRIO),INTERCONSULTA,UROLOGIA ONCO,Inativo,Segunda,1970-01-01 07:00:00.000,Manhã,Inativo,2
1418,T. D. P. B. J. ,UROLOGIA (AMBULATÓRIO),RETORNO,UROLOGIA ONCO,Inativo,Segunda,1970-01-01 07:00:00.000,Manhã,Inativo,20
1420,T. D. P. B. J. ,UROLOGIA (AMBULATÓRIO),RETORNO,UROLOGIA HORMONIOTERAPIA,Ativo,Segunda,1970-01-01 07:00:00.000,Manhã,Ativo,20
1422,R. S. G. G. ,REUMATOLOGIA (AMBULATÓRIO),RETORNO,REUMATOLOGIA - ARTRITE PSORIASICA,Ativo,Segunda,1970-01-01 07:00:00.000,Manhã,Ativo,12
1424,M. I. L. G. ,OFTALMOLOGIA (AMBULATÓRIO),EXAME,OFTALMOLOGIA - RETINOGRAFIA COM CONTRASTE,Inativo,Quinta,1970-01-01 13:00:00.000,Tarde,Ativo,5
1426,T. M. M. P. ,GINECOLOGIA (AMBULATÓRIO),RETORNO,GINECOLOGIA - TGI (CIR. DE ALTA FREQUÊNCIA),Inativo,Quarta,1970-01-01 07:00:00.000,Manhã,Ativo,8
1430,A. A. R. ,ORTOPEDIA (AMBULATÓRIO),RETORNO,ORTOPEDIA - JOELHO,Ativo,Segunda,1970-01-01 07:30:00.000,Manhã,Ativo,5
1432,R. C. D. B. ,OBSTETRÍCIA (AMBULATÓRIO),,ENFERMAGEM - OBSTETRICIA - CURVA GLICEMICA,Inativo,,,,,
1434,L. M. D. C. ,GINECOLOGIA (AMBULATÓRIO),RETORNO,GINECOLOGIA - BIOPSIA DE ENDOMETRIO,Inativo,Terça,1970-01-01 07:00:00.000,Manhã,Inativo,5
1436,J. T. D. D. S. ,CIRURGIA GERAL (AMBULATÓRIO),RETORNO,CIRURGIA GERAL,Inativo,Quinta,1970-01-01 13:00:00.000,Tarde,Inativo,7
1436,J. T. D. D. S. ,CIRURGIA GERAL (AMBULATÓRIO),INTERCONSULTA,CIRURGIA GERAL,Inativo,Quinta,1970-01-01 13:00:00.000,Tarde,Inativo,2
1436,J. T. D. D. S. ,CIRURGIA GERAL (AMBULATÓRIO),CONSULTA REGULADA,CIRURGIA GERAL,Inativo,Quinta,1970-01-01 15:30:00.000,Tarde,Inativo,1
1438,C. M. R. F. ,NEUROLOGIA (AMBULATÓRIO),CONSULTA REGULADA,NEUROLOGIA - TOXINA BOTULINICA,Ativo,Quinta,1970-01-01 10:00:00.000,Manhã,Ativo,5
1438,C. M. R. F. ,NEUROLOGIA (AMBULATÓRIO),RETORNO,NEUROLOGIA - TOXINA BOTULINICA,Ativo,Quinta,1970-01-01 07:00:00.000,Manhã,Ativo,10
1440,M. M. D. F. ,CLÍNICA MÉDICA (AMBULATÓRIO),RETORNO,CLINICA MEDICA,Inativo,Terça,1970-01-01 07:30:00.000,Manhã,Ativo,
1440,M. M. D. F. ,CLÍNICA MÉDICA (AMBULATÓRIO),INTERCONSULTA,CLINICA MEDICA,Inativo,Terça,1970-01-01 08:30:00.000,Manhã,Ativo,
1442,C. C. L. ,CIRURGIA BARIATRICA,RETORNO,NUTRIÇÃO - PRÉ BARIÁTRICA,Inativo,Terça,1970-01-01 07:00:00.000,Manhã,Inativo,4
1442,C. C. L. ,CIRURGIA BARIATRICA,INTERCONSULTA,NUTRIÇÃO - PRÉ BARIÁTRICA,Inativo,Terça,1970-01-01 07:00:00.000,Manhã,Inativo,2
1444,P. R. T. D. S. ,REUMATOLOGIA (AMBULATÓRIO),,REUMATOLOGIA - INFUSAO,Inativo,,,,,
1446,E. C. C. ,FONOAUDIOLOGIA,INTERCONSULTA,FONOAUDIOLOGIA - TRIAGEM,Ativo,Quarta,1970-01-01 07:00:00.000,Manhã,Ativo,6
1448,C. C. E. S. ,PEDIATRIA (AMBULATÓRIO),INTERCONSULTA,PEDIATRIA - GASTRO,Inativo,Sexta,1970-01-01 07:00:00.000,Manhã,Inativo,4
1448,C. C. E. S. ,PEDIATRIA (AMBULATÓRIO),RETORNO,PEDIATRIA - GASTRO,Inativo,Sexta,1970-01-01 07:00:00.000,Manhã,Inativo,2
1448,C. C. E. S. ,PEDIATRIA (AMBULATÓRIO),CONSULTA REGULADA,PEDIATRIA - GASTRO,Inativo,Sexta,1970-01-01 10:00:00.000,Manhã,Inativo,2
1450,P. R. T. D. S. ,REUMATOLOGIA (AMBULATÓRIO),RETORNO,REUMATOLOGIA - OSTEOARTRITE,Inativo,Segunda,1970-01-01 13:00:00.000,Tarde,Inativo,20
1452,P. R. T. D. S. ,REUMATOLOGIA (AMBULATÓRIO),RETORNO,REUMATOLOGIA - CHIKUNGUNYA,Ativo,Quinta,1970-01-01 13:00:00.000,Tarde,Ativo,4
1454,A. A. D. S. S. ,ORTOPEDIA (AMBULATÓRIO),RETORNO,ORTOPEDIA - JOELHO,Ativo,Quinta,1970-01-01 13:00:00.000,Tarde,Ativo,2
1455,A. A. D. S. S. ,ORTOPEDIA (AMBULATÓRIO),CONSULTA REGULADA,ORTOPEDIA - JOELHO (TRIAGEM),Inativo,Quarta,1970-01-01 10:00:00.000,Manhã,Inativo,2
1456,P. R. T. D. S. ,REUMATOLOGIA (AMBULATÓRIO),RETORNO,REUMATOLOGIA - SINDROME DE SJOGREN,Ativo,Quinta,1970-01-01 07:00:00.000,Manhã,Ativo,5
1458,A. A. R. ,ORTOPEDIA (AMBULATÓRIO),CONSULTA REGULADA,ORTOPEDIA - JOELHO (TRIAGEM),Inativo,Segunda,1970-01-01 07:00:00.000,Manhã,Ativo,2
1458,A. A. R. ,ORTOPEDIA (AMBULATÓRIO),INTERCONSULTA,ORTOPEDIA - JOELHO (TRIAGEM),Inativo,Segunda,1970-01-01 07:00:00.000,Manhã,Ativo,2
1460,P. R. T. D. S. ,REUMATOLOGIA (AMBULATÓRIO),RETORNO,REUMATOLOGIA - ARTRITE REUMATOIDE,Ativo,Terça,1970-01-01 07:00:00.000,Manhã,Ativo,7
1460,P. R. T. D. S. ,REUMATOLOGIA (AMBULATÓRIO),RETORNO,REUMATOLOGIA - ARTRITE REUMATOIDE,Ativo,Quarta,1970-01-01 13:00:00.000,Tarde,Ativo,5
1462,M. B. V. D. A. ,ORTOPEDIA (AMBULATÓRIO),RETORNO,ORTOPEDIA - QUADRIL,Ativo,Quarta,1970-01-01 07:00:00.000,Manhã,Ativo,7
1464,M. B. V. D. A. ,ORTOPEDIA (AMBULATÓRIO),CONSULTA REGULADA,ORTOPEDIA - QUADRIL  (TRIAGEM),Ativo,Quarta,1970-01-01 10:00:00.000,Manhã,Ativo,2
1466,,ORTOPEDIA (AMBULATÓRIO),RETORNO,ORTOPEDIA - JOELHO,Inativo,Quarta,1970-01-01 07:00:00.000,Manhã,Ativo,6
1468,P. C. V. C. D. A. ,ORTOPEDIA (AMBULATÓRIO),INTERCONSULTA,ORTOPEDIA - JOELHO (TRIAGEM),Inativo,Quarta,1970-01-01 07:00:00.000,Manhã,Inativo,3
1470,M. D. G. D. ,FONOAUDIOLOGIA,RETORNO,FONOAUDIOLOGIA - MOTRICIDADE ORAL,Ativo,Segunda,1970-01-01 07:00:00.000,Manhã,Ativo,6
1470,M. D. G. D. ,FONOAUDIOLOGIA,RETORNO,FONOAUDIOLOGIA - MOTRICIDADE ORAL,Ativo,Terça,1970-01-01 07:00:00.000,Manhã,Ativo,6
1470,M. D. G. D. ,FONOAUDIOLOGIA,RETORNO,FONOAUDIOLOGIA - MOTRICIDADE ORAL,Ativo,Quarta,1970-01-01 07:00:00.000,Manhã,Ativo,6
1472,M. D. G. D. ,FONOAUDIOLOGIA,RETORNO,FONOAUDIOLOGIA - CIRURGIA BARIÁTRICA,Ativo,Quinta,1970-01-01 07:00:00.000,Manhã,Ativo,2
1472,M. D. G. D. ,FONOAUDIOLOGIA,INTERCONSULTA,FONOAUDIOLOGIA - CIRURGIA BARIÁTRICA,Ativo,Quinta,1970-01-01 07:00:00.000,Manhã,Ativo,4
1472,M. D. G. D. ,FONOAUDIOLOGIA,INTERCONSULTA,FONOAUDIOLOGIA - CIRURGIA BARIÁTRICA,Ativo,Sexta,1970-01-01 07:00:00.000,Manhã,Ativo,4
1474,D. M. D. S. O. ,FONOAUDIOLOGIA,RETORNO,FONOAUDIOLOGIA - GASTROPEDIATRIA,Inativo,Segunda,1970-01-01 07:00:00.000,Manhã,Ativo,6
1474,D. M. D. S. O. ,FONOAUDIOLOGIA,RETORNO,FONOAUDIOLOGIA - GASTROPEDIATRIA,Inativo,Terça,1970-01-01 07:00:00.000,Manhã,Ativo,6
1476,P. C. R. ,PUERICULTURA (AMBULATÓRIO),RETORNO,FONOAUDIOLOGIA - PUERICULTURA,Inativo,Quinta,1970-01-01 13:00:00.000,Tarde,Inativo,6
1478,K. P. N. D. S. ,FONOAUDIOLOGIA,RETORNO,FONOAUDIOLOGIA - NEUROLOGIA - ONCOLOGIA,Inativo,Segunda,1970-01-01 13:00:00.000,Tarde,Ativo,6
1478,K. P. N. D. S. ,FONOAUDIOLOGIA,RETORNO,FONOAUDIOLOGIA - NEUROLOGIA - ONCOLOGIA,Inativo,Quarta,1970-01-01 07:00:00.000,Manhã,Ativo,6
1478,K. P. N. D. S. ,FONOAUDIOLOGIA,RETORNO,FONOAUDIOLOGIA - NEUROLOGIA - ONCOLOGIA,Inativo,Quinta,1970-01-01 07:00:00.000,Manhã,Ativo,6
1478,K. P. N. D. S. ,FONOAUDIOLOGIA,RETORNO,FONOAUDIOLOGIA - NEUROLOGIA - ONCOLOGIA,Inativo,Sexta,1970-01-01 07:00:00.000,Manhã,Ativo,6
1480,D. D. V. ,FONOAUDIOLOGIA,RETORNO,FONOAUDIOLOGIA - VOZ - NPCI,Inativo,Segunda,1970-01-01 07:00:00.000,Manhã,Inativo,6
1480,D. D. V. ,FONOAUDIOLOGIA,RETORNO,FONOAUDIOLOGIA - VOZ - NPCI,Inativo,Segunda,1970-01-01 13:00:00.000,Tarde,Inativo,6
1482,K. P. N. D. S. ,FONOAUDIOLOGIA,RETORNO,FONOAUDIOLOGIA - DISFAGIA - NPCI,Inativo,Segunda,1970-01-01 07:00:00.000,Manhã,Ativo,6
1484,A. D. S. M. J. ,GINECOLOGIA (AMBULATÓRIO),RETORNO,GINECOLOGIA - PLANEJAMENTO FAMILIAR,Ativo,Terça,1970-01-01 07:00:00.000,Manhã,Ativo,12
1486,A. D. S. M. J. ,GINECOLOGIA (AMBULATÓRIO),RETORNO,GINECOLOGIA - TRIAGEM,Inativo,Quarta,1970-01-01 07:00:00.000,Manhã,Ativo,4
1486,A. D. S. M. J. ,GINECOLOGIA (AMBULATÓRIO),INTERCONSULTA,GINECOLOGIA - TRIAGEM,Inativo,Quarta,1970-01-01 07:00:00.000,Manhã,Ativo,2
1488,H. M. D. A. M. ,GERIATRIA (AMBULATORIO),INTERCONSULTA,GERIATRIA - TRIAGEM,Inativo,Quinta,1970-01-01 09:30:00.000,Manhã,Ativo,4
1490,A. P. C. D. A. B. F. L. ,OTORRINOLARINGOLOGIA (AMBULATÓRIO),RETORNO,OTORRINOLARINGOLOGIA - POS-OPERATORIO,Ativo,Quarta,1970-01-01 07:00:00.000,Manhã,Ativo,15
1492,R. D. M. V. ,CARDIOLOGIA (AMBULATÓRIO),RETORNO,ENFERMAGEM - NAVEGACAO - CARDIOLOGIA,Inativo,Segunda,1970-01-01 07:00:00.000,Manhã,Ativo,5
1492,R. D. M. V. ,CARDIOLOGIA (AMBULATÓRIO),INTERCONSULTA,ENFERMAGEM - NAVEGACAO - CARDIOLOGIA,Inativo,Segunda,1970-01-01 07:00:00.000,Manhã,Ativo,2
1494,V. L. D. M. P. ,CARDIOLOGIA (AMBULATÓRIO),RETORNO,ENFERMAGEM - NAVEGACAO - CARDIOLOGIA,Inativo,Segunda,1970-01-01 07:00:00.000,Manhã,Ativo,5
1494,V. L. D. M. P. ,CARDIOLOGIA (AMBULATÓRIO),INTERCONSULTA,ENFERMAGEM - NAVEGACAO - CARDIOLOGIA,Inativo,Segunda,1970-01-01 07:00:00.000,Manhã,Ativo,2
1496,S. M. D. S. S. ,INFECTOLOGIA (AMBULATÓRIO),RETORNO,DIP - PPD,Ativo,Segunda,1970-01-01 07:00:00.000,Manhã,Ativo,16
1496,S. M. D. S. S. ,INFECTOLOGIA (AMBULATÓRIO),PRIMEIRA CONSULTA,DIP - PPD,Ativo,Segunda,1970-01-01 07:00:00.000,Manhã,Ativo,2
1496,S. M. D. S. S. ,INFECTOLOGIA (AMBULATÓRIO),INTERCONSULTA,DIP - PPD,Ativo,Segunda,1970-01-01 07:00:00.000,Manhã,Ativo,2
1496,S. M. D. S. S. ,INFECTOLOGIA (AMBULATÓRIO),PRIMEIRA CONSULTA,DIP - PPD,Ativo,Terça,1970-01-01 07:00:00.000,Manhã,Ativo,2
1496,S. M. D. S. S. ,INFECTOLOGIA (AMBULATÓRIO),INTERCONSULTA,DIP - PPD,Ativo,Terça,1970-01-01 07:00:00.000,Manhã,Ativo,2
1496,S. M. D. S. S. ,INFECTOLOGIA (AMBULATÓRIO),RETORNO,DIP - PPD,Ativo,Terça,1970-01-01 07:00:00.000,Manhã,Ativo,16
1496,S. M. D. S. S. ,INFECTOLOGIA (AMBULATÓRIO),RETORNO,DIP - PPD,Ativo,Quarta,1970-01-01 07:00:00.000,Manhã,Ativo,16
1496,S. M. D. S. S. ,INFECTOLOGIA (AMBULATÓRIO),PRIMEIRA CONSULTA,DIP - PPD,Ativo,Quarta,1970-01-01 07:00:00.000,Manhã,Ativo,2
1496,S. M. D. S. S. ,INFECTOLOGIA (AMBULATÓRIO),INTERCONSULTA,DIP - PPD,Ativo,Quarta,1970-01-01 07:00:00.000,Manhã,Ativo,2
1496,S. M. D. S. S. ,INFECTOLOGIA (AMBULATÓRIO),RETORNO,DIP - PPD,Ativo,Quinta,1970-01-01 07:00:00.000,Manhã,Ativo,16
1496,S. M. D. S. S. ,INFECTOLOGIA (AMBULATÓRIO),PRIMEIRA CONSULTA,DIP - PPD,Ativo,Quinta,1970-01-01 07:00:00.000,Manhã,Ativo,2
1496,S. M. D. S. S. ,INFECTOLOGIA (AMBULATÓRIO),INTERCONSULTA,DIP - PPD,Ativo,Quinta,1970-01-01 07:00:00.000,Manhã,Ativo,2
1496,S. M. D. S. S. ,INFECTOLOGIA (AMBULATÓRIO),RETORNO,DIP - PPD,Ativo,Sexta,1970-01-01 07:00:00.000,Manhã,Ativo,16
1496,S. M. D. S. S. ,INFECTOLOGIA (AMBULATÓRIO),PRIMEIRA CONSULTA,DIP - PPD,Ativo,Sexta,1970-01-01 07:00:00.000,Manhã,Ativo,2
1496,S. M. D. S. S. ,INFECTOLOGIA (AMBULATÓRIO),INTERCONSULTA,DIP - PPD,Ativo,Sexta,1970-01-01 07:00:00.000,Manhã,Ativo,2
1498,A. P. D. A. L. ,ESPAÇO TRANS (AMBULATÓRIO),INTERCONSULTA,PSICOLOGIA - ESPAÇO TRANS,Inativo,Segunda,1970-01-01 13:00:00.000,Tarde,Inativo,3
1498,A. P. D. A. L. ,ESPAÇO TRANS (AMBULATÓRIO),RETORNO,PSICOLOGIA - ESPAÇO TRANS,Inativo,Segunda,1970-01-01 07:00:00.000,Manhã,Inativo,3
1498,A. P. D. A. L. ,ESPAÇO TRANS (AMBULATÓRIO),RETORNO,PSICOLOGIA - ESPAÇO TRANS,Inativo,Segunda,1970-01-01 13:00:00.000,Tarde,Inativo,3
1498,A. P. D. A. L. ,ESPAÇO TRANS (AMBULATÓRIO),INTERCONSULTA,PSICOLOGIA - ESPAÇO TRANS,Inativo,Segunda,1970-01-01 07:00:00.000,Manhã,Inativo,3
1498,A. P. D. A. L. ,ESPAÇO TRANS (AMBULATÓRIO),RETORNO,PSICOLOGIA - ESPAÇO TRANS,Inativo,Terça,1970-01-01 13:00:00.000,Tarde,Inativo,3
1498,A. P. D. A. L. ,ESPAÇO TRANS (AMBULATÓRIO),INTERCONSULTA,PSICOLOGIA - ESPAÇO TRANS,Inativo,Terça,1970-01-01 13:00:00.000,Tarde,Inativo,3
1498,A. P. D. A. L. ,ESPAÇO TRANS (AMBULATÓRIO),RETORNO,PSICOLOGIA - ESPAÇO TRANS,Inativo,Terça,1970-01-01 07:00:00.000,Manhã,Inativo,3
1498,A. P. D. A. L. ,ESPAÇO TRANS (AMBULATÓRIO),INTERCONSULTA,PSICOLOGIA - ESPAÇO TRANS,Inativo,Terça,1970-01-01 07:00:00.000,Manhã,Inativo,3
1498,A. P. D. A. L. ,ESPAÇO TRANS (AMBULATÓRIO),INTERCONSULTA,PSICOLOGIA - ESPAÇO TRANS,Inativo,Quarta,1970-01-01 13:00:00.000,Tarde,Inativo,3
1498,A. P. D. A. L. ,ESPAÇO TRANS (AMBULATÓRIO),INTERCONSULTA,PSICOLOGIA - ESPAÇO TRANS,Inativo,Quarta,1970-01-01 07:00:00.000,Manhã,Inativo,3
1498,A. P. D. A. L. ,ESPAÇO TRANS (AMBULATÓRIO),RETORNO,PSICOLOGIA - ESPAÇO TRANS,Inativo,Quarta,1970-01-01 13:00:00.000,Tarde,Inativo,3
1498,A. P. D. A. L. ,ESPAÇO TRANS (AMBULATÓRIO),RETORNO,PSICOLOGIA - ESPAÇO TRANS,Inativo,Quarta,1970-01-01 07:00:00.000,Manhã,Inativo,3
1498,A. P. D. A. L. ,ESPAÇO TRANS (AMBULATÓRIO),RETORNO,PSICOLOGIA - ESPAÇO TRANS,Inativo,Quinta,1970-01-01 13:00:00.000,Tarde,Inativo,3
1498,A. P. D. A. L. ,ESPAÇO TRANS (AMBULATÓRIO),RETORNO,PSICOLOGIA - ESPAÇO TRANS,Inativo,Quinta,1970-01-01 07:00:00.000,Manhã,Inativo,3
1498,A. P. D. A. L. ,ESPAÇO TRANS (AMBULATÓRIO),INTERCONSULTA,PSICOLOGIA - ESPAÇO TRANS,Inativo,Quinta,1970-01-01 13:00:00.000,Tarde,Inativo,3
1498,A. P. D. A. L. ,ESPAÇO TRANS (AMBULATÓRIO),INTERCONSULTA,PSICOLOGIA - ESPAÇO TRANS,Inativo,Quinta,1970-01-01 07:00:00.000,Manhã,Inativo,3
1498,A. P. D. A. L. ,ESPAÇO TRANS (AMBULATÓRIO),INTERCONSULTA,PSICOLOGIA - ESPAÇO TRANS,Inativo,Sexta,1970-01-01 13:00:00.000,Tarde,Inativo,3
1498,A. P. D. A. L. ,ESPAÇO TRANS (AMBULATÓRIO),RETORNO,PSICOLOGIA - ESPAÇO TRANS,Inativo,Sexta,1970-01-01 13:00:00.000,Tarde,Inativo,3
1498,A. P. D. A. L. ,ESPAÇO TRANS (AMBULATÓRIO),INTERCONSULTA,PSICOLOGIA - ESPAÇO TRANS,Inativo,Sexta,1970-01-01 07:00:00.000,Manhã,Inativo,3
1498,A. P. D. A. L. ,ESPAÇO TRANS (AMBULATÓRIO),RETORNO,PSICOLOGIA - ESPAÇO TRANS,Inativo,Sexta,1970-01-01 07:00:00.000,Manhã,Inativo,3
1500,B. R. D. F. ,REUMATOLOGIA (AMBULATÓRIO),RETORNO,REUMATOLOGIA,Inativo,Quarta,1970-01-01 07:00:00.000,Manhã,Inativo,6
1500,B. R. D. F. ,REUMATOLOGIA (AMBULATÓRIO),CONSULTA REGULADA,REUMATOLOGIA,Inativo,Quarta,1970-01-01 10:00:00.000,Manhã,Inativo,2
1500,B. R. D. F. ,REUMATOLOGIA (AMBULATÓRIO),INTERCONSULTA,REUMATOLOGIA,Inativo,Quarta,1970-01-01 07:00:00.000,Manhã,Inativo,2
1500,B. R. D. F. ,REUMATOLOGIA (AMBULATÓRIO),RETORNO,REUMATOLOGIA,Inativo,Sexta,1970-01-01 07:00:00.000,Manhã,Inativo,6
1500,B. R. D. F. ,REUMATOLOGIA (AMBULATÓRIO),INTERCONSULTA,REUMATOLOGIA,Inativo,Sexta,1970-01-01 07:00:00.000,Manhã,Inativo,2
1500,B. R. D. F. ,REUMATOLOGIA (AMBULATÓRIO),CONSULTA REGULADA,REUMATOLOGIA,Inativo,Sexta,1970-01-01 10:00:00.000,Manhã,Inativo,2
1502,B. R. D. F. ,REUMATOLOGIA (AMBULATÓRIO),RETORNO,REUMATOLOGIA - LUPUS,Ativo,Quinta,1970-01-01 13:00:00.000,Tarde,Ativo,15
1504,L. G. D. C. S. ,TRANSPLANTE (AMBULATÓRIO),RETORNO,ENFERMAGEM - PRE-TRANSPLANTE,Ativo,Quarta,1970-01-01 07:00:00.000,Manhã,Ativo,5
1506,L. G. D. C. S. ,TRANSPLANTE (AMBULATÓRIO),,ENFERMAGEM - POS-TRANSPLANTE,Ativo,,,,,
1508,L. G. D. C. S. ,NEFROLOGIA (AMBULATÓRIO),RETORNO,NEFROLOGIA - ATIVIDADE EDUCATIVA EM GRUPO,Ativo,Segunda,1970-01-01 13:00:00.000,Tarde,Ativo,15
1508,L. G. D. C. S. ,NEFROLOGIA (AMBULATÓRIO),RETORNO,NEFROLOGIA - ATIVIDADE EDUCATIVA EM GRUPO,Ativo,Terça,1970-01-01 13:00:00.000,Tarde,Ativo,15
1508,L. G. D. C. S. ,NEFROLOGIA (AMBULATÓRIO),RETORNO,NEFROLOGIA - ATIVIDADE EDUCATIVA EM GRUPO,Ativo,Quinta,1970-01-01 13:00:00.000,Tarde,Ativo,15
1508,L. G. D. C. S. ,NEFROLOGIA (AMBULATÓRIO),RETORNO,NEFROLOGIA - ATIVIDADE EDUCATIVA EM GRUPO,Ativo,Sexta,1970-01-01 13:00:00.000,Tarde,Ativo,15
1510,L. G. D. C. S. ,NEFROLOGIA (AMBULATÓRIO),,ENFERMAGEM - NAVEGACAO - NEFROLOGIA,Ativo,,,,,
1511,A. D. B. ,REUMATOLOGIA (AMBULATÓRIO),RETORNO,REUMATOLOGIA - OSTEOPOROSE,Inativo,Sexta,1970-01-01 07:00:00.000,Manhã,Inativo,20
1512,G. P. D. S. ,INFECTOLOGIA (AMBULATÓRIO),INTERCONSULTA,DIP ENFERMAGEM,Ativo,Segunda,1970-01-01 07:00:00.000,Manhã,Ativo,5
1512,G. P. D. S. ,INFECTOLOGIA (AMBULATÓRIO),INTERCONSULTA,DIP ENFERMAGEM,Ativo,Segunda,1970-01-01 13:00:00.000,Tarde,Ativo,5
1512,G. P. D. S. ,INFECTOLOGIA (AMBULATÓRIO),RETORNO,DIP ENFERMAGEM,Ativo,Segunda,1970-01-01 07:00:00.000,Manhã,Ativo,10
1512,G. P. D. S. ,INFECTOLOGIA (AMBULATÓRIO),RETORNO,DIP ENFERMAGEM,Ativo,Segunda,1970-01-01 13:00:00.000,Tarde,Ativo,10
1512,G. P. D. S. ,INFECTOLOGIA (AMBULATÓRIO),INTERCONSULTA,DIP ENFERMAGEM,Ativo,Terça,1970-01-01 13:00:00.000,Tarde,Ativo,5
1512,G. P. D. S. ,INFECTOLOGIA (AMBULATÓRIO),INTERCONSULTA,DIP ENFERMAGEM,Ativo,Terça,1970-01-01 07:00:00.000,Manhã,Ativo,5
1512,G. P. D. S. ,INFECTOLOGIA (AMBULATÓRIO),RETORNO,DIP ENFERMAGEM,Ativo,Terça,1970-01-01 13:00:00.000,Tarde,Ativo,10
1512,G. P. D. S. ,INFECTOLOGIA (AMBULATÓRIO),RETORNO,DIP ENFERMAGEM,Ativo,Terça,1970-01-01 07:00:00.000,Manhã,Ativo,10
1512,G. P. D. S. ,INFECTOLOGIA (AMBULATÓRIO),INTERCONSULTA,DIP ENFERMAGEM,Ativo,Quarta,1970-01-01 07:00:00.000,Manhã,Ativo,5
1512,G. P. D. S. ,INFECTOLOGIA (AMBULATÓRIO),RETORNO,DIP ENFERMAGEM,Ativo,Quarta,1970-01-01 13:00:00.000,Tarde,Ativo,10
1512,G. P. D. S. ,INFECTOLOGIA (AMBULATÓRIO),RETORNO,DIP ENFERMAGEM,Ativo,Quarta,1970-01-01 07:00:00.000,Manhã,Ativo,10
1512,G. P. D. S. ,INFECTOLOGIA (AMBULATÓRIO),INTERCONSULTA,DIP ENFERMAGEM,Ativo,Quarta,1970-01-01 13:00:00.000,Tarde,Ativo,5
1512,G. P. D. S. ,INFECTOLOGIA (AMBULATÓRIO),INTERCONSULTA,DIP ENFERMAGEM,Ativo,Quinta,1970-01-01 07:00:00.000,Manhã,Ativo,5
1512,G. P. D. S. ,INFECTOLOGIA (AMBULATÓRIO),INTERCONSULTA,DIP ENFERMAGEM,Ativo,Quinta,1970-01-01 13:00:00.000,Tarde,Ativo,5
1512,G. P. D. S. ,INFECTOLOGIA (AMBULATÓRIO),RETORNO,DIP ENFERMAGEM,Ativo,Quinta,1970-01-01 13:00:00.000,Tarde,Ativo,10
1512,G. P. D. S. ,INFECTOLOGIA (AMBULATÓRIO),RETORNO,DIP ENFERMAGEM,Ativo,Quinta,1970-01-01 07:00:00.000,Manhã,Ativo,10
1512,G. P. D. S. ,INFECTOLOGIA (AMBULATÓRIO),INTERCONSULTA,DIP ENFERMAGEM,Ativo,Sexta,1970-01-01 07:00:00.000,Manhã,Ativo,5
1512,G. P. D. S. ,INFECTOLOGIA (AMBULATÓRIO),RETORNO,DIP ENFERMAGEM,Ativo,Sexta,1970-01-01 13:00:00.000,Tarde,Ativo,10
1512,G. P. D. S. ,INFECTOLOGIA (AMBULATÓRIO),RETORNO,DIP ENFERMAGEM,Ativo,Sexta,1970-01-01 07:00:00.000,Manhã,Ativo,10
1512,G. P. D. S. ,INFECTOLOGIA (AMBULATÓRIO),INTERCONSULTA,DIP ENFERMAGEM,Ativo,Sexta,1970-01-01 13:00:00.000,Tarde,Ativo,5
1514,G. P. D. S. ,INFECTOLOGIA (AMBULATÓRIO),RETORNO,ENFERMAGEM - NAVEGACAO - DIP,Inativo,Segunda,1970-01-01 07:00:00.000,Manhã,Inativo,10
1514,G. P. D. S. ,INFECTOLOGIA (AMBULATÓRIO),RETORNO,ENFERMAGEM - NAVEGACAO - DIP,Inativo,Terça,1970-01-01 07:00:00.000,Manhã,Inativo,10
1514,G. P. D. S. ,INFECTOLOGIA (AMBULATÓRIO),RETORNO,ENFERMAGEM - NAVEGACAO - DIP,Inativo,Quarta,1970-01-01 07:00:00.000,Manhã,Inativo,10
1514,G. P. D. S. ,INFECTOLOGIA (AMBULATÓRIO),RETORNO,ENFERMAGEM - NAVEGACAO - DIP,Inativo,Quinta,1970-01-01 07:00:00.000,Manhã,Inativo,10
1514,G. P. D. S. ,INFECTOLOGIA (AMBULATÓRIO),RETORNO,ENFERMAGEM - NAVEGACAO - DIP,Inativo,Sexta,1970-01-01 07:00:00.000,Manhã,Inativo,10
1516,S. M. D. S. S. ,INFECTOLOGIA (AMBULATÓRIO),INTERCONSULTA,DIP ENFERMAGEM,Ativo,Segunda,1970-01-01 07:00:00.000,Manhã,Ativo,5
1516,S. M. D. S. S. ,INFECTOLOGIA (AMBULATÓRIO),INTERCONSULTA,DIP ENFERMAGEM,Ativo,Segunda,1970-01-01 13:00:00.000,Tarde,Ativo,5
1516,S. M. D. S. S. ,INFECTOLOGIA (AMBULATÓRIO),RETORNO,DIP ENFERMAGEM,Ativo,Segunda,1970-01-01 07:00:00.000,Manhã,Ativo,10
1516,S. M. D. S. S. ,INFECTOLOGIA (AMBULATÓRIO),RETORNO,DIP ENFERMAGEM,Ativo,Segunda,1970-01-01 13:00:00.000,Tarde,Ativo,10
1516,S. M. D. S. S. ,INFECTOLOGIA (AMBULATÓRIO),INTERCONSULTA,DIP ENFERMAGEM,Ativo,Terça,1970-01-01 13:00:00.000,Tarde,Ativo,5
1516,S. M. D. S. S. ,INFECTOLOGIA (AMBULATÓRIO),RETORNO,DIP ENFERMAGEM,Ativo,Terça,1970-01-01 13:00:00.000,Tarde,Ativo,10
1516,S. M. D. S. S. ,INFECTOLOGIA (AMBULATÓRIO),RETORNO,DIP ENFERMAGEM,Ativo,Terça,1970-01-01 07:00:00.000,Manhã,Ativo,10
1516,S. M. D. S. S. ,INFECTOLOGIA (AMBULATÓRIO),INTERCONSULTA,DIP ENFERMAGEM,Ativo,Terça,1970-01-01 07:00:00.000,Manhã,Ativo,5
1516,S. M. D. S. S. ,INFECTOLOGIA (AMBULATÓRIO),INTERCONSULTA,DIP ENFERMAGEM,Ativo,Quarta,1970-01-01 13:00:00.000,Tarde,Ativo,5
1516,S. M. D. S. S. ,INFECTOLOGIA (AMBULATÓRIO),INTERCONSULTA,DIP ENFERMAGEM,Ativo,Quarta,1970-01-01 07:00:00.000,Manhã,Ativo,5
1516,S. M. D. S. S. ,INFECTOLOGIA (AMBULATÓRIO),RETORNO,DIP ENFERMAGEM,Ativo,Quarta,1970-01-01 07:00:00.000,Manhã,Ativo,10
1516,S. M. D. S. S. ,INFECTOLOGIA (AMBULATÓRIO),RETORNO,DIP ENFERMAGEM,Ativo,Quarta,1970-01-01 13:00:00.000,Tarde,Ativo,10
1516,S. M. D. S. S. ,INFECTOLOGIA (AMBULATÓRIO),RETORNO,DIP ENFERMAGEM,Ativo,Quinta,1970-01-01 07:00:00.000,Manhã,Ativo,10
1516,S. M. D. S. S. ,INFECTOLOGIA (AMBULATÓRIO),INTERCONSULTA,DIP ENFERMAGEM,Ativo,Quinta,1970-01-01 07:00:00.000,Manhã,Ativo,5
1516,S. M. D. S. S. ,INFECTOLOGIA (AMBULATÓRIO),INTERCONSULTA,DIP ENFERMAGEM,Ativo,Quinta,1970-01-01 13:00:00.000,Tarde,Ativo,5
1516,S. M. D. S. S. ,INFECTOLOGIA (AMBULATÓRIO),RETORNO,DIP ENFERMAGEM,Ativo,Quinta,1970-01-01 13:00:00.000,Tarde,Ativo,10
1516,S. M. D. S. S. ,INFECTOLOGIA (AMBULATÓRIO),INTERCONSULTA,DIP ENFERMAGEM,Ativo,Sexta,1970-01-01 07:00:00.000,Manhã,Ativo,5
1516,S. M. D. S. S. ,INFECTOLOGIA (AMBULATÓRIO),RETORNO,DIP ENFERMAGEM,Ativo,Sexta,1970-01-01 07:00:00.000,Manhã,Ativo,10
1516,S. M. D. S. S. ,INFECTOLOGIA (AMBULATÓRIO),INTERCONSULTA,DIP ENFERMAGEM,Ativo,Sexta,1970-01-01 13:00:00.000,Tarde,Ativo,5
1516,S. M. D. S. S. ,INFECTOLOGIA (AMBULATÓRIO),RETORNO,DIP ENFERMAGEM,Ativo,Sexta,1970-01-01 13:00:00.000,Tarde,Ativo,10
1517,S. M. D. S. S. ,INFECTOLOGIA (AMBULATÓRIO),RETORNO,ENFERMAGEM - NAVEGACAO - DIP,Inativo,Segunda,1970-01-01 07:00:00.000,Manhã,Ativo,10
1517,S. M. D. S. S. ,INFECTOLOGIA (AMBULATÓRIO),RETORNO,ENFERMAGEM - NAVEGACAO - DIP,Inativo,Terça,1970-01-01 07:00:00.000,Manhã,Ativo,10
1517,S. M. D. S. S. ,INFECTOLOGIA (AMBULATÓRIO),RETORNO,ENFERMAGEM - NAVEGACAO - DIP,Inativo,Quarta,1970-01-01 07:00:00.000,Manhã,Ativo,10
1517,S. M. D. S. S. ,INFECTOLOGIA (AMBULATÓRIO),RETORNO,ENFERMAGEM - NAVEGACAO - DIP,Inativo,Quinta,1970-01-01 07:00:00.000,Manhã,Ativo,10
1517,S. M. D. S. S. ,INFECTOLOGIA (AMBULATÓRIO),RETORNO,ENFERMAGEM - NAVEGACAO - DIP,Inativo,Sexta,1970-01-01 07:00:00.000,Manhã,Ativo,10
1518,A. G. A. D. S. ,FONOAUDIOLOGIA,RETORNO,FONOAUDIOLOGIA - AUDIOMETRIA (5 ANOS OU MAIS),Inativo,Quarta,1970-01-01 13:00:00.000,Tarde,Ativo,2
1518,A. G. A. D. S. ,FONOAUDIOLOGIA,EXAME,FONOAUDIOLOGIA - AUDIOMETRIA (5 ANOS OU MAIS),Inativo,Quarta,1970-01-01 13:00:00.000,Tarde,Ativo,6
1520,E. D. R. M. ,FONOAUDIOLOGIA,RETORNO,FONOAUDIOLOGIA - AUDIOMETRIA (5 ANOS OU MAIS),Inativo,Terça,1970-01-01 13:00:00.000,Tarde,Ativo,2
1520,E. D. R. M. ,FONOAUDIOLOGIA,EXAME,FONOAUDIOLOGIA - AUDIOMETRIA (5 ANOS OU MAIS),Inativo,Terça,1970-01-01 13:00:00.000,Tarde,Ativo,6
1526,E. V. F. ,ENFERMAGEM,INTERCONSULTA,ENFERMAGEM - PRÉ OPERATÓRIO,Inativo,Segunda,1970-01-01 07:00:00.000,Manhã,Ativo,5
1526,E. V. F. ,ENFERMAGEM,INTERCONSULTA,ENFERMAGEM - PRÉ OPERATÓRIO,Inativo,Terça,1970-01-01 07:00:00.000,Manhã,Ativo,5
1526,E. V. F. ,ENFERMAGEM,INTERCONSULTA,ENFERMAGEM - PRÉ OPERATÓRIO,Inativo,Quarta,1970-01-01 07:00:00.000,Manhã,Ativo,5
1526,E. V. F. ,ENFERMAGEM,INTERCONSULTA,ENFERMAGEM - PRÉ OPERATÓRIO,Inativo,Quinta,1970-01-01 07:00:00.000,Manhã,Ativo,5
1526,E. V. F. ,ENFERMAGEM,INTERCONSULTA,ENFERMAGEM - PRÉ OPERATÓRIO,Inativo,Sexta,1970-01-01 07:00:00.000,Manhã,Ativo,5
1528,A. A. V. S. ,ENFERMAGEM,RETORNO,ENFERMAGEM - ALERGIA,Inativo,Segunda,1970-01-01 07:00:00.000,Manhã,Ativo,5
1528,A. A. V. S. ,ENFERMAGEM,RETORNO,ENFERMAGEM - ALERGIA,Inativo,Segunda,1970-01-01 13:00:00.000,Tarde,Ativo,5
1528,A. A. V. S. ,ENFERMAGEM,RETORNO,ENFERMAGEM - ALERGIA,Inativo,Terça,1970-01-01 07:00:00.000,Manhã,Ativo,5
1528,A. A. V. S. ,ENFERMAGEM,RETORNO,ENFERMAGEM - ALERGIA,Inativo,Terça,1970-01-01 13:00:00.000,Tarde,Ativo,5
1528,A. A. V. S. ,ENFERMAGEM,RETORNO,ENFERMAGEM - ALERGIA,Inativo,Quarta,1970-01-01 13:00:00.000,Tarde,Ativo,5
1528,A. A. V. S. ,ENFERMAGEM,RETORNO,ENFERMAGEM - ALERGIA,Inativo,Quarta,1970-01-01 07:00:00.000,Manhã,Ativo,5
1528,A. A. V. S. ,ENFERMAGEM,RETORNO,ENFERMAGEM - ALERGIA,Inativo,Quinta,1970-01-01 07:00:00.000,Manhã,Ativo,5
1528,A. A. V. S. ,ENFERMAGEM,RETORNO,ENFERMAGEM - ALERGIA,Inativo,Quinta,1970-01-01 13:00:00.000,Tarde,Ativo,5
1528,A. A. V. S. ,ENFERMAGEM,RETORNO,ENFERMAGEM - ALERGIA,Inativo,Sexta,1970-01-01 07:00:00.000,Manhã,Ativo,5
1528,A. A. V. S. ,ENFERMAGEM,RETORNO,ENFERMAGEM - ALERGIA,Inativo,Sexta,1970-01-01 13:00:00.000,Tarde,Ativo,5
1530,A. A. V. S. ,PEDIATRIA (AMBULATÓRIO),RETORNO,ENFERMAGEM - PEDIATRIA ENDOCRINO,Ativo,Segunda,1970-01-01 13:00:00.000,Tarde,Ativo,5
1530,A. A. V. S. ,PEDIATRIA (AMBULATÓRIO),RETORNO,ENFERMAGEM - PEDIATRIA ENDOCRINO,Ativo,Segunda,1970-01-01 07:00:00.000,Manhã,Ativo,5
1530,A. A. V. S. ,PEDIATRIA (AMBULATÓRIO),RETORNO,ENFERMAGEM - PEDIATRIA ENDOCRINO,Ativo,Terça,1970-01-01 13:00:00.000,Tarde,Ativo,5
1530,A. A. V. S. ,PEDIATRIA (AMBULATÓRIO),RETORNO,ENFERMAGEM - PEDIATRIA ENDOCRINO,Ativo,Terça,1970-01-01 07:00:00.000,Manhã,Ativo,5
1530,A. A. V. S. ,PEDIATRIA (AMBULATÓRIO),RETORNO,ENFERMAGEM - PEDIATRIA ENDOCRINO,Ativo,Quarta,1970-01-01 13:00:00.000,Tarde,Ativo,5
1530,A. A. V. S. ,PEDIATRIA (AMBULATÓRIO),RETORNO,ENFERMAGEM - PEDIATRIA ENDOCRINO,Ativo,Quarta,1970-01-01 07:00:00.000,Manhã,Ativo,5
1530,A. A. V. S. ,PEDIATRIA (AMBULATÓRIO),RETORNO,ENFERMAGEM - PEDIATRIA ENDOCRINO,Ativo,Quinta,1970-01-01 13:00:00.000,Tarde,Ativo,5
1530,A. A. V. S. ,PEDIATRIA (AMBULATÓRIO),RETORNO,ENFERMAGEM - PEDIATRIA ENDOCRINO,Ativo,Quinta,1970-01-01 07:00:00.000,Manhã,Ativo,5
1530,A. A. V. S. ,PEDIATRIA (AMBULATÓRIO),RETORNO,ENFERMAGEM - PEDIATRIA ENDOCRINO,Ativo,Sexta,1970-01-01 13:00:00.000,Tarde,Ativo,5
1530,A. A. V. S. ,PEDIATRIA (AMBULATÓRIO),RETORNO,ENFERMAGEM - PEDIATRIA ENDOCRINO,Ativo,Sexta,1970-01-01 07:00:00.000,Manhã,Ativo,5
1532,A. A. V. S. ,PEDIATRIA (AMBULATÓRIO),RETORNO,ENFERMAGEM - PEDIATRIA,Ativo,Segunda,1970-01-01 13:00:00.000,Tarde,Ativo,2
1532,A. A. V. S. ,PEDIATRIA (AMBULATÓRIO),RETORNO,ENFERMAGEM - PEDIATRIA,Ativo,Segunda,1970-01-01 07:00:00.000,Manhã,Ativo,2
1532,A. A. V. S. ,PEDIATRIA (AMBULATÓRIO),RETORNO,ENFERMAGEM - PEDIATRIA,Ativo,Terça,1970-01-01 07:00:00.000,Manhã,Ativo,2
1532,A. A. V. S. ,PEDIATRIA (AMBULATÓRIO),RETORNO,ENFERMAGEM - PEDIATRIA,Ativo,Terça,1970-01-01 13:00:00.000,Tarde,Ativo,2
1532,A. A. V. S. ,PEDIATRIA (AMBULATÓRIO),RETORNO,ENFERMAGEM - PEDIATRIA,Ativo,Quarta,1970-01-01 07:00:00.000,Manhã,Ativo,2
1532,A. A. V. S. ,PEDIATRIA (AMBULATÓRIO),RETORNO,ENFERMAGEM - PEDIATRIA,Ativo,Quarta,1970-01-01 13:00:00.000,Tarde,Ativo,2
1532,A. A. V. S. ,PEDIATRIA (AMBULATÓRIO),RETORNO,ENFERMAGEM - PEDIATRIA,Ativo,Quinta,1970-01-01 07:00:00.000,Manhã,Ativo,2
1532,A. A. V. S. ,PEDIATRIA (AMBULATÓRIO),RETORNO,ENFERMAGEM - PEDIATRIA,Ativo,Quinta,1970-01-01 13:00:00.000,Tarde,Ativo,2
1532,A. A. V. S. ,PEDIATRIA (AMBULATÓRIO),RETORNO,ENFERMAGEM - PEDIATRIA,Ativo,Sexta,1970-01-01 07:00:00.000,Manhã,Ativo,2
1532,A. A. V. S. ,PEDIATRIA (AMBULATÓRIO),RETORNO,ENFERMAGEM - PEDIATRIA,Ativo,Sexta,1970-01-01 13:00:00.000,Tarde,Ativo,2
1534,A. A. V. S. ,CIRURGIA PEDIÁTRICA (AMBULATÓRIO),RETORNO,ENFERMAGEM - CIRURGIA PEDIÁTRICA,Inativo,Segunda,1970-01-01 07:00:00.000,Manhã,Inativo,2
1534,A. A. V. S. ,CIRURGIA PEDIÁTRICA (AMBULATÓRIO),RETORNO,ENFERMAGEM - CIRURGIA PEDIÁTRICA,Inativo,Segunda,1970-01-01 13:00:00.000,Tarde,Inativo,2
1534,A. A. V. S. ,CIRURGIA PEDIÁTRICA (AMBULATÓRIO),RETORNO,ENFERMAGEM - CIRURGIA PEDIÁTRICA,Inativo,Terça,1970-01-01 13:00:00.000,Tarde,Inativo,2
1534,A. A. V. S. ,CIRURGIA PEDIÁTRICA (AMBULATÓRIO),RETORNO,ENFERMAGEM - CIRURGIA PEDIÁTRICA,Inativo,Terça,1970-01-01 07:00:00.000,Manhã,Inativo,2
1534,A. A. V. S. ,CIRURGIA PEDIÁTRICA (AMBULATÓRIO),RETORNO,ENFERMAGEM - CIRURGIA PEDIÁTRICA,Inativo,Quarta,1970-01-01 07:00:00.000,Manhã,Inativo,2
1534,A. A. V. S. ,CIRURGIA PEDIÁTRICA (AMBULATÓRIO),RETORNO,ENFERMAGEM - CIRURGIA PEDIÁTRICA,Inativo,Quarta,1970-01-01 13:00:00.000,Tarde,Inativo,2
1534,A. A. V. S. ,CIRURGIA PEDIÁTRICA (AMBULATÓRIO),RETORNO,ENFERMAGEM - CIRURGIA PEDIÁTRICA,Inativo,Quinta,1970-01-01 07:00:00.000,Manhã,Inativo,2
1534,A. A. V. S. ,CIRURGIA PEDIÁTRICA (AMBULATÓRIO),RETORNO,ENFERMAGEM - CIRURGIA PEDIÁTRICA,Inativo,Quinta,1970-01-01 13:00:00.000,Tarde,Inativo,2
1534,A. A. V. S. ,CIRURGIA PEDIÁTRICA (AMBULATÓRIO),RETORNO,ENFERMAGEM - CIRURGIA PEDIÁTRICA,Inativo,Sexta,1970-01-01 07:00:00.000,Manhã,Inativo,2
1534,A. A. V. S. ,CIRURGIA PEDIÁTRICA (AMBULATÓRIO),RETORNO,ENFERMAGEM - CIRURGIA PEDIÁTRICA,Inativo,Sexta,1970-01-01 13:00:00.000,Tarde,Inativo,2
1536,K. L. A. B. ,PEDIATRIA (AMBULATÓRIO),RETORNO,ENFERMAGEM - GASTROPEDIATRIA,Ativo,Segunda,1970-01-01 13:00:00.000,Tarde,Ativo,5
1536,K. L. A. B. ,PEDIATRIA (AMBULATÓRIO),RETORNO,ENFERMAGEM - GASTROPEDIATRIA,Ativo,Segunda,1970-01-01 07:00:00.000,Manhã,Ativo,5
1536,K. L. A. B. ,PEDIATRIA (AMBULATÓRIO),RETORNO,ENFERMAGEM - GASTROPEDIATRIA,Ativo,Terça,1970-01-01 13:00:00.000,Tarde,Ativo,5
1536,K. L. A. B. ,PEDIATRIA (AMBULATÓRIO),RETORNO,ENFERMAGEM - GASTROPEDIATRIA,Ativo,Terça,1970-01-01 07:00:00.000,Manhã,Ativo,5
1536,K. L. A. B. ,PEDIATRIA (AMBULATÓRIO),RETORNO,ENFERMAGEM - GASTROPEDIATRIA,Ativo,Quarta,1970-01-01 13:00:00.000,Tarde,Ativo,5
1536,K. L. A. B. ,PEDIATRIA (AMBULATÓRIO),RETORNO,ENFERMAGEM - GASTROPEDIATRIA,Ativo,Quarta,1970-01-01 07:00:00.000,Manhã,Ativo,5
1536,K. L. A. B. ,PEDIATRIA (AMBULATÓRIO),RETORNO,ENFERMAGEM - GASTROPEDIATRIA,Ativo,Quinta,1970-01-01 07:00:00.000,Manhã,Ativo,5
1536,K. L. A. B. ,PEDIATRIA (AMBULATÓRIO),RETORNO,ENFERMAGEM - GASTROPEDIATRIA,Ativo,Quinta,1970-01-01 13:00:00.000,Tarde,Ativo,5
1536,K. L. A. B. ,PEDIATRIA (AMBULATÓRIO),RETORNO,ENFERMAGEM - GASTROPEDIATRIA,Ativo,Sexta,1970-01-01 13:00:00.000,Tarde,Ativo,5
1536,K. L. A. B. ,PEDIATRIA (AMBULATÓRIO),RETORNO,ENFERMAGEM - GASTROPEDIATRIA,Ativo,Sexta,1970-01-01 07:00:00.000,Manhã,Ativo,5
1538,G. C. M. S. ,PEDIATRIA (AMBULATÓRIO),RETORNO,ENFERMAGEM - GASTROPEDIATRIA,Ativo,Segunda,1970-01-01 13:00:00.000,Tarde,Ativo,5
1538,G. C. M. S. ,PEDIATRIA (AMBULATÓRIO),RETORNO,ENFERMAGEM - GASTROPEDIATRIA,Ativo,Segunda,1970-01-01 07:00:00.000,Manhã,Ativo,5
1538,G. C. M. S. ,PEDIATRIA (AMBULATÓRIO),RETORNO,ENFERMAGEM - GASTROPEDIATRIA,Ativo,Terça,1970-01-01 13:00:00.000,Tarde,Ativo,5
1538,G. C. M. S. ,PEDIATRIA (AMBULATÓRIO),RETORNO,ENFERMAGEM - GASTROPEDIATRIA,Ativo,Terça,1970-01-01 07:00:00.000,Manhã,Ativo,5
1538,G. C. M. S. ,PEDIATRIA (AMBULATÓRIO),RETORNO,ENFERMAGEM - GASTROPEDIATRIA,Ativo,Quarta,1970-01-01 13:00:00.000,Tarde,Ativo,5
1538,G. C. M. S. ,PEDIATRIA (AMBULATÓRIO),RETORNO,ENFERMAGEM - GASTROPEDIATRIA,Ativo,Quarta,1970-01-01 07:00:00.000,Manhã,Ativo,5
1538,G. C. M. S. ,PEDIATRIA (AMBULATÓRIO),RETORNO,ENFERMAGEM - GASTROPEDIATRIA,Ativo,Quinta,1970-01-01 13:00:00.000,Tarde,Ativo,5
1538,G. C. M. S. ,PEDIATRIA (AMBULATÓRIO),RETORNO,ENFERMAGEM - GASTROPEDIATRIA,Ativo,Quinta,1970-01-01 07:00:00.000,Manhã,Ativo,5
1538,G. C. M. S. ,PEDIATRIA (AMBULATÓRIO),RETORNO,ENFERMAGEM - GASTROPEDIATRIA,Ativo,Sexta,1970-01-01 07:00:00.000,Manhã,Ativo,5
1538,G. C. M. S. ,PEDIATRIA (AMBULATÓRIO),RETORNO,ENFERMAGEM - GASTROPEDIATRIA,Ativo,Sexta,1970-01-01 13:00:00.000,Tarde,Ativo,5
1540,G. C. M. S. ,CIRURGIA PEDIÁTRICA (AMBULATÓRIO),RETORNO,ENFERMAGEM - CIRURGIA PEDIÁTRICA,Inativo,Segunda,1970-01-01 07:00:00.000,Manhã,Inativo,2
1540,G. C. M. S. ,CIRURGIA PEDIÁTRICA (AMBULATÓRIO),RETORNO,ENFERMAGEM - CIRURGIA PEDIÁTRICA,Inativo,Segunda,1970-01-01 13:00:00.000,Tarde,Inativo,2
1540,G. C. M. S. ,CIRURGIA PEDIÁTRICA (AMBULATÓRIO),RETORNO,ENFERMAGEM - CIRURGIA PEDIÁTRICA,Inativo,Terça,1970-01-01 07:00:00.000,Manhã,Inativo,2
1540,G. C. M. S. ,CIRURGIA PEDIÁTRICA (AMBULATÓRIO),RETORNO,ENFERMAGEM - CIRURGIA PEDIÁTRICA,Inativo,Terça,1970-01-01 13:00:00.000,Tarde,Inativo,2
1540,G. C. M. S. ,CIRURGIA PEDIÁTRICA (AMBULATÓRIO),RETORNO,ENFERMAGEM - CIRURGIA PEDIÁTRICA,Inativo,Quarta,1970-01-01 13:00:00.000,Tarde,Inativo,2
1540,G. C. M. S. ,CIRURGIA PEDIÁTRICA (AMBULATÓRIO),RETORNO,ENFERMAGEM - CIRURGIA PEDIÁTRICA,Inativo,Quarta,1970-01-01 07:00:00.000,Manhã,Inativo,2
1540,G. C. M. S. ,CIRURGIA PEDIÁTRICA (AMBULATÓRIO),RETORNO,ENFERMAGEM - CIRURGIA PEDIÁTRICA,Inativo,Quinta,1970-01-01 13:00:00.000,Tarde,Inativo,2
1540,G. C. M. S. ,CIRURGIA PEDIÁTRICA (AMBULATÓRIO),RETORNO,ENFERMAGEM - CIRURGIA PEDIÁTRICA,Inativo,Quinta,1970-01-01 07:00:00.000,Manhã,Inativo,2
1540,G. C. M. S. ,CIRURGIA PEDIÁTRICA (AMBULATÓRIO),RETORNO,ENFERMAGEM - CIRURGIA PEDIÁTRICA,Inativo,Sexta,1970-01-01 07:00:00.000,Manhã,Inativo,2
1540,G. C. M. S. ,CIRURGIA PEDIÁTRICA (AMBULATÓRIO),RETORNO,ENFERMAGEM - CIRURGIA PEDIÁTRICA,Inativo,Sexta,1970-01-01 13:00:00.000,Tarde,Inativo,2
1542,S. F. G. ,NUTRIÇÃO,INTERCONSULTA,NUTRIÇÃO (1 A 17 ANOS),Inativo,Segunda,1970-01-01 07:00:00.000,Manhã,Inativo,2
1542,S. F. G. ,NUTRIÇÃO,RETORNO,NUTRIÇÃO (1 A 17 ANOS),Inativo,Segunda,1970-01-01 07:00:00.000,Manhã,Inativo,4
1542,S. F. G. ,NUTRIÇÃO,RETORNO,NUTRIÇÃO (1 A 17 ANOS),Inativo,Quarta,1970-01-01 13:00:00.000,Tarde,Inativo,4
1542,S. F. G. ,NUTRIÇÃO,INTERCONSULTA,NUTRIÇÃO (1 A 17 ANOS),Inativo,Quarta,1970-01-01 13:00:00.000,Tarde,Inativo,2
1542,S. F. G. ,NUTRIÇÃO,RETORNO,NUTRIÇÃO (1 A 17 ANOS),Inativo,Quinta,1970-01-01 07:00:00.000,Manhã,Inativo,4
1542,S. F. G. ,NUTRIÇÃO,INTERCONSULTA,NUTRIÇÃO (1 A 17 ANOS),Inativo,Quinta,1970-01-01 07:00:00.000,Manhã,Inativo,2
1544,S. F. G. ,CIRURGIA BARIATRICA,RETORNO,NUTRIÇÃO - PRÉ BARIÁTRICA,Ativo,Terça,1970-01-01 07:00:00.000,Manhã,Ativo,4
1544,S. F. G. ,CIRURGIA BARIATRICA,INTERCONSULTA,NUTRIÇÃO - PRÉ BARIÁTRICA,Ativo,Terça,1970-01-01 13:00:00.000,Tarde,Ativo,2
1544,S. F. G. ,CIRURGIA BARIATRICA,RETORNO,NUTRIÇÃO - PRÉ BARIÁTRICA,Ativo,Terça,1970-01-01 13:00:00.000,Tarde,Ativo,4
1544,S. F. G. ,CIRURGIA BARIATRICA,INTERCONSULTA,NUTRIÇÃO - PRÉ BARIÁTRICA,Ativo,Terça,1970-01-01 07:00:00.000,Manhã,Ativo,2
1544,S. F. G. ,CIRURGIA BARIATRICA,INTERCONSULTA,NUTRIÇÃO - PRÉ BARIÁTRICA,Ativo,Quinta,1970-01-01 07:00:00.000,Manhã,Ativo,3
1544,S. F. G. ,CIRURGIA BARIATRICA,RETORNO,NUTRIÇÃO - PRÉ BARIÁTRICA,Ativo,Quinta,1970-01-01 07:00:00.000,Manhã,Ativo,3
1546,T. D. P. B. J. ,UROLOGIA (AMBULATÓRIO),RETORNO,UROLOGIA RETORNO CIRURGICO,Ativo,Sexta,1970-01-01 07:00:00.000,Manhã,Ativo,20
1548,G. D. A. C. ,UROLOGIA (AMBULATÓRIO),RETORNO,UROLOGIA RETORNO CIRURGICO,Inativo,Sexta,1970-01-01 07:00:00.000,Manhã,Ativo,20
1551,A. P. X. D. L. ,NEFROLOGIA (AMBULATÓRIO),CONSULTA REGULADA,NEFROLOGIA,Ativo,Sexta,1970-01-01 10:00:00.000,Manhã,Ativo,1
1551,A. P. X. D. L. ,NEFROLOGIA (AMBULATÓRIO),INTERCONSULTA,NEFROLOGIA,Ativo,Sexta,1970-01-01 07:00:00.000,Manhã,Ativo,1
1551,A. P. X. D. L. ,NEFROLOGIA (AMBULATÓRIO),RETORNO,NEFROLOGIA,Ativo,Sexta,1970-01-01 07:00:00.000,Manhã,Ativo,6
1552,D. M. D. N. C. ,NEFROLOGIA (AMBULATÓRIO),RETORNO,NEFROLOGIA - GLOMERULONEFRITE,Inativo,Terça,1970-01-01 07:00:00.000,Manhã,Inativo,8
1554,T. O. C. D. S. ,NEFROLOGIA (AMBULATÓRIO),CONSULTA REGULADA,NEFROLOGIA - IRC,Inativo,Sexta,1970-01-01 15:30:00.000,Tarde,Inativo,2
1554,T. O. C. D. S. ,NEFROLOGIA (AMBULATÓRIO),RETORNO,NEFROLOGIA - IRC,Inativo,Sexta,1970-01-01 13:00:00.000,Tarde,Inativo,4
1554,T. O. C. D. S. ,NEFROLOGIA (AMBULATÓRIO),INTERCONSULTA,NEFROLOGIA - IRC,Inativo,Sexta,1970-01-01 13:00:00.000,Tarde,Inativo,2
1556,E. N. D. B. ,PSICOLOGIA (AMBULATÓRIO),RETORNO,PSICOLOGIA - NPCI,Ativo,Segunda,1970-01-01 13:00:00.000,Tarde,Ativo,6
1558,E. D. N. N. ,FISIOTERAPIA,SESSAO,FISIOTERAPIA - REABILIT. CARDIO E METABOLICA,Inativo,Terça,1970-01-01 13:00:00.000,Tarde,Inativo,4
1558,E. D. N. N. ,FISIOTERAPIA,SESSAO,FISIOTERAPIA - REABILIT. CARDIO E METABOLICA,Inativo,Quinta,1970-01-01 13:00:00.000,Tarde,Inativo,4
1560,C. K. D. D. M. ,FISIOTERAPIA,SESSAO,FISIOTERAPIA - ONCOLOGIA,Inativo,Segunda,1970-01-01 07:00:00.000,Manhã,Inativo,6
1560,C. K. D. D. M. ,FISIOTERAPIA,SESSAO,FISIOTERAPIA - ONCOLOGIA,Inativo,Terça,1970-01-01 07:00:00.000,Manhã,Inativo,6
1560,C. K. D. D. M. ,FISIOTERAPIA,SESSAO,FISIOTERAPIA - ONCOLOGIA,Inativo,Quarta,1970-01-01 07:00:00.000,Manhã,Inativo,6
1560,C. K. D. D. M. ,FISIOTERAPIA,SESSAO,FISIOTERAPIA - ONCOLOGIA,Inativo,Quinta,1970-01-01 07:00:00.000,Manhã,Inativo,6
1560,C. K. D. D. M. ,FISIOTERAPIA,SESSAO,FISIOTERAPIA - ONCOLOGIA,Inativo,Quinta,1970-01-01 13:00:00.000,Tarde,Inativo,6
1562,O. B. D. O. ,ENDOCRINOLOGIA (AMBULATÓRIO),INTERCONSULTA,ENFERMAGEM - ENDOCRINO,Ativo,Segunda,1970-01-01 07:00:00.000,Manhã,Ativo,2
1562,O. B. D. O. ,ENDOCRINOLOGIA (AMBULATÓRIO),RETORNO,ENFERMAGEM - ENDOCRINO,Ativo,Segunda,1970-01-01 13:00:00.000,Tarde,Ativo,3
1562,O. B. D. O. ,ENDOCRINOLOGIA (AMBULATÓRIO),RETORNO,ENFERMAGEM - ENDOCRINO,Ativo,Segunda,1970-01-01 07:00:00.000,Manhã,Ativo,3
1562,O. B. D. O. ,ENDOCRINOLOGIA (AMBULATÓRIO),INTERCONSULTA,ENFERMAGEM - ENDOCRINO,Ativo,Segunda,1970-01-01 13:00:00.000,Tarde,Ativo,2
1562,O. B. D. O. ,ENDOCRINOLOGIA (AMBULATÓRIO),RETORNO,ENFERMAGEM - ENDOCRINO,Ativo,Terça,1970-01-01 13:00:00.000,Tarde,Ativo,3
1562,O. B. D. O. ,ENDOCRINOLOGIA (AMBULATÓRIO),INTERCONSULTA,ENFERMAGEM - ENDOCRINO,Ativo,Terça,1970-01-01 07:00:00.000,Manhã,Ativo,2
1562,O. B. D. O. ,ENDOCRINOLOGIA (AMBULATÓRIO),RETORNO,ENFERMAGEM - ENDOCRINO,Ativo,Terça,1970-01-01 07:00:00.000,Manhã,Ativo,3
1562,O. B. D. O. ,ENDOCRINOLOGIA (AMBULATÓRIO),INTERCONSULTA,ENFERMAGEM - ENDOCRINO,Ativo,Terça,1970-01-01 13:00:00.000,Tarde,Ativo,2
1562,O. B. D. O. ,ENDOCRINOLOGIA (AMBULATÓRIO),INTERCONSULTA,ENFERMAGEM - ENDOCRINO,Ativo,Quarta,1970-01-01 07:00:00.000,Manhã,Ativo,2
1562,O. B. D. O. ,ENDOCRINOLOGIA (AMBULATÓRIO),RETORNO,ENFERMAGEM - ENDOCRINO,Ativo,Quarta,1970-01-01 07:00:00.000,Manhã,Ativo,3
1562,O. B. D. O. ,ENDOCRINOLOGIA (AMBULATÓRIO),RETORNO,ENFERMAGEM - ENDOCRINO,Ativo,Quarta,1970-01-01 13:00:00.000,Tarde,Ativo,3
1562,O. B. D. O. ,ENDOCRINOLOGIA (AMBULATÓRIO),INTERCONSULTA,ENFERMAGEM - ENDOCRINO,Ativo,Quarta,1970-01-01 13:00:00.000,Tarde,Ativo,2
1562,O. B. D. O. ,ENDOCRINOLOGIA (AMBULATÓRIO),RETORNO,ENFERMAGEM - ENDOCRINO,Ativo,Quinta,1970-01-01 13:00:00.000,Tarde,Ativo,3
1562,O. B. D. O. ,ENDOCRINOLOGIA (AMBULATÓRIO),RETORNO,ENFERMAGEM - ENDOCRINO,Ativo,Quinta,1970-01-01 07:00:00.000,Manhã,Ativo,3
1562,O. B. D. O. ,ENDOCRINOLOGIA (AMBULATÓRIO),INTERCONSULTA,ENFERMAGEM - ENDOCRINO,Ativo,Quinta,1970-01-01 13:00:00.000,Tarde,Ativo,2
1562,O. B. D. O. ,ENDOCRINOLOGIA (AMBULATÓRIO),INTERCONSULTA,ENFERMAGEM - ENDOCRINO,Ativo,Quinta,1970-01-01 07:00:00.000,Manhã,Ativo,2
1564,O. B. D. O. ,ENDOCRINOLOGIA (AMBULATÓRIO),RETORNO,ENFERMAGEM - ENDOCRINO - DIABETES,Ativo,Quarta,1970-01-01 13:00:00.000,Tarde,Ativo,3
1564,O. B. D. O. ,ENDOCRINOLOGIA (AMBULATÓRIO),INTERCONSULTA,ENFERMAGEM - ENDOCRINO - DIABETES,Ativo,Quarta,1970-01-01 13:00:00.000,Tarde,Ativo,2
1566,O. B. D. O. ,ENDOCRINOLOGIA (AMBULATÓRIO),RETORNO,ENFERMAGEM - ENDOCRINO - OBESIDADE,Ativo,Segunda,1970-01-01 13:00:00.000,Tarde,Ativo,3
1566,O. B. D. O. ,ENDOCRINOLOGIA (AMBULATÓRIO),INTERCONSULTA,ENFERMAGEM - ENDOCRINO - OBESIDADE,Ativo,Segunda,1970-01-01 13:00:00.000,Tarde,Ativo,2
1566,O. B. D. O. ,ENDOCRINOLOGIA (AMBULATÓRIO),INTERCONSULTA,ENFERMAGEM - ENDOCRINO - OBESIDADE,Ativo,Quinta,1970-01-01 13:00:00.000,Tarde,Ativo,2
1566,O. B. D. O. ,ENDOCRINOLOGIA (AMBULATÓRIO),RETORNO,ENFERMAGEM - ENDOCRINO - OBESIDADE,Ativo,Quinta,1970-01-01 13:00:00.000,Tarde,Ativo,3
1568,T. H. M. S. ,FISIOTERAPIA,SESSAO,FISIOTERAPIA - REABILIT. CARDIO E METABOLICA,Inativo,Segunda,1970-01-01 07:00:00.000,Manhã,Inativo,4
1568,T. H. M. S. ,FISIOTERAPIA,SESSAO,FISIOTERAPIA - REABILIT. CARDIO E METABOLICA,Inativo,Terça,1970-01-01 07:00:00.000,Manhã,Inativo,4
1568,T. H. M. S. ,FISIOTERAPIA,SESSAO,FISIOTERAPIA - REABILIT. CARDIO E METABOLICA,Inativo,Quarta,1970-01-01 07:00:00.000,Manhã,Inativo,4
1568,T. H. M. S. ,FISIOTERAPIA,SESSAO,FISIOTERAPIA - REABILIT. CARDIO E METABOLICA,Inativo,Quinta,1970-01-01 07:00:00.000,Manhã,Inativo,4
1568,T. H. M. S. ,FISIOTERAPIA,SESSAO,FISIOTERAPIA - REABILIT. CARDIO E METABOLICA,Inativo,Sexta,1970-01-01 07:00:00.000,Manhã,Inativo,4
1570,T. H. M. S. ,FISIOTERAPIA,SESSAO,FISIOTERAPIA - REABILIT. CARDIO E METABOLICA,Inativo,Segunda,1970-01-01 07:00:00.000,Manhã,Inativo,4
1570,T. H. M. S. ,FISIOTERAPIA,SESSAO,FISIOTERAPIA - REABILIT. CARDIO E METABOLICA,Inativo,Terça,1970-01-01 07:00:00.000,Manhã,Inativo,4
1570,T. H. M. S. ,FISIOTERAPIA,SESSAO,FISIOTERAPIA - REABILIT. CARDIO E METABOLICA,Inativo,Quarta,1970-01-01 07:00:00.000,Manhã,Inativo,4
1570,T. H. M. S. ,FISIOTERAPIA,SESSAO,FISIOTERAPIA - REABILIT. CARDIO E METABOLICA,Inativo,Quinta,1970-01-01 07:00:00.000,Manhã,Inativo,4
1572,M. D. G. D. A. C. ,FISIOTERAPIA,SESSAO,FISIOTERAPIA - REABILIT. CARDIO E METABOLICA,Inativo,Segunda,1970-01-01 13:00:00.000,Tarde,Inativo,4
1572,M. D. G. D. A. C. ,FISIOTERAPIA,SESSAO,FISIOTERAPIA - REABILIT. CARDIO E METABOLICA,Inativo,Segunda,1970-01-01 07:00:00.000,Manhã,Inativo,4
1572,M. D. G. D. A. C. ,FISIOTERAPIA,SESSAO,FISIOTERAPIA - REABILIT. CARDIO E METABOLICA,Inativo,Terça,1970-01-01 07:00:00.000,Manhã,Inativo,4
1572,M. D. G. D. A. C. ,FISIOTERAPIA,SESSAO,FISIOTERAPIA - REABILIT. CARDIO E METABOLICA,Inativo,Quarta,1970-01-01 07:00:00.000,Manhã,Inativo,4
1572,M. D. G. D. A. C. ,FISIOTERAPIA,SESSAO,FISIOTERAPIA - REABILIT. CARDIO E METABOLICA,Inativo,Quinta,1970-01-01 07:00:00.000,Manhã,Inativo,4
1574,M. D. F. D. S. ,FISIOTERAPIA,SESSAO,FISIOTERAPIA - REUMATO,Ativo,Terça,1970-01-01 07:00:00.000,Manhã,Ativo,12
1574,M. D. F. D. S. ,FISIOTERAPIA,SESSAO,FISIOTERAPIA - REUMATO,Ativo,Terça,1970-01-01 13:00:00.000,Tarde,Ativo,12
1574,M. D. F. D. S. ,FISIOTERAPIA,SESSAO,FISIOTERAPIA - REUMATO,Ativo,Quarta,1970-01-01 13:00:00.000,Tarde,Ativo,12
1574,M. D. F. D. S. ,FISIOTERAPIA,SESSAO,FISIOTERAPIA - REUMATO,Ativo,Quarta,1970-01-01 07:00:00.000,Manhã,Ativo,12
1574,M. D. F. D. S. ,FISIOTERAPIA,SESSAO,FISIOTERAPIA - REUMATO,Ativo,Quinta,1970-01-01 07:00:00.000,Manhã,Ativo,12
1576,M. S. D. C. ,FISIOTERAPIA,SESSAO,FISIOTERAPIA - RESPIRATÓRIA,Inativo,Segunda,1970-01-01 07:00:00.000,Manhã,Inativo,6
1576,M. S. D. C. ,FISIOTERAPIA,SESSAO,FISIOTERAPIA - RESPIRATÓRIA,Inativo,Terça,1970-01-01 07:00:00.000,Manhã,Inativo,6
1576,M. S. D. C. ,FISIOTERAPIA,SESSAO,FISIOTERAPIA - RESPIRATÓRIA,Inativo,Quarta,1970-01-01 07:00:00.000,Manhã,Inativo,6
1576,M. S. D. C. ,FISIOTERAPIA,SESSAO,FISIOTERAPIA - RESPIRATÓRIA,Inativo,Quinta,1970-01-01 07:00:00.000,Manhã,Inativo,6
1576,M. S. D. C. ,FISIOTERAPIA,SESSAO,FISIOTERAPIA - RESPIRATÓRIA,Inativo,Sexta,1970-01-01 07:00:00.000,Manhã,Inativo,6
1578,L. P. C. D. S. F. ,ONCOLOGIA (AMBULATÓRIO),INTERCONSULTA,ONCOLOGIA - ODONTOLOGIA,Inativo,Segunda,1970-01-01 13:00:00.000,Tarde,Inativo,3
1578,L. P. C. D. S. F. ,ONCOLOGIA (AMBULATÓRIO),RETORNO,ONCOLOGIA - ODONTOLOGIA,Inativo,Segunda,1970-01-01 13:00:00.000,Tarde,Inativo,8
1578,L. P. C. D. S. F. ,ONCOLOGIA (AMBULATÓRIO),RETORNO,ONCOLOGIA - ODONTOLOGIA,Inativo,Quarta,1970-01-01 07:00:00.000,Manhã,Inativo,8
1578,L. P. C. D. S. F. ,ONCOLOGIA (AMBULATÓRIO),INTERCONSULTA,ONCOLOGIA - ODONTOLOGIA,Inativo,Quarta,1970-01-01 07:00:00.000,Manhã,Inativo,3
1580,C. D. H. C. P. ,ONCOLOGIA (AMBULATÓRIO),INTERCONSULTA,ONCOLOGIA - ODONTOLOGIA,Inativo,Segunda,1970-01-01 13:00:00.000,Tarde,Inativo,3
1580,C. D. H. C. P. ,ONCOLOGIA (AMBULATÓRIO),RETORNO,ONCOLOGIA - ODONTOLOGIA,Inativo,Segunda,1970-01-01 13:00:00.000,Tarde,Inativo,8
1580,C. D. H. C. P. ,ONCOLOGIA (AMBULATÓRIO),INTERCONSULTA,ONCOLOGIA - ODONTOLOGIA,Inativo,Quarta,1970-01-01 07:00:00.000,Manhã,Inativo,3
1580,C. D. H. C. P. ,ONCOLOGIA (AMBULATÓRIO),RETORNO,ONCOLOGIA - ODONTOLOGIA,Inativo,Quarta,1970-01-01 07:00:00.000,Manhã,Inativo,8
1582,B. J. A. P. B. ,NEUROLOGIA (AMBULATÓRIO),RETORNO,NEUROLOGIA - COGNITIVA,Inativo,Quinta,1970-01-01 13:00:00.000,Tarde,Inativo,8
1584,M. C. D. R. M. ,PEDIATRIA (AMBULATÓRIO),RETORNO,PEDIATRIA - GASTRO,Inativo,Terça,1970-01-01 13:00:00.000,Tarde,Inativo,10
1585,M. T. C. L. ,PEDIATRIA (AMBULATÓRIO),,PEDIATRIA - GASTRO,Inativo,,,,,
1586,A. V. D. F. C. ,ONCOLOGIA (AMBULATÓRIO),INTERCONSULTA,SERVICO SOCIAL - ONCOLOGIA,Ativo,Segunda,1970-01-01 13:00:00.000,Tarde,Ativo,15
1586,A. V. D. F. C. ,ONCOLOGIA (AMBULATÓRIO),INTERCONSULTA,SERVICO SOCIAL - ONCOLOGIA,Ativo,Terça,1970-01-01 13:00:00.000,Tarde,Ativo,15
1586,A. V. D. F. C. ,ONCOLOGIA (AMBULATÓRIO),INTERCONSULTA,SERVICO SOCIAL - ONCOLOGIA,Ativo,Quarta,1970-01-01 13:00:00.000,Tarde,Ativo,15
1586,A. V. D. F. C. ,ONCOLOGIA (AMBULATÓRIO),INTERCONSULTA,SERVICO SOCIAL - ONCOLOGIA,Ativo,Quinta,1970-01-01 13:00:00.000,Tarde,Ativo,15
1586,A. V. D. F. C. ,ONCOLOGIA (AMBULATÓRIO),INTERCONSULTA,SERVICO SOCIAL - ONCOLOGIA,Ativo,Sexta,1970-01-01 13:00:00.000,Tarde,Ativo,15
1588,C. A. D. C. ,ORTOPEDIA (AMBULATÓRIO),RETORNO,ENFERMAGEM - ORTOPEDIA,Ativo,Segunda,1970-01-01 13:00:00.000,Tarde,Ativo,10
1588,C. A. D. C. ,ORTOPEDIA (AMBULATÓRIO),RETORNO,ENFERMAGEM - ORTOPEDIA,Ativo,Segunda,1970-01-01 07:00:00.000,Manhã,Ativo,10
1588,C. A. D. C. ,ORTOPEDIA (AMBULATÓRIO),RETORNO,ENFERMAGEM - ORTOPEDIA,Ativo,Terça,1970-01-01 07:00:00.000,Manhã,Ativo,10
1588,C. A. D. C. ,ORTOPEDIA (AMBULATÓRIO),RETORNO,ENFERMAGEM - ORTOPEDIA,Ativo,Terça,1970-01-01 13:00:00.000,Tarde,Ativo,10
1588,C. A. D. C. ,ORTOPEDIA (AMBULATÓRIO),RETORNO,ENFERMAGEM - ORTOPEDIA,Ativo,Quarta,1970-01-01 07:00:00.000,Manhã,Ativo,10
1588,C. A. D. C. ,ORTOPEDIA (AMBULATÓRIO),RETORNO,ENFERMAGEM - ORTOPEDIA,Ativo,Quarta,1970-01-01 13:00:00.000,Tarde,Ativo,10
1588,C. A. D. C. ,ORTOPEDIA (AMBULATÓRIO),RETORNO,ENFERMAGEM - ORTOPEDIA,Ativo,Quinta,1970-01-01 07:00:00.000,Manhã,Ativo,10
1588,C. A. D. C. ,ORTOPEDIA (AMBULATÓRIO),RETORNO,ENFERMAGEM - ORTOPEDIA,Ativo,Quinta,1970-01-01 13:00:00.000,Tarde,Ativo,10
1588,C. A. D. C. ,ORTOPEDIA (AMBULATÓRIO),RETORNO,ENFERMAGEM - ORTOPEDIA,Ativo,Sexta,1970-01-01 13:00:00.000,Tarde,Ativo,10
1588,C. A. D. C. ,ORTOPEDIA (AMBULATÓRIO),RETORNO,ENFERMAGEM - ORTOPEDIA,Ativo,Sexta,1970-01-01 07:00:00.000,Manhã,Ativo,10
1590,R. M. D. N. ,ORTOPEDIA (AMBULATÓRIO),RETORNO,ENFERMAGEM - ORTOPEDIA,Ativo,Segunda,1970-01-01 07:00:00.000,Manhã,Ativo,10
1590,R. M. D. N. ,ORTOPEDIA (AMBULATÓRIO),RETORNO,ENFERMAGEM - ORTOPEDIA,Ativo,Segunda,1970-01-01 13:00:00.000,Tarde,Ativo,10
1590,R. M. D. N. ,ORTOPEDIA (AMBULATÓRIO),RETORNO,ENFERMAGEM - ORTOPEDIA,Ativo,Terça,1970-01-01 07:00:00.000,Manhã,Ativo,10
1590,R. M. D. N. ,ORTOPEDIA (AMBULATÓRIO),RETORNO,ENFERMAGEM - ORTOPEDIA,Ativo,Terça,1970-01-01 13:00:00.000,Tarde,Ativo,10
1590,R. M. D. N. ,ORTOPEDIA (AMBULATÓRIO),RETORNO,ENFERMAGEM - ORTOPEDIA,Ativo,Quarta,1970-01-01 13:00:00.000,Tarde,Ativo,10
1590,R. M. D. N. ,ORTOPEDIA (AMBULATÓRIO),RETORNO,ENFERMAGEM - ORTOPEDIA,Ativo,Quarta,1970-01-01 07:00:00.000,Manhã,Ativo,10
1590,R. M. D. N. ,ORTOPEDIA (AMBULATÓRIO),RETORNO,ENFERMAGEM - ORTOPEDIA,Ativo,Quinta,1970-01-01 07:00:00.000,Manhã,Ativo,10
1590,R. M. D. N. ,ORTOPEDIA (AMBULATÓRIO),RETORNO,ENFERMAGEM - ORTOPEDIA,Ativo,Quinta,1970-01-01 13:00:00.000,Tarde,Ativo,10
1590,R. M. D. N. ,ORTOPEDIA (AMBULATÓRIO),RETORNO,ENFERMAGEM - ORTOPEDIA,Ativo,Sexta,1970-01-01 13:00:00.000,Tarde,Ativo,10
1590,R. M. D. N. ,ORTOPEDIA (AMBULATÓRIO),RETORNO,ENFERMAGEM - ORTOPEDIA,Ativo,Sexta,1970-01-01 07:00:00.000,Manhã,Ativo,10
1592,P. A. G. ,ESPAÇO TRANS (AMBULATÓRIO),INTERCONSULTA,ENFERMAGEM - TERAPIA HORMONAL - ESPAÇO TRANS,Ativo,Segunda,1970-01-01 07:00:00.000,Manhã,Ativo,5
1592,P. A. G. ,ESPAÇO TRANS (AMBULATÓRIO),RETORNO,ENFERMAGEM - TERAPIA HORMONAL - ESPAÇO TRANS,Ativo,Segunda,1970-01-01 07:00:00.000,Manhã,Ativo,5
1592,P. A. G. ,ESPAÇO TRANS (AMBULATÓRIO),RETORNO,ENFERMAGEM - TERAPIA HORMONAL - ESPAÇO TRANS,Ativo,Terça,1970-01-01 07:00:00.000,Manhã,Ativo,5
1592,P. A. G. ,ESPAÇO TRANS (AMBULATÓRIO),INTERCONSULTA,ENFERMAGEM - TERAPIA HORMONAL - ESPAÇO TRANS,Ativo,Terça,1970-01-01 07:00:00.000,Manhã,Ativo,5
1592,P. A. G. ,ESPAÇO TRANS (AMBULATÓRIO),INTERCONSULTA,ENFERMAGEM - TERAPIA HORMONAL - ESPAÇO TRANS,Ativo,Quarta,1970-01-01 07:00:00.000,Manhã,Ativo,5
1592,P. A. G. ,ESPAÇO TRANS (AMBULATÓRIO),RETORNO,ENFERMAGEM - TERAPIA HORMONAL - ESPAÇO TRANS,Ativo,Quarta,1970-01-01 07:00:00.000,Manhã,Ativo,5
1592,P. A. G. ,ESPAÇO TRANS (AMBULATÓRIO),INTERCONSULTA,ENFERMAGEM - TERAPIA HORMONAL - ESPAÇO TRANS,Ativo,Quinta,1970-01-01 07:00:00.000,Manhã,Ativo,5
1592,P. A. G. ,ESPAÇO TRANS (AMBULATÓRIO),RETORNO,ENFERMAGEM - TERAPIA HORMONAL - ESPAÇO TRANS,Ativo,Quinta,1970-01-01 07:00:00.000,Manhã,Ativo,5
1592,P. A. G. ,ESPAÇO TRANS (AMBULATÓRIO),INTERCONSULTA,ENFERMAGEM - TERAPIA HORMONAL - ESPAÇO TRANS,Ativo,Sexta,1970-01-01 07:00:00.000,Manhã,Ativo,5
1592,P. A. G. ,ESPAÇO TRANS (AMBULATÓRIO),RETORNO,ENFERMAGEM - TERAPIA HORMONAL - ESPAÇO TRANS,Ativo,Sexta,1970-01-01 07:00:00.000,Manhã,Ativo,5
1594,M. V. M. B. ,CLÍNICA MÉDICA (AMBULATÓRIO),RETORNO,CLINICA MEDICA,Ativo,Quarta,1970-01-01 07:00:00.000,Manhã,Ativo,3
1596,R. A. ,ESPAÇO TRANS (AMBULATÓRIO),INTERCONSULTA,CIRURGIA PLÁSTICA - ESPAÇO TRANS,Ativo,Terça,1970-01-01 07:00:00.000,Manhã,Ativo,2
1596,R. A. ,ESPAÇO TRANS (AMBULATÓRIO),RETORNO,CIRURGIA PLÁSTICA - ESPAÇO TRANS,Ativo,Terça,1970-01-01 07:00:00.000,Manhã,Ativo,3
1598,B. T. D. M. ,ESPAÇO TRANS (AMBULATÓRIO),RETORNO,OTORRINOLARINGOLOGIA - ESPACO TRANS,Ativo,Quinta,1970-01-01 07:00:00.000,Manhã,Ativo,6
1598,B. T. D. M. ,ESPAÇO TRANS (AMBULATÓRIO),INTERCONSULTA,OTORRINOLARINGOLOGIA - ESPACO TRANS,Ativo,Quinta,1970-01-01 07:00:00.000,Manhã,Ativo,1
1600,D. D. V. ,ESPAÇO TRANS (AMBULATÓRIO),RETORNO,FONOAUDIOLOGIA - ESPACO TRANS,Ativo,Segunda,1970-01-01 07:00:00.000,Manhã,Ativo,6
1600,D. D. V. ,ESPAÇO TRANS (AMBULATÓRIO),INTERCONSULTA,FONOAUDIOLOGIA - ESPACO TRANS,Ativo,Segunda,1970-01-01 07:00:00.000,Manhã,Ativo,1
1600,D. D. V. ,ESPAÇO TRANS (AMBULATÓRIO),INTERCONSULTA,FONOAUDIOLOGIA - ESPACO TRANS,Ativo,Terça,1970-01-01 07:00:00.000,Manhã,Ativo,1
1600,D. D. V. ,ESPAÇO TRANS (AMBULATÓRIO),RETORNO,FONOAUDIOLOGIA - ESPACO TRANS,Ativo,Terça,1970-01-01 07:00:00.000,Manhã,Ativo,6
1600,D. D. V. ,ESPAÇO TRANS (AMBULATÓRIO),RETORNO,FONOAUDIOLOGIA - ESPACO TRANS,Ativo,Quarta,1970-01-01 07:00:00.000,Manhã,Ativo,6
1600,D. D. V. ,ESPAÇO TRANS (AMBULATÓRIO),INTERCONSULTA,FONOAUDIOLOGIA - ESPACO TRANS,Ativo,Quarta,1970-01-01 07:00:00.000,Manhã,Ativo,1
1600,D. D. V. ,ESPAÇO TRANS (AMBULATÓRIO),INTERCONSULTA,FONOAUDIOLOGIA - ESPACO TRANS,Ativo,Quinta,1970-01-01 07:00:00.000,Manhã,Ativo,1
1600,D. D. V. ,ESPAÇO TRANS (AMBULATÓRIO),RETORNO,FONOAUDIOLOGIA - ESPACO TRANS,Ativo,Quinta,1970-01-01 07:00:00.000,Manhã,Ativo,6
1602,B. B. C. ,NÚCLEO DO SERVIDOR (AMBULATÓRIO),CONSULTA PRIMEIRA VEZ SERVIDOR(A),CARDIOLOGIA - NASS,Ativo,Segunda,1970-01-01 10:00:00.000,Manhã,Ativo,2
1602,B. B. C. ,NÚCLEO DO SERVIDOR (AMBULATÓRIO),CONSULTA PRIMEIRA VEZ SERVIDOR(A),CARDIOLOGIA - NASS,Ativo,Segunda,1970-01-01 09:00:00.000,Manhã,Ativo,2
1602,B. B. C. ,NÚCLEO DO SERVIDOR (AMBULATÓRIO),CONSULTA RETORNO SERVIDOR(A),CARDIOLOGIA - NASS,Ativo,Segunda,1970-01-01 08:30:00.000,Manhã,Ativo,2
1602,B. B. C. ,NÚCLEO DO SERVIDOR (AMBULATÓRIO),CONSULTA RETORNO SERVIDOR(A),CARDIOLOGIA - NASS,Ativo,Segunda,1970-01-01 07:30:00.000,Manhã,Ativo,2
1602,B. B. C. ,NÚCLEO DO SERVIDOR (AMBULATÓRIO),CONSULTA PRIMEIRA VEZ SERVIDOR(A),CARDIOLOGIA - NASS,Ativo,Terça,1970-01-01 09:00:00.000,Manhã,Ativo,2
1602,B. B. C. ,NÚCLEO DO SERVIDOR (AMBULATÓRIO),CONSULTA RETORNO SERVIDOR(A),CARDIOLOGIA - NASS,Ativo,Terça,1970-01-01 07:30:00.000,Manhã,Ativo,2
1602,B. B. C. ,NÚCLEO DO SERVIDOR (AMBULATÓRIO),CONSULTA RETORNO SERVIDOR(A),CARDIOLOGIA - NASS,Ativo,Terça,1970-01-01 08:30:00.000,Manhã,Ativo,2
1602,B. B. C. ,NÚCLEO DO SERVIDOR (AMBULATÓRIO),CONSULTA PRIMEIRA VEZ SERVIDOR(A),CARDIOLOGIA - NASS,Ativo,Terça,1970-01-01 10:00:00.000,Manhã,Ativo,2
1602,B. B. C. ,NÚCLEO DO SERVIDOR (AMBULATÓRIO),CONSULTA RETORNO SERVIDOR(A),CARDIOLOGIA - NASS,Ativo,Sexta,1970-01-01 08:30:00.000,Manhã,Ativo,2
1602,B. B. C. ,NÚCLEO DO SERVIDOR (AMBULATÓRIO),CONSULTA RETORNO SERVIDOR(A),CARDIOLOGIA - NASS,Ativo,Sexta,1970-01-01 07:30:00.000,Manhã,Ativo,2
1602,B. B. C. ,NÚCLEO DO SERVIDOR (AMBULATÓRIO),CONSULTA PRIMEIRA VEZ SERVIDOR(A),CARDIOLOGIA - NASS,Ativo,Sexta,1970-01-01 10:00:00.000,Manhã,Ativo,2
1602,B. B. C. ,NÚCLEO DO SERVIDOR (AMBULATÓRIO),CONSULTA PRIMEIRA VEZ SERVIDOR(A),CARDIOLOGIA - NASS,Ativo,Sexta,1970-01-01 09:00:00.000,Manhã,Ativo,2
1604,M. L. C. ,NÚCLEO DO SERVIDOR (AMBULATÓRIO),CONSULTA RETORNO SERVIDOR(A),CARDIOLOGIA - NASS,Ativo,Segunda,1970-01-01 07:30:00.000,Manhã,Ativo,2
1604,M. L. C. ,NÚCLEO DO SERVIDOR (AMBULATÓRIO),CONSULTA RETORNO SERVIDOR(A),CARDIOLOGIA - NASS,Ativo,Segunda,1970-01-01 08:30:00.000,Manhã,Ativo,2
1604,M. L. C. ,NÚCLEO DO SERVIDOR (AMBULATÓRIO),CONSULTA PRIMEIRA VEZ SERVIDOR(A),CARDIOLOGIA - NASS,Ativo,Segunda,1970-01-01 10:00:00.000,Manhã,Ativo,2
1604,M. L. C. ,NÚCLEO DO SERVIDOR (AMBULATÓRIO),CONSULTA PRIMEIRA VEZ SERVIDOR(A),CARDIOLOGIA - NASS,Ativo,Segunda,1970-01-01 09:00:00.000,Manhã,Ativo,2
1604,M. L. C. ,NÚCLEO DO SERVIDOR (AMBULATÓRIO),CONSULTA PRIMEIRA VEZ SERVIDOR(A),CARDIOLOGIA - NASS,Ativo,Quarta,1970-01-01 10:00:00.000,Manhã,Ativo,2
1604,M. L. C. ,NÚCLEO DO SERVIDOR (AMBULATÓRIO),CONSULTA RETORNO SERVIDOR(A),CARDIOLOGIA - NASS,Ativo,Quarta,1970-01-01 07:30:00.000,Manhã,Ativo,2
1604,M. L. C. ,NÚCLEO DO SERVIDOR (AMBULATÓRIO),CONSULTA RETORNO SERVIDOR(A),CARDIOLOGIA - NASS,Ativo,Quarta,1970-01-01 08:30:00.000,Manhã,Ativo,2
1604,M. L. C. ,NÚCLEO DO SERVIDOR (AMBULATÓRIO),CONSULTA PRIMEIRA VEZ SERVIDOR(A),CARDIOLOGIA - NASS,Ativo,Quarta,1970-01-01 09:00:00.000,Manhã,Ativo,2
1606,V. M. P. P. M. ,NÚCLEO DO SERVIDOR (AMBULATÓRIO),CONSULTA RETORNO SERVIDOR(A),PEDIATRIA - NASS,Inativo,Quinta,1970-01-01 10:00:00.000,Manhã,Ativo,2
1606,V. M. P. P. M. ,NÚCLEO DO SERVIDOR (AMBULATÓRIO),CONSULTA PRIMEIRA VEZ SERVIDOR(A),PEDIATRIA - NASS,Inativo,Quinta,1970-01-01 08:00:00.000,Manhã,Ativo,2
1607,C. M. R. D. M. ,NÚCLEO DO SERVIDOR (AMBULATÓRIO),CONSULTA PRIMEIRA VEZ SERVIDOR(A),PSIQUIATRIA - NASS,Ativo,Segunda,1970-01-01 13:00:00.000,Tarde,Ativo,2
1607,C. M. R. D. M. ,NÚCLEO DO SERVIDOR (AMBULATÓRIO),CONSULTA RETORNO SERVIDOR(A),PSIQUIATRIA - NASS,Ativo,Segunda,1970-01-01 15:00:00.000,Tarde,Ativo,2
1607,C. M. R. D. M. ,NÚCLEO DO SERVIDOR (AMBULATÓRIO),CONSULTA RETORNO SERVIDOR(A),PSIQUIATRIA - NASS,Ativo,Segunda,1970-01-01 16:00:00.000,Tarde,Ativo,2
1608,A. D. M. ,NÚCLEO DO SERVIDOR (AMBULATÓRIO),CONSULTA RETORNO SERVIDOR(A),GINECOLOGIA - NASS,Ativo,Terça,1970-01-01 17:00:00.000,Tarde,Ativo,1
1608,A. D. M. ,NÚCLEO DO SERVIDOR (AMBULATÓRIO),CONSULTA RETORNO SERVIDOR(A),GINECOLOGIA - NASS,Ativo,Terça,1970-01-01 16:00:00.000,Tarde,Ativo,2
1608,A. D. M. ,NÚCLEO DO SERVIDOR (AMBULATÓRIO),CONSULTA RETORNO SERVIDOR(A),GINECOLOGIA - NASS,Ativo,Terça,1970-01-01 15:00:00.000,Tarde,Ativo,2
1608,A. D. M. ,NÚCLEO DO SERVIDOR (AMBULATÓRIO),CONSULTA PRIMEIRA VEZ SERVIDOR(A),GINECOLOGIA - NASS,Ativo,Terça,1970-01-01 13:00:00.000,Tarde,Ativo,2
1608,A. D. M. ,NÚCLEO DO SERVIDOR (AMBULATÓRIO),CONSULTA PRIMEIRA VEZ SERVIDOR(A),GINECOLOGIA - NASS,Ativo,Quarta,1970-01-01 07:00:00.000,Manhã,Ativo,2
1608,A. D. M. ,NÚCLEO DO SERVIDOR (AMBULATÓRIO),CONSULTA RETORNO SERVIDOR(A),GINECOLOGIA - NASS,Ativo,Quarta,1970-01-01 09:00:00.000,Manhã,Ativo,2
1608,A. D. M. ,NÚCLEO DO SERVIDOR (AMBULATÓRIO),CONSULTA PRIMEIRA VEZ SERVIDOR(A),GINECOLOGIA - NASS,Ativo,Quarta,1970-01-01 08:00:00.000,Manhã,Ativo,2
1608,A. D. M. ,NÚCLEO DO SERVIDOR (AMBULATÓRIO),CONSULTA RETORNO SERVIDOR(A),GINECOLOGIA - NASS,Ativo,Quarta,1970-01-01 10:00:00.000,Manhã,Ativo,2
1608,A. D. M. ,NÚCLEO DO SERVIDOR (AMBULATÓRIO),CONSULTA RETORNO SERVIDOR(A),GINECOLOGIA - NASS,Ativo,Sexta,1970-01-01 09:00:00.000,Manhã,Ativo,2
1608,A. D. M. ,NÚCLEO DO SERVIDOR (AMBULATÓRIO),CONSULTA PRIMEIRA VEZ SERVIDOR(A),GINECOLOGIA - NASS,Ativo,Sexta,1970-01-01 07:00:00.000,Manhã,Ativo,2
1608,A. D. M. ,NÚCLEO DO SERVIDOR (AMBULATÓRIO),CONSULTA RETORNO SERVIDOR(A),GINECOLOGIA - NASS,Ativo,Sexta,1970-01-01 10:00:00.000,Manhã,Ativo,2
1608,A. D. M. ,NÚCLEO DO SERVIDOR (AMBULATÓRIO),CONSULTA PRIMEIRA VEZ SERVIDOR(A),GINECOLOGIA - NASS,Ativo,Sexta,1970-01-01 08:00:00.000,Manhã,Ativo,2
1610,W. J. N. F. ,NÚCLEO DO SERVIDOR (AMBULATÓRIO),CONSULTA RETORNO SERVIDOR(A),PSIQUIATRIA - NASS,Ativo,Segunda,1970-01-01 11:00:00.000,Manhã,Ativo,2
1610,W. J. N. F. ,NÚCLEO DO SERVIDOR (AMBULATÓRIO),CONSULTA RETORNO SERVIDOR(A),PSIQUIATRIA - NASS,Ativo,Quinta,1970-01-01 11:00:00.000,Manhã,Ativo,2
1610,W. J. N. F. ,NÚCLEO DO SERVIDOR (AMBULATÓRIO),CONSULTA RETORNO SERVIDOR(A),PSIQUIATRIA - NASS,Ativo,Sexta,1970-01-01 09:00:00.000,Manhã,Ativo,2
1610,W. J. N. F. ,NÚCLEO DO SERVIDOR (AMBULATÓRIO),CONSULTA PRIMEIRA VEZ SERVIDOR(A),PSIQUIATRIA - NASS,Ativo,Sexta,1970-01-01 10:00:00.000,Manhã,Ativo,2
1610,W. J. N. F. ,NÚCLEO DO SERVIDOR (AMBULATÓRIO),CONSULTA RETORNO SERVIDOR(A),PSIQUIATRIA - NASS,Ativo,Sexta,1970-01-01 08:00:00.000,Manhã,Ativo,2
1611,A. R. M. A. ,NÚCLEO DO SERVIDOR (AMBULATÓRIO),CONSULTA RETORNO SERVIDOR(A),CLINICA MEDICA - NASS,Inativo,Quinta,1970-01-01 14:40:00.000,Tarde,Inativo,2
1611,A. R. M. A. ,NÚCLEO DO SERVIDOR (AMBULATÓRIO),CONSULTA RETORNO SERVIDOR(A),CLINICA MEDICA - NASS,Inativo,Quinta,1970-01-01 16:20:00.000,Tarde,Inativo,2
1611,A. R. M. A. ,NÚCLEO DO SERVIDOR (AMBULATÓRIO),CONSULTA RETORNO SERVIDOR(A),CLINICA MEDICA - NASS,Inativo,Quinta,1970-01-01 13:00:00.000,Tarde,Inativo,2
1611,A. R. M. A. ,NÚCLEO DO SERVIDOR (AMBULATÓRIO),CONSULTA RETORNO SERVIDOR(A),CLINICA MEDICA - NASS,Inativo,Sexta,1970-01-01 07:00:00.000,Manhã,Inativo,2
1611,A. R. M. A. ,NÚCLEO DO SERVIDOR (AMBULATÓRIO),CONSULTA RETORNO SERVIDOR(A),CLINICA MEDICA - NASS,Inativo,Sexta,1970-01-01 08:40:00.000,Manhã,Inativo,2
1611,A. R. M. A. ,NÚCLEO DO SERVIDOR (AMBULATÓRIO),CONSULTA RETORNO SERVIDOR(A),CLINICA MEDICA - NASS,Inativo,Sexta,1970-01-01 13:00:00.000,Tarde,Inativo,2
1611,A. R. M. A. ,NÚCLEO DO SERVIDOR (AMBULATÓRIO),CONSULTA RETORNO SERVIDOR(A),CLINICA MEDICA - NASS,Inativo,Sexta,1970-01-01 10:20:00.000,Manhã,Inativo,2
1611,A. R. M. A. ,NÚCLEO DO SERVIDOR (AMBULATÓRIO),CONSULTA RETORNO SERVIDOR(A),CLINICA MEDICA - NASS,Inativo,Sexta,1970-01-01 14:40:00.000,Tarde,Inativo,2
1611,A. R. M. A. ,NÚCLEO DO SERVIDOR (AMBULATÓRIO),CONSULTA RETORNO SERVIDOR(A),CLINICA MEDICA - NASS,Inativo,Sexta,1970-01-01 16:20:00.000,Tarde,Inativo,2
1613,L. B. C. D. S. ,NÚCLEO DO SERVIDOR (AMBULATÓRIO),CONSULTA RETORNO SERVIDOR(A),CLINICA MEDICA - NASS,Inativo,Terça,1970-01-01 08:20:00.000,Manhã,Ativo,3
1613,L. B. C. D. S. ,NÚCLEO DO SERVIDOR (AMBULATÓRIO),CONSULTA PRIMEIRA VEZ SERVIDOR(A),CLINICA MEDICA - NASS,Inativo,Terça,1970-01-01 08:00:00.000,Manhã,Ativo,1
1614,W. D. F. ,NÚCLEO DO SERVIDOR (AMBULATÓRIO),CONSULTA PRIMEIRA VEZ SERVIDOR(A),CLINICA MEDICA - NASS,Inativo,Segunda,1970-01-01 13:00:00.000,Tarde,Ativo,2
1614,W. D. F. ,NÚCLEO DO SERVIDOR (AMBULATÓRIO),CONSULTA RETORNO SERVIDOR(A),CLINICA MEDICA - NASS,Inativo,Segunda,1970-01-01 14:20:00.000,Tarde,Ativo,4
1614,W. D. F. ,NÚCLEO DO SERVIDOR (AMBULATÓRIO),CONSULTA PRIMEIRA VEZ SERVIDOR(A),CLINICA MEDICA - NASS,Inativo,Terça,1970-01-01 13:00:00.000,Tarde,Ativo,2
1614,W. D. F. ,NÚCLEO DO SERVIDOR (AMBULATÓRIO),CONSULTA RETORNO SERVIDOR(A),CLINICA MEDICA - NASS,Inativo,Terça,1970-01-01 14:20:00.000,Tarde,Ativo,4
1614,W. D. F. ,NÚCLEO DO SERVIDOR (AMBULATÓRIO),CONSULTA PRIMEIRA VEZ SERVIDOR(A),CLINICA MEDICA - NASS,Inativo,Sexta,1970-01-01 13:00:00.000,Tarde,Ativo,2
1614,W. D. F. ,NÚCLEO DO SERVIDOR (AMBULATÓRIO),CONSULTA RETORNO SERVIDOR(A),CLINICA MEDICA - NASS,Inativo,Sexta,1970-01-01 14:20:00.000,Tarde,Ativo,4
1616,J. R. D. O. ,NÚCLEO DO SERVIDOR (AMBULATÓRIO),CONSULTA PRIMEIRA VEZ SERVIDOR(A),ODONTOLOGIA - NASS,Inativo,Segunda,1970-01-01 08:00:00.000,Manhã,Inativo,2
1616,J. R. D. O. ,NÚCLEO DO SERVIDOR (AMBULATÓRIO),CONSULTA RETORNO SERVIDOR(A),ODONTOLOGIA - NASS,Inativo,Segunda,1970-01-01 09:20:00.000,Manhã,Inativo,3
1616,J. R. D. O. ,NÚCLEO DO SERVIDOR (AMBULATÓRIO),CONSULTA PRIMEIRA VEZ SERVIDOR(A),ODONTOLOGIA - NASS,Inativo,Quarta,1970-01-01 13:00:00.000,Tarde,Inativo,2
1616,J. R. D. O. ,NÚCLEO DO SERVIDOR (AMBULATÓRIO),CONSULTA RETORNO SERVIDOR(A),ODONTOLOGIA - NASS,Inativo,Quarta,1970-01-01 14:20:00.000,Tarde,Inativo,3
1616,J. R. D. O. ,NÚCLEO DO SERVIDOR (AMBULATÓRIO),CONSULTA RETORNO SERVIDOR(A),ODONTOLOGIA - NASS,Inativo,Sexta,1970-01-01 09:20:00.000,Manhã,Inativo,3
1616,J. R. D. O. ,NÚCLEO DO SERVIDOR (AMBULATÓRIO),CONSULTA PRIMEIRA VEZ SERVIDOR(A),ODONTOLOGIA - NASS,Inativo,Sexta,1970-01-01 08:00:00.000,Manhã,Inativo,2
1618,W. D. M. E. S. ,NÚCLEO DO SERVIDOR (AMBULATÓRIO),CONSULTA PRIMEIRA VEZ SERVIDOR(A),PSICOLOGIA - NASS,Ativo,Segunda,1970-01-01 14:00:00.000,Tarde,Ativo,2
1618,W. D. M. E. S. ,NÚCLEO DO SERVIDOR (AMBULATÓRIO),CONSULTA RETORNO SERVIDOR(A),PSICOLOGIA - NASS,Ativo,Segunda,1970-01-01 16:00:00.000,Tarde,Ativo,3
1618,W. D. M. E. S. ,NÚCLEO DO SERVIDOR (AMBULATÓRIO),CONSULTA PRIMEIRA VEZ SERVIDOR(A),PSICOLOGIA - NASS,Ativo,Terça,1970-01-01 13:00:00.000,Tarde,Ativo,2
1618,W. D. M. E. S. ,NÚCLEO DO SERVIDOR (AMBULATÓRIO),CONSULTA RETORNO SERVIDOR(A),PSICOLOGIA - NASS,Ativo,Terça,1970-01-01 15:00:00.000,Tarde,Ativo,2
1618,W. D. M. E. S. ,NÚCLEO DO SERVIDOR (AMBULATÓRIO),CONSULTA RETORNO SERVIDOR(A),PSICOLOGIA - NASS,Ativo,Quarta,1970-01-01 14:00:00.000,Tarde,Ativo,3
1618,W. D. M. E. S. ,NÚCLEO DO SERVIDOR (AMBULATÓRIO),CONSULTA RETORNO SERVIDOR(A),PSICOLOGIA - NASS,Ativo,Quinta,1970-01-01 13:00:00.000,Tarde,Ativo,4
1618,W. D. M. E. S. ,NÚCLEO DO SERVIDOR (AMBULATÓRIO),CONSULTA RETORNO SERVIDOR(A),PSICOLOGIA - NASS,Ativo,Sexta,1970-01-01 14:00:00.000,Tarde,Ativo,5
1620,K. S. V. D. A. ,NÚCLEO DO SERVIDOR (AMBULATÓRIO),CONSULTA RETORNO SERVIDOR(A),PSICOLOGIA - NASS,Ativo,Terça,1970-01-01 14:30:00.000,Tarde,Ativo,4
1620,K. S. V. D. A. ,NÚCLEO DO SERVIDOR (AMBULATÓRIO),CONSULTA RETORNO SERVIDOR(A),PSICOLOGIA - NASS,Ativo,Quarta,1970-01-01 08:30:00.000,Manhã,Ativo,3
1620,K. S. V. D. A. ,NÚCLEO DO SERVIDOR (AMBULATÓRIO),CONSULTA RETORNO SERVIDOR(A),PSICOLOGIA - NASS,Ativo,Quinta,1970-01-01 07:30:00.000,Manhã,Ativo,5
1620,K. S. V. D. A. ,NÚCLEO DO SERVIDOR (AMBULATÓRIO),CONSULTA RETORNO SERVIDOR(A),PSICOLOGIA - NASS,Ativo,Sexta,1970-01-01 07:30:00.000,Manhã,Ativo,4
1622,B. M. D. O. M. ,NÚCLEO DO SERVIDOR (AMBULATÓRIO),CONSULTA RETORNO SERVIDOR(A),PSICOLOGIA - NASS,Ativo,Segunda,1970-01-01 08:00:00.000,Manhã,Ativo,4
1622,B. M. D. O. M. ,NÚCLEO DO SERVIDOR (AMBULATÓRIO),CONSULTA RETORNO SERVIDOR(A),PSICOLOGIA - NASS,Ativo,Segunda,1970-01-01 15:00:00.000,Tarde,Ativo,1
1622,B. M. D. O. M. ,NÚCLEO DO SERVIDOR (AMBULATÓRIO),CONSULTA RETORNO SERVIDOR(A),PSICOLOGIA - NASS,Ativo,Terça,1970-01-01 16:00:00.000,Tarde,Ativo,2
1622,B. M. D. O. M. ,NÚCLEO DO SERVIDOR (AMBULATÓRIO),CONSULTA RETORNO SERVIDOR(A),PSICOLOGIA - NASS,Ativo,Quarta,1970-01-01 08:00:00.000,Manhã,Ativo,4
1622,B. M. D. O. M. ,NÚCLEO DO SERVIDOR (AMBULATÓRIO),CONSULTA RETORNO SERVIDOR(A),PSICOLOGIA - NASS,Ativo,Quarta,1970-01-01 13:40:00.000,Tarde,Ativo,1
1622,B. M. D. O. M. ,NÚCLEO DO SERVIDOR (AMBULATÓRIO),CONSULTA RETORNO SERVIDOR(A),PSICOLOGIA - NASS,Ativo,Quarta,1970-01-01 14:00:00.000,Tarde,Ativo,1
1622,B. M. D. O. M. ,NÚCLEO DO SERVIDOR (AMBULATÓRIO),CONSULTA RETORNO SERVIDOR(A),PSICOLOGIA - NASS,Ativo,Quarta,1970-01-01 15:40:00.000,Tarde,Ativo,1
1622,B. M. D. O. M. ,NÚCLEO DO SERVIDOR (AMBULATÓRIO),CONSULTA RETORNO SERVIDOR(A),PSICOLOGIA - NASS,Ativo,Sexta,1970-01-01 08:00:00.000,Manhã,Ativo,3
1623,M. D. A. L. ,NÚCLEO DO SERVIDOR (AMBULATÓRIO),CONSULTA PRIMEIRA VEZ SERVIDOR(A),PSIQUIATRIA - NASS,Ativo,Terça,1970-01-01 10:00:00.000,Manhã,Ativo,2
1623,M. D. A. L. ,NÚCLEO DO SERVIDOR (AMBULATÓRIO),CONSULTA RETORNO SERVIDOR(A),PSIQUIATRIA - NASS,Ativo,Terça,1970-01-01 08:00:00.000,Manhã,Ativo,2
1623,M. D. A. L. ,NÚCLEO DO SERVIDOR (AMBULATÓRIO),CONSULTA RETORNO SERVIDOR(A),PSIQUIATRIA - NASS,Ativo,Terça,1970-01-01 09:00:00.000,Manhã,Ativo,2
1623,M. D. A. L. ,NÚCLEO DO SERVIDOR (AMBULATÓRIO),CONSULTA RETORNO SERVIDOR(A),PSIQUIATRIA - NASS,Ativo,Quarta,1970-01-01 08:00:00.000,Manhã,Ativo,2
1623,M. D. A. L. ,NÚCLEO DO SERVIDOR (AMBULATÓRIO),CONSULTA PRIMEIRA VEZ SERVIDOR(A),PSIQUIATRIA - NASS,Ativo,Quarta,1970-01-01 10:00:00.000,Manhã,Ativo,2
1623,M. D. A. L. ,NÚCLEO DO SERVIDOR (AMBULATÓRIO),CONSULTA RETORNO SERVIDOR(A),PSIQUIATRIA - NASS,Ativo,Quarta,1970-01-01 09:00:00.000,Manhã,Ativo,2
1624,C. K. D. S. M. ,NÚCLEO DO SERVIDOR (AMBULATÓRIO),CONSULTA RETORNO SERVIDOR(A),PSICOLOGIA - NASS,Ativo,Segunda,1970-01-01 13:00:00.000,Tarde,Ativo,4
1624,C. K. D. S. M. ,NÚCLEO DO SERVIDOR (AMBULATÓRIO),CONSULTA RETORNO SERVIDOR(A),PSICOLOGIA - NASS,Ativo,Terça,1970-01-01 08:30:00.000,Manhã,Ativo,2
1624,C. K. D. S. M. ,NÚCLEO DO SERVIDOR (AMBULATÓRIO),CONSULTA RETORNO SERVIDOR(A),PSICOLOGIA - NASS,Ativo,Terça,1970-01-01 10:20:00.000,Manhã,Ativo,1
1624,C. K. D. S. M. ,NÚCLEO DO SERVIDOR (AMBULATÓRIO),CONSULTA RETORNO SERVIDOR(A),PSICOLOGIA - NASS,Ativo,Quarta,1970-01-01 16:00:00.000,Tarde,Ativo,3
1624,C. K. D. S. M. ,NÚCLEO DO SERVIDOR (AMBULATÓRIO),CONSULTA RETORNO SERVIDOR(A),PSICOLOGIA - NASS,Ativo,Quarta,1970-01-01 14:00:00.000,Tarde,Ativo,1
1624,C. K. D. S. M. ,NÚCLEO DO SERVIDOR (AMBULATÓRIO),CONSULTA RETORNO SERVIDOR(A),PSICOLOGIA - NASS,Ativo,Quinta,1970-01-01 13:00:00.000,Tarde,Ativo,4
1624,C. K. D. S. M. ,NÚCLEO DO SERVIDOR (AMBULATÓRIO),CONSULTA RETORNO SERVIDOR(A),PSICOLOGIA - NASS,Ativo,Quinta,1970-01-01 18:00:00.000,Noite,Ativo,1
1626,S. F. G. ,NUTRIÇÃO,INTERCONSULTA,NUTRICAO - CLINICA MEDICA,Ativo,Quarta,1970-01-01 07:00:00.000,Manhã,Ativo,2
1626,S. F. G. ,NUTRIÇÃO,RETORNO,NUTRICAO - CLINICA MEDICA,Ativo,Quarta,1970-01-01 07:00:00.000,Manhã,Ativo,3
1628,S. F. G. ,NUTRIÇÃO,RETORNO,NUTRICAO - GERIATRIA,Ativo,Segunda,1970-01-01 07:00:00.000,Manhã,Ativo,4
1628,S. F. G. ,NUTRIÇÃO,INTERCONSULTA,NUTRICAO - GERIATRIA,Ativo,Segunda,1970-01-01 07:00:00.000,Manhã,Ativo,2
1630,S. F. G. ,FISIOTERAPIA,RETORNO,NUTRICAO POS-UTI,Ativo,Segunda,1970-01-01 13:00:00.000,Tarde,Ativo,3
1630,S. F. G. ,FISIOTERAPIA,INTERCONSULTA,NUTRICAO POS-UTI,Ativo,Segunda,1970-01-01 13:00:00.000,Tarde,Ativo,2
1630,S. F. G. ,FISIOTERAPIA,RETORNO,NUTRICAO POS-UTI,Ativo,Segunda,1970-01-01 07:00:00.000,Manhã,Ativo,3
1630,S. F. G. ,FISIOTERAPIA,INTERCONSULTA,NUTRICAO POS-UTI,Ativo,Segunda,1970-01-01 07:00:00.000,Manhã,Ativo,2
1632,H. F. D. P. S. V. ,CIRURGIA GERAL (AMBULATÓRIO),CONSULTA REGULADA,CIRURGIA GERAL,Inativo,Quinta,1970-01-01 10:00:00.000,Manhã,Inativo,2
1632,H. F. D. P. S. V. ,CIRURGIA GERAL (AMBULATÓRIO),INTERCONSULTA,CIRURGIA GERAL,Inativo,Quinta,1970-01-01 07:00:00.000,Manhã,Inativo,3
1632,H. F. D. P. S. V. ,CIRURGIA GERAL (AMBULATÓRIO),RETORNO,CIRURGIA GERAL,Inativo,Quinta,1970-01-01 07:00:00.000,Manhã,Inativo,7
1634,W. A. D. N. ,CIRURGIA GERAL (AMBULATÓRIO),RETORNO,CIRURGIA GERAL,Inativo,Terça,1970-01-01 13:00:00.000,Tarde,Inativo,7
1634,W. A. D. N. ,CIRURGIA GERAL (AMBULATÓRIO),CONSULTA REGULADA,CIRURGIA GERAL,Inativo,Terça,1970-01-01 15:30:00.000,Tarde,Inativo,2
1634,W. A. D. N. ,CIRURGIA GERAL (AMBULATÓRIO),INTERCONSULTA,CIRURGIA GERAL,Inativo,Terça,1970-01-01 13:00:00.000,Tarde,Inativo,3
1636,V. B. C. C. ,PSIQUIATRIA (AMBULATÓRIO),SESSAO,PSIQUIATRIA - TERAPIA DE FAMILIA E CASAL,Inativo,Segunda,1970-01-01 08:00:00.000,Manhã,Inativo,4
1636,V. B. C. C. ,PSIQUIATRIA (AMBULATÓRIO),SESSAO,PSIQUIATRIA - TERAPIA DE FAMILIA E CASAL,Inativo,Terça,1970-01-01 08:00:00.000,Manhã,Inativo,4
1636,V. B. C. C. ,PSIQUIATRIA (AMBULATÓRIO),SESSAO,PSIQUIATRIA - TERAPIA DE FAMILIA E CASAL,Inativo,Quarta,1970-01-01 08:00:00.000,Manhã,Inativo,4
1636,V. B. C. C. ,PSIQUIATRIA (AMBULATÓRIO),SESSAO,PSIQUIATRIA - TERAPIA DE FAMILIA E CASAL,Inativo,Quinta,1970-01-01 08:00:00.000,Manhã,Inativo,4
1636,V. B. C. C. ,PSIQUIATRIA (AMBULATÓRIO),SESSAO,PSIQUIATRIA - TERAPIA DE FAMILIA E CASAL,Inativo,Sexta,1970-01-01 08:00:00.000,Manhã,Inativo,4
1638,S. D. S. C. N. ,OTORRINOLARINGOLOGIA (AMBULATÓRIO),CONSULTA REGULADA,OTORRINOLARINGOLOGIA,Ativo,Quinta,1970-01-01 10:00:00.000,Manhã,Ativo,2
1638,S. D. S. C. N. ,OTORRINOLARINGOLOGIA (AMBULATÓRIO),RETORNO,OTORRINOLARINGOLOGIA,Ativo,Quinta,1970-01-01 07:00:00.000,Manhã,Ativo,2
1640,N. C. D. M. M. ,OTORRINOLARINGOLOGIA (AMBULATÓRIO),RETORNO,OTORRINOLARINGOLOGIA - OTONEURO,Ativo,Terça,1970-01-01 07:00:00.000,Manhã,Ativo,10
1642,D. F. B. L. ,OBSTETRÍCIA (AMBULATÓRIO),RETORNO,OBSTETRÍCIA - PREVENÇÃO DO PARTO PREMATURO,Inativo,Quarta,1970-01-01 10:00:00.000,Manhã,Inativo,12
1644,I. A. D. O. P. ,NEFROLOGIA (AMBULATÓRIO),RETORNO,SERVIÇO SOCIAL - NEFROLOGIA - DRC,Ativo,Terça,1970-01-01 07:00:00.000,Manhã,Ativo,1
1644,I. A. D. O. P. ,NEFROLOGIA (AMBULATÓRIO),INTERCONSULTA,SERVIÇO SOCIAL - NEFROLOGIA - DRC,Ativo,Terça,1970-01-01 07:00:00.000,Manhã,Ativo,2
1644,I. A. D. O. P. ,NEFROLOGIA (AMBULATÓRIO),RETORNO,SERVIÇO SOCIAL - NEFROLOGIA - DRC,Ativo,Terça,1970-01-01 13:00:00.000,Tarde,Ativo,1
1644,I. A. D. O. P. ,NEFROLOGIA (AMBULATÓRIO),INTERCONSULTA,SERVIÇO SOCIAL - NEFROLOGIA - DRC,Ativo,Terça,1970-01-01 13:00:00.000,Tarde,Ativo,2
1644,I. A. D. O. P. ,NEFROLOGIA (AMBULATÓRIO),INTERCONSULTA,SERVIÇO SOCIAL - NEFROLOGIA - DRC,Ativo,Quinta,1970-01-01 07:00:00.000,Manhã,Ativo,1
1644,I. A. D. O. P. ,NEFROLOGIA (AMBULATÓRIO),RETORNO,SERVIÇO SOCIAL - NEFROLOGIA - DRC,Ativo,Quinta,1970-01-01 07:00:00.000,Manhã,Ativo,2
1646,I. S. V. ,NEFROLOGIA (AMBULATÓRIO),RETORNO,SERVIÇO SOCIAL - NEFROLOGIA - DRC,Ativo,Terça,1970-01-01 07:00:00.000,Manhã,Ativo,1
1646,I. S. V. ,NEFROLOGIA (AMBULATÓRIO),INTERCONSULTA,SERVIÇO SOCIAL - NEFROLOGIA - DRC,Ativo,Terça,1970-01-01 07:00:00.000,Manhã,Ativo,2
1646,I. S. V. ,NEFROLOGIA (AMBULATÓRIO),INTERCONSULTA,SERVIÇO SOCIAL - NEFROLOGIA - DRC,Ativo,Quinta,1970-01-01 13:00:00.000,Tarde,Ativo,1
1646,I. S. V. ,NEFROLOGIA (AMBULATÓRIO),RETORNO,SERVIÇO SOCIAL - NEFROLOGIA - DRC,Ativo,Quinta,1970-01-01 13:00:00.000,Tarde,Ativo,2
1648,C. G. N. ,CIRURGIA BARIATRICA,,CIRURGIA BARIATRICA,Inativo,,,,,
1650,J. T. D. D. S. ,CIRURGIA BARIATRICA,CONSULTA REGULADA,CIRURGIA BARIATRICA,Inativo,Quinta,1970-01-01 15:30:00.000,Tarde,Ativo,1
1650,J. T. D. D. S. ,CIRURGIA BARIATRICA,INTERCONSULTA,CIRURGIA BARIATRICA,Inativo,Quinta,1970-01-01 13:00:00.000,Tarde,Ativo,1
1651,L. T. D. S. ,CIRURGIA BARIATRICA,CONSULTA REGULADA,CIRURGIA BARIATRICA,Ativo,Terça,1970-01-01 10:00:00.000,Manhã,Ativo,1
1652,C. M. P. ,CARDIOLOGIA (AMBULATÓRIO),RETORNO,CARDIO - GERIATRIA,Inativo,Sexta,1970-01-01 07:00:00.000,Manhã,Ativo,6
1654,F. A. C. ,GINECOLOGIA (AMBULATÓRIO),,GINECOLOGIA - TRIAGEM DA ENDOSCOPIA,Inativo,,,,,
1656,M. A. D. C. J. ,ORTOPEDIA (AMBULATÓRIO),RETORNO,ORTOPEDIA - JOELHO,Ativo,Segunda,1970-01-01 07:00:00.000,Manhã,Ativo,6
1656,M. A. D. C. J. ,ORTOPEDIA (AMBULATÓRIO),CONSULTA REGULADA,ORTOPEDIA - JOELHO,Ativo,Segunda,1970-01-01 10:00:00.000,Manhã,Ativo,4
1658,C. J. D. B. C. ,NEFROLOGIA (AMBULATÓRIO),RETORNO,NEFROLOGIA - IRC,Ativo,Terça,1970-01-01 13:00:00.000,Tarde,Ativo,9
1660,C. D. O. C. B. S. ,TERAPIA OCUPACIONAL,RETORNO,TERAPIA OCUPACIONAL - SAUDE MENTAL INFANTIL,Inativo,Segunda,1970-01-01 13:00:00.000,Tarde,Ativo,8
1660,C. D. O. C. B. S. ,TERAPIA OCUPACIONAL,RETORNO,TERAPIA OCUPACIONAL - SAUDE MENTAL INFANTIL,Inativo,Terça,1970-01-01 07:00:00.000,Manhã,Ativo,7
1660,C. D. O. C. B. S. ,TERAPIA OCUPACIONAL,RETORNO,TERAPIA OCUPACIONAL - SAUDE MENTAL INFANTIL,Inativo,Quarta,1970-01-01 07:00:00.000,Manhã,Ativo,7
1660,C. D. O. C. B. S. ,TERAPIA OCUPACIONAL,RETORNO,TERAPIA OCUPACIONAL - SAUDE MENTAL INFANTIL,Inativo,Quinta,1970-01-01 07:00:00.000,Manhã,Ativo,7
1660,C. D. O. C. B. S. ,TERAPIA OCUPACIONAL,RETORNO,TERAPIA OCUPACIONAL - SAUDE MENTAL INFANTIL,Inativo,Sexta,1970-01-01 13:00:00.000,Tarde,Ativo,8
1662,A. C. B. ,TERAPIA OCUPACIONAL,RETORNO,TERAPIA OCUPACIONAL - ADULTO,Ativo,Segunda,1970-01-01 07:00:00.000,Manhã,Ativo,8
1662,A. C. B. ,TERAPIA OCUPACIONAL,RETORNO,TERAPIA OCUPACIONAL - ADULTO,Ativo,Terça,1970-01-01 07:00:00.000,Manhã,Ativo,8
1662,A. C. B. ,TERAPIA OCUPACIONAL,RETORNO,TERAPIA OCUPACIONAL - ADULTO,Ativo,Quarta,1970-01-01 13:00:00.000,Tarde,Ativo,8
1662,A. C. B. ,TERAPIA OCUPACIONAL,RETORNO,TERAPIA OCUPACIONAL - ADULTO,Ativo,Quinta,1970-01-01 13:00:00.000,Tarde,Ativo,8
1664,N. R. M. D. S. ,TERAPIA OCUPACIONAL,RETORNO,TERAPIA OCUPACIONAL - SAUDE MENTAL,Inativo,Terça,1970-01-01 13:00:00.000,Tarde,Ativo,8
1666,R. A. ,CIRURGIA PLÁSTICA (AMBULATÓRIO),CONSULTA REGULADA,CIRURGIA PLASTICA - TRIAGEM,Ativo,Terça,1970-01-01 10:00:00.000,Manhã,Ativo,6
1666,R. A. ,CIRURGIA PLÁSTICA (AMBULATÓRIO),INTERCONSULTA,CIRURGIA PLASTICA - TRIAGEM,Ativo,Terça,1970-01-01 07:00:00.000,Manhã,Ativo,2
1668,E. F. D. M. J. ,OBSTETRÍCIA (AMBULATÓRIO),RETORNO,OBSTETRÍCIA - PREVENÇÃO DE PRÉ-ECLÂMPSIA,Inativo,Terça,1970-01-01 13:00:00.000,Tarde,Inativo,10
1670,D. S. D. M. B. G. ,OBSTETRÍCIA (AMBULATÓRIO),RETORNO,OBSTETRICIA - PRE NATAL DE ENSINO,Ativo,Sexta,1970-01-01 07:00:00.000,Manhã,Ativo,4
1672,L. G. A. V. ,OTORRINOLARINGOLOGIA (AMBULATÓRIO),EXAME,OTORRINOLARINGOLOGIA - EXAME OTONEURO,Inativo,Segunda,1970-01-01 13:00:00.000,Tarde,Ativo,2
1672,L. G. A. V. ,OTORRINOLARINGOLOGIA (AMBULATÓRIO),EXAME,OTORRINOLARINGOLOGIA - EXAME OTONEURO,Inativo,Terça,1970-01-01 07:00:00.000,Manhã,Ativo,2
1672,L. G. A. V. ,OTORRINOLARINGOLOGIA (AMBULATÓRIO),EXAME,OTORRINOLARINGOLOGIA - EXAME OTONEURO,Inativo,Quarta,1970-01-01 13:00:00.000,Tarde,Ativo,2
1672,L. G. A. V. ,OTORRINOLARINGOLOGIA (AMBULATÓRIO),EXAME,OTORRINOLARINGOLOGIA - EXAME OTONEURO,Inativo,Quarta,1970-01-01 07:00:00.000,Manhã,Ativo,2
1674,J. A. F. ,NUTRIÇÃO,RETORNO,NUTRICAO - REUMATOLOGIA,Inativo,Terça,1970-01-01 07:00:00.000,Manhã,Ativo,4
1674,J. A. F. ,NUTRIÇÃO,INTERCONSULTA,NUTRICAO - REUMATOLOGIA,Inativo,Terça,1970-01-01 07:00:00.000,Manhã,Ativo,2
1676,I. S. C. M. ,PEDIATRIA (AMBULATÓRIO),RETORNO,NUTRICAO - GASTROPEDIATRIA,Ativo,Segunda,1970-01-01 07:00:00.000,Manhã,Ativo,2
1676,I. S. C. M. ,PEDIATRIA (AMBULATÓRIO),RETORNO,NUTRICAO - GASTROPEDIATRIA,Ativo,Terça,1970-01-01 07:00:00.000,Manhã,Ativo,2
1678,T. O. C. D. S. ,NEFROLOGIA (AMBULATÓRIO),RETORNO,NEFROLOGIA,Inativo,Sexta,1970-01-01 13:00:00.000,Tarde,Inativo,8
1678,T. O. C. D. S. ,NEFROLOGIA (AMBULATÓRIO),INTERCONSULTA,NEFROLOGIA,Inativo,Sexta,1970-01-01 13:00:00.000,Tarde,Inativo,1
1680,J. C. D. A. L. S. ,NEFROLOGIA (AMBULATÓRIO),RETORNO,NEFROLOGIA - CAPD,Ativo,Quinta,1970-01-01 07:00:00.000,Manhã,Ativo,4
1682,L. M. D. S. ,ONCOLOGIA (AMBULATÓRIO),INTERCONSULTA,CIRURGIA ONCOLOGICA,Ativo,Quarta,1970-01-01 13:00:00.000,Tarde,Ativo,3
1682,L. M. D. S. ,ONCOLOGIA (AMBULATÓRIO),RETORNO,CIRURGIA ONCOLOGICA,Ativo,Quarta,1970-01-01 13:00:00.000,Tarde,Ativo,10
1684,C. E. D. C. ,PSICOLOGIA (AMBULATÓRIO),RETORNO,PSICOLOGIA,Inativo,Segunda,1970-01-01 07:00:00.000,Manhã,Inativo,7
1684,C. E. D. C. ,PSICOLOGIA (AMBULATÓRIO),RETORNO,PSICOLOGIA,Inativo,Terça,1970-01-01 07:00:00.000,Manhã,Inativo,7
1684,C. E. D. C. ,PSICOLOGIA (AMBULATÓRIO),RETORNO,PSICOLOGIA,Inativo,Quarta,1970-01-01 07:00:00.000,Manhã,Inativo,7
1684,C. E. D. C. ,PSICOLOGIA (AMBULATÓRIO),RETORNO,PSICOLOGIA,Inativo,Quinta,1970-01-01 07:00:00.000,Manhã,Inativo,7
1684,C. E. D. C. ,PSICOLOGIA (AMBULATÓRIO),RETORNO,PSICOLOGIA,Inativo,Sexta,1970-01-01 07:00:00.000,Manhã,Inativo,7
1686,V. B. C. C. ,PSIQUIATRIA (AMBULATÓRIO),RETORNO,PSIQUIATRIA - TERAPIA FAMILIAR,Ativo,Segunda,1970-01-01 07:00:00.000,Manhã,Ativo,4
1686,V. B. C. C. ,PSIQUIATRIA (AMBULATÓRIO),RETORNO,PSIQUIATRIA - TERAPIA FAMILIAR,Ativo,Terça,1970-01-01 07:00:00.000,Manhã,Ativo,4
1686,V. B. C. C. ,PSIQUIATRIA (AMBULATÓRIO),RETORNO,PSIQUIATRIA - TERAPIA FAMILIAR,Ativo,Quarta,1970-01-01 07:00:00.000,Manhã,Ativo,4
1686,V. B. C. C. ,PSIQUIATRIA (AMBULATÓRIO),RETORNO,PSIQUIATRIA - TERAPIA FAMILIAR,Ativo,Quinta,1970-01-01 07:00:00.000,Manhã,Ativo,4
1688,V. B. C. C. ,PSIQUIATRIA (AMBULATÓRIO),INTERCONSULTA,PSIQUIATRIA - TERAPIA FAMILIAR - TRIAGEM,Inativo,Sexta,1970-01-01 07:00:00.000,Manhã,Ativo,1
1690,M. M. C. ,ESPAÇO TRANS (AMBULATÓRIO),RETORNO,PSICOLOGIA - ESPAÇO TRANS,Inativo,Terça,1970-01-01 13:00:00.000,Tarde,Inativo,2
1690,M. M. C. ,ESPAÇO TRANS (AMBULATÓRIO),RETORNO,PSICOLOGIA - ESPAÇO TRANS,Inativo,Terça,1970-01-01 07:00:00.000,Manhã,Inativo,5
1690,M. M. C. ,ESPAÇO TRANS (AMBULATÓRIO),RETORNO,PSICOLOGIA - ESPAÇO TRANS,Inativo,Sexta,1970-01-01 07:00:00.000,Manhã,Inativo,2
1692,M. M. C. ,PSICOLOGIA (AMBULATÓRIO),RETORNO,PSICOLOGIA,Inativo,Terça,1970-01-01 08:00:00.000,Manhã,Inativo,5
1694,D. C. C. P. ,INFECTOLOGIA (AMBULATÓRIO),INTERCONSULTA,DIP - INFECTOLOGIA HOSPITALAR,Ativo,Terça,1970-01-01 08:00:00.000,Manhã,Ativo,3
1694,D. C. C. P. ,INFECTOLOGIA (AMBULATÓRIO),PRIMEIRA CONSULTA,DIP - INFECTOLOGIA HOSPITALAR,Ativo,Terça,1970-01-01 08:00:00.000,Manhã,Ativo,1
1694,D. C. C. P. ,INFECTOLOGIA (AMBULATÓRIO),RETORNO,DIP - INFECTOLOGIA HOSPITALAR,Ativo,Terça,1970-01-01 08:00:00.000,Manhã,Ativo,4
1696,S. V. G. B. ,INFECTOLOGIA (AMBULATÓRIO),RETORNO,DIP ESPECIAL,Ativo,Terça,1970-01-01 13:00:00.000,Tarde,Ativo,6
1696,S. V. G. B. ,INFECTOLOGIA (AMBULATÓRIO),INTERCONSULTA,DIP ESPECIAL,Ativo,Terça,1970-01-01 13:00:00.000,Tarde,Ativo,1
1696,S. V. G. B. ,INFECTOLOGIA (AMBULATÓRIO),PRIMEIRA CONSULTA,DIP ESPECIAL,Ativo,Terça,1970-01-01 13:00:00.000,Tarde,Ativo,1
1699,M. I. R. D. A. ,CLÍNICA MÉDICA (AMBULATÓRIO),INTERCONSULTA,CLINICA MEDICA - ENSINO,Inativo,Quinta,1970-01-01 10:00:00.000,Manhã,Ativo,2
1700,D. C. O. ,CLÍNICA MÉDICA (AMBULATÓRIO),INTERCONSULTA,CLINICA MEDICA - ENSINO,Ativo,Segunda,1970-01-01 07:30:00.000,Manhã,Ativo,1
1701,L. F. D. R. J. ,CLÍNICA MÉDICA (AMBULATÓRIO),INTERCONSULTA,CLINICA MEDICA - ENSINO,Ativo,Terça,1970-01-01 07:30:00.000,Manhã,Ativo,1
1702,A. F. D. V. ,CLÍNICA MÉDICA (AMBULATÓRIO),INTERCONSULTA,CLINICA MEDICA - ENSINO,Inativo,Segunda,1970-01-01 07:30:00.000,Manhã,Ativo,2
1704,L. H. D. O. C. ,CLÍNICA MÉDICA (AMBULATÓRIO),INTERCONSULTA,CLINICA MEDICA - ENSINO,Inativo,Terça,1970-01-01 07:30:00.000,Manhã,Ativo,2
1706,E. F. D. D. A. ,OFTALMOLOGIA (AMBULATÓRIO),EXAME,OFTALMOLOGIA - OCT NERVO OPTICO,Inativo,Segunda,1970-01-01 07:00:00.000,Manhã,Ativo,5
1706,E. F. D. D. A. ,OFTALMOLOGIA (AMBULATÓRIO),EXAME,OFTALMOLOGIA - OCT NERVO OPTICO,Inativo,Segunda,1970-01-01 13:00:00.000,Tarde,Ativo,5
1708,R. C. D. B. ,OBSTETRÍCIA (AMBULATÓRIO),,ENFERMAGEM - TRIAGEM OBSTETRICA,Inativo,,,,,
1710,A. D. M. ,OBSTETRÍCIA (AMBULATÓRIO),,TRIAGEM OBSTETRICA,Ativo,,,,,
1712,P. C. V. C. D. A. ,ORTOPEDIA (AMBULATÓRIO),RETORNO,ORTOPEDIA - JOELHO,Ativo,Quarta,1970-01-01 07:00:00.000,Manhã,Ativo,6
1714,T. D. A. D. L. ,URGENCIA E EMERGENCIA,,ENFERMAGEM - SALA DE SUPORTE CLINICO,Ativo,,,,,
1716,T. D. A. D. L. ,URGENCIA E EMERGENCIA,,ENFERMAGEM - SALA DE PRECAUCAO COVID-19,Ativo,,,,,
1718,R. D. C. C. ,ONCOLOGIA (AMBULATÓRIO),RETORNO,PSICOLOGIA - ONCOLOGIA,Ativo,Segunda,1970-01-01 07:00:00.000,Manhã,Ativo,4
1718,R. D. C. C. ,ONCOLOGIA (AMBULATÓRIO),RETORNO,PSICOLOGIA - ONCOLOGIA,Ativo,Terça,1970-01-01 13:00:00.000,Tarde,Ativo,3
1718,R. D. C. C. ,ONCOLOGIA (AMBULATÓRIO),RETORNO,PSICOLOGIA - ONCOLOGIA,Ativo,Quarta,1970-01-01 07:00:00.000,Manhã,Ativo,2
1718,R. D. C. C. ,ONCOLOGIA (AMBULATÓRIO),RETORNO,PSICOLOGIA - ONCOLOGIA,Ativo,Quarta,1970-01-01 13:00:00.000,Tarde,Ativo,2
1718,R. D. C. C. ,ONCOLOGIA (AMBULATÓRIO),RETORNO,PSICOLOGIA - ONCOLOGIA,Ativo,Quinta,1970-01-01 07:00:00.000,Manhã,Ativo,4
1718,R. D. C. C. ,ONCOLOGIA (AMBULATÓRIO),RETORNO,PSICOLOGIA - ONCOLOGIA,Ativo,Sexta,1970-01-01 07:00:00.000,Manhã,Ativo,2
1718,R. D. C. C. ,ONCOLOGIA (AMBULATÓRIO),RETORNO,PSICOLOGIA - ONCOLOGIA,Ativo,Sexta,1970-01-01 13:00:00.000,Tarde,Ativo,3
1720,E. F. D. M. J. ,OBSTETRÍCIA (AMBULATÓRIO),,TRIAGEM OBSTETRICA,Inativo,,,,,
1722,N. D. S. L. ,URGENCIA E EMERGENCIA,,ESTABILIZACAO,Ativo,,,,,
1724,L. P. D. A. ,GASTROENTEROLOGIA (AMBULATÓRIO),RETORNO,ENFERMAGEM - GASTROENTEROLOGIA (METOTREXATO),Ativo,Quarta,1970-01-01 07:00:00.000,Manhã,Ativo,20
1726,N. L. D. S. S. ,NEUROLOGIA (AMBULATÓRIO),RETORNO,ENFERMAGEM - NAVEGACAO - NEUROLOGIA,Ativo,Segunda,1970-01-01 07:00:00.000,Manhã,Ativo,10
1726,N. L. D. S. S. ,NEUROLOGIA (AMBULATÓRIO),RETORNO,ENFERMAGEM - NAVEGACAO - NEUROLOGIA,Ativo,Terça,1970-01-01 07:00:00.000,Manhã,Ativo,10
1726,N. L. D. S. S. ,NEUROLOGIA (AMBULATÓRIO),RETORNO,ENFERMAGEM - NAVEGACAO - NEUROLOGIA,Ativo,Quarta,1970-01-01 07:00:00.000,Manhã,Ativo,10
1726,N. L. D. S. S. ,NEUROLOGIA (AMBULATÓRIO),RETORNO,ENFERMAGEM - NAVEGACAO - NEUROLOGIA,Ativo,Quinta,1970-01-01 07:00:00.000,Manhã,Ativo,10
1726,N. L. D. S. S. ,NEUROLOGIA (AMBULATÓRIO),RETORNO,ENFERMAGEM - NAVEGACAO - NEUROLOGIA,Ativo,Sexta,1970-01-01 07:00:00.000,Manhã,Ativo,10
1728,M. M. M. ,NEUROLOGIA (AMBULATÓRIO),RETORNO,ENFERMAGEM - NAVEGACAO - NEUROLOGIA,Ativo,Segunda,1970-01-01 13:00:00.000,Tarde,Ativo,10
1728,M. M. M. ,NEUROLOGIA (AMBULATÓRIO),RETORNO,ENFERMAGEM - NAVEGACAO - NEUROLOGIA,Ativo,Terça,1970-01-01 13:00:00.000,Tarde,Ativo,10
1728,M. M. M. ,NEUROLOGIA (AMBULATÓRIO),RETORNO,ENFERMAGEM - NAVEGACAO - NEUROLOGIA,Ativo,Quarta,1970-01-01 13:00:00.000,Tarde,Ativo,10
1728,M. M. M. ,NEUROLOGIA (AMBULATÓRIO),RETORNO,ENFERMAGEM - NAVEGACAO - NEUROLOGIA,Ativo,Quinta,1970-01-01 13:00:00.000,Tarde,Ativo,10
1728,M. M. M. ,NEUROLOGIA (AMBULATÓRIO),RETORNO,ENFERMAGEM - NAVEGACAO - NEUROLOGIA,Ativo,Sexta,1970-01-01 13:00:00.000,Tarde,Ativo,10
1730,M. T. C. L. ,PEDIATRIA (AMBULATÓRIO),,PEDIATRIA - GASTRO - APLV,Inativo,,,,,
1732,N. G. C. ,REUMATOLOGIA (AMBULATÓRIO),EXAME,REUMATOLOGIA - USG,Ativo,Segunda,1970-01-01 15:00:00.000,Tarde,Ativo,6
1734,A. L. B. P. D. ,REUMATOLOGIA (AMBULATÓRIO),EXAME,REUMATOLOGIA - USG,Ativo,Terça,1970-01-01 13:00:00.000,Tarde,Ativo,5
1734,A. L. B. P. D. ,REUMATOLOGIA (AMBULATÓRIO),EXAME,REUMATOLOGIA - USG,Ativo,Terça,1970-01-01 07:00:00.000,Manhã,Ativo,5
1734,A. L. B. P. D. ,REUMATOLOGIA (AMBULATÓRIO),EXAME,REUMATOLOGIA - USG,Ativo,Quarta,1970-01-01 13:00:00.000,Tarde,Ativo,5
1736,G. C. D. S. F. ,CIRURGIA BUCOMAXILOFACIAL (AMBULATÓRIO),INTERCONSULTA,BUCOMAXILOFACIAL,Ativo,Quarta,1970-01-01 13:00:00.000,Tarde,Ativo,3
1736,G. C. D. S. F. ,CIRURGIA BUCOMAXILOFACIAL (AMBULATÓRIO),RETORNO,BUCOMAXILOFACIAL,Ativo,Quarta,1970-01-01 13:00:00.000,Tarde,Ativo,7
1738,G. P. D. S. ,UROLOGIA (AMBULATÓRIO),RETORNO,ENFERMAGEM - UROLOGIA,Ativo,Segunda,1970-01-01 07:00:00.000,Manhã,Ativo,15
1738,G. P. D. S. ,UROLOGIA (AMBULATÓRIO),RETORNO,ENFERMAGEM - UROLOGIA,Ativo,Terça,1970-01-01 07:00:00.000,Manhã,Ativo,15
1738,G. P. D. S. ,UROLOGIA (AMBULATÓRIO),RETORNO,ENFERMAGEM - UROLOGIA,Ativo,Quarta,1970-01-01 07:00:00.000,Manhã,Ativo,15
1738,G. P. D. S. ,UROLOGIA (AMBULATÓRIO),RETORNO,ENFERMAGEM - UROLOGIA,Ativo,Quinta,1970-01-01 07:00:00.000,Manhã,Ativo,15
1738,G. P. D. S. ,UROLOGIA (AMBULATÓRIO),RETORNO,ENFERMAGEM - UROLOGIA,Ativo,Sexta,1970-01-01 15:00:00.000,Tarde,Ativo,4
1738,G. P. D. S. ,UROLOGIA (AMBULATÓRIO),RETORNO,ENFERMAGEM - UROLOGIA,Ativo,Sexta,1970-01-01 07:00:00.000,Manhã,Ativo,15
1740,C. D. D. S. C. R. ,UROLOGIA (AMBULATÓRIO),RETORNO,ENFERMAGEM - UROLOGIA,Ativo,Segunda,1970-01-01 07:00:00.000,Manhã,Ativo,15
1740,C. D. D. S. C. R. ,UROLOGIA (AMBULATÓRIO),RETORNO,ENFERMAGEM - UROLOGIA,Ativo,Terça,1970-01-01 07:00:00.000,Manhã,Ativo,15
1740,C. D. D. S. C. R. ,UROLOGIA (AMBULATÓRIO),RETORNO,ENFERMAGEM - UROLOGIA,Ativo,Quarta,1970-01-01 07:00:00.000,Manhã,Ativo,15
1740,C. D. D. S. C. R. ,UROLOGIA (AMBULATÓRIO),RETORNO,ENFERMAGEM - UROLOGIA,Ativo,Quinta,1970-01-01 07:00:00.000,Manhã,Ativo,15
1740,C. D. D. S. C. R. ,UROLOGIA (AMBULATÓRIO),RETORNO,ENFERMAGEM - UROLOGIA,Ativo,Sexta,1970-01-01 15:00:00.000,Tarde,Ativo,4
1740,C. D. D. S. C. R. ,UROLOGIA (AMBULATÓRIO),RETORNO,ENFERMAGEM - UROLOGIA,Ativo,Sexta,1970-01-01 07:00:00.000,Manhã,Ativo,15
1742,N. G. C. ,REUMATOLOGIA (AMBULATÓRIO),RETORNO,REUMATOLOGIA - GOTA,Inativo,Terça,1970-01-01 13:00:00.000,Tarde,Ativo,5
1744,N. G. C. ,REUMATOLOGIA (AMBULATÓRIO),,REUMATOLOGIA - INFILTRACOES,Inativo,,,,,
1746,P. A. D. C. ,GINECOLOGIA (AMBULATÓRIO),RETORNO,GINECOLOGIA - MARCACAO CIRURGICA,Inativo,Segunda,1970-01-01 08:00:00.000,Manhã,Inativo,12
1748,A. R. F. ,CIRURGIA BARIATRICA,INTERCONSULTA,NUTRIÇÃO - PRÉ BARIÁTRICA,Inativo,Terça,1970-01-01 13:00:00.000,Tarde,Ativo,2
1748,A. R. F. ,CIRURGIA BARIATRICA,RETORNO,NUTRIÇÃO - PRÉ BARIÁTRICA,Inativo,Terça,1970-01-01 13:00:00.000,Tarde,Ativo,4
1750,A. R. F. ,CIRURGIA BARIATRICA,INTERCONSULTA,NUTRIÇÃO - CIRURGIA BARIÁTRICA,Inativo,Terça,1970-01-01 07:00:00.000,Manhã,Ativo,2
1750,A. R. F. ,CIRURGIA BARIATRICA,RETORNO,NUTRIÇÃO - CIRURGIA BARIÁTRICA,Inativo,Terça,1970-01-01 07:00:00.000,Manhã,Ativo,4
1752,R. J. F. G. ,SERVICO SOCIAL,,SERVICO SOCIAL - ATENCAO AMBULATORIAL,Ativo,,,,,
1754,J. F. D. S. S. ,PSICOLOGIA (AMBULATÓRIO),RETORNO,PSICOLOGIA,Inativo,Sexta,1970-01-01 07:00:00.000,Manhã,Inativo,3
1756,A. S. P. A. ,NUTRIÇÃO,RETORNO,NUTRICAO - REUMATOLOGIA,Inativo,Terça,1970-01-01 07:00:00.000,Manhã,Inativo,2
1756,A. S. P. A. ,NUTRIÇÃO,INTERCONSULTA,NUTRICAO - REUMATOLOGIA,Inativo,Terça,1970-01-01 07:00:00.000,Manhã,Inativo,2
1758,V. M. S. ,OBSTETRÍCIA (AMBULATÓRIO),RETORNO,OBSTETRICIA - DISFUNCOES SEXUAIS,Inativo,Quarta,1970-01-01 13:00:00.000,Tarde,Ativo,2
1760,A. P. P. D. S. V. ,CIRURGIA BARIATRICA,RETORNO,ENFERMAGEM - NAVEGACAO - BARIATRICA,Inativo,Segunda,1970-01-01 13:00:00.000,Tarde,Ativo,5
1760,A. P. P. D. S. V. ,CIRURGIA BARIATRICA,RETORNO,ENFERMAGEM - NAVEGACAO - BARIATRICA,Inativo,Segunda,1970-01-01 07:00:00.000,Manhã,Ativo,5
1760,A. P. P. D. S. V. ,CIRURGIA BARIATRICA,INTERCONSULTA,ENFERMAGEM - NAVEGACAO - BARIATRICA,Inativo,Quinta,1970-01-01 13:00:00.000,Tarde,Ativo,3
1760,A. P. P. D. S. V. ,CIRURGIA BARIATRICA,CONSULTA REGULADA,ENFERMAGEM - NAVEGACAO - BARIATRICA,Inativo,Quinta,1970-01-01 15:30:00.000,Tarde,Ativo,2
1762,E. B. S. D. M. ,CIRURGIA BARIATRICA,RETORNO,ENFERMAGEM - NAVEGACAO - BARIATRICA,Inativo,Segunda,1970-01-01 07:00:00.000,Manhã,Ativo,5
1762,E. B. S. D. M. ,CIRURGIA BARIATRICA,RETORNO,ENFERMAGEM - NAVEGACAO - BARIATRICA,Inativo,Segunda,1970-01-01 13:00:00.000,Tarde,Ativo,5
1762,E. B. S. D. M. ,CIRURGIA BARIATRICA,CONSULTA REGULADA,ENFERMAGEM - NAVEGACAO - BARIATRICA,Inativo,Terça,1970-01-01 10:00:00.000,Manhã,Ativo,2
1762,E. B. S. D. M. ,CIRURGIA BARIATRICA,INTERCONSULTA,ENFERMAGEM - NAVEGACAO - BARIATRICA,Inativo,Terça,1970-01-01 07:00:00.000,Manhã,Ativo,3
1764,S. L. C. ,GERIATRIA (AMBULATORIO),RETORNO,ENFERMAGEM - NAVEGACAO - GERIATRIA,Ativo,Quarta,1970-01-01 07:00:00.000,Manhã,Ativo,5
1766,J. R. R. D. S. ,HEMATOLOGIA (AMBULATÓRIO),RETORNO,ENFERMAGEM - NAVEGACAO - HEMATOLOGIA,Ativo,Segunda,1970-01-01 07:00:00.000,Manhã,Ativo,3
1766,J. R. R. D. S. ,HEMATOLOGIA (AMBULATÓRIO),RETORNO,ENFERMAGEM - NAVEGACAO - HEMATOLOGIA,Ativo,Terça,1970-01-01 07:00:00.000,Manhã,Ativo,3
1766,J. R. R. D. S. ,HEMATOLOGIA (AMBULATÓRIO),RETORNO,ENFERMAGEM - NAVEGACAO - HEMATOLOGIA,Ativo,Quarta,1970-01-01 07:00:00.000,Manhã,Ativo,3
1766,J. R. R. D. S. ,HEMATOLOGIA (AMBULATÓRIO),RETORNO,ENFERMAGEM - NAVEGACAO - HEMATOLOGIA,Ativo,Quinta,1970-01-01 07:00:00.000,Manhã,Ativo,3
1766,J. R. R. D. S. ,HEMATOLOGIA (AMBULATÓRIO),RETORNO,ENFERMAGEM - NAVEGACAO - HEMATOLOGIA,Ativo,Sexta,1970-01-01 07:00:00.000,Manhã,Ativo,3
1768,O. B. D. O. ,ENDOCRINOLOGIA (AMBULATÓRIO),RETORNO,ENFERMAGEM - NAVEGACAO - ENDOCRINOLOGIA,Ativo,Segunda,1970-01-01 07:00:00.000,Manhã,Ativo,5
1768,O. B. D. O. ,ENDOCRINOLOGIA (AMBULATÓRIO),RETORNO,ENFERMAGEM - NAVEGACAO - ENDOCRINOLOGIA,Ativo,Terça,1970-01-01 07:00:00.000,Manhã,Ativo,5
1768,O. B. D. O. ,ENDOCRINOLOGIA (AMBULATÓRIO),RETORNO,ENFERMAGEM - NAVEGACAO - ENDOCRINOLOGIA,Ativo,Quarta,1970-01-01 07:00:00.000,Manhã,Ativo,5
1768,O. B. D. O. ,ENDOCRINOLOGIA (AMBULATÓRIO),RETORNO,ENFERMAGEM - NAVEGACAO - ENDOCRINOLOGIA,Ativo,Quinta,1970-01-01 07:00:00.000,Manhã,Ativo,5
1768,O. B. D. O. ,ENDOCRINOLOGIA (AMBULATÓRIO),RETORNO,ENFERMAGEM - NAVEGACAO - ENDOCRINOLOGIA,Ativo,Sexta,1970-01-01 07:00:00.000,Manhã,Ativo,5
1772,A. A. V. S. ,PEDIATRIA (AMBULATÓRIO),RETORNO,ENFERMAGEM - NAVEGACAO - ENDOCRINO PEDIATRIA,Ativo,Terça,1970-01-01 07:00:00.000,Manhã,Ativo,5
1772,A. A. V. S. ,PEDIATRIA (AMBULATÓRIO),RETORNO,ENFERMAGEM - NAVEGACAO - ENDOCRINO PEDIATRIA,Ativo,Quinta,1970-01-01 13:00:00.000,Tarde,Ativo,5
1774,G. C. M. S. ,PEDIATRIA (AMBULATÓRIO),RETORNO,ENFERMAGEM - NAVEGACAO - ENDOCRINO PEDIATRIA,Ativo,Terça,1970-01-01 07:00:00.000,Manhã,Ativo,5
1774,G. C. M. S. ,PEDIATRIA (AMBULATÓRIO),RETORNO,ENFERMAGEM - NAVEGACAO - ENDOCRINO PEDIATRIA,Ativo,Quinta,1970-01-01 13:00:00.000,Tarde,Ativo,5
1775,K. L. A. B. ,PEDIATRIA (AMBULATÓRIO),RETORNO,ENFERMAGEM - NAVEGACAO - ENDOCRINO PEDIATRIA,Ativo,Terça,1970-01-01 07:00:00.000,Manhã,Ativo,5
1775,K. L. A. B. ,PEDIATRIA (AMBULATÓRIO),RETORNO,ENFERMAGEM - NAVEGACAO - ENDOCRINO PEDIATRIA,Ativo,Quinta,1970-01-01 13:00:00.000,Tarde,Ativo,5
1778,G. L. D. C. ,ORTOPEDIA (AMBULATÓRIO),RETORNO,ORTOPEDIA - JOELHO,Ativo,Terça,1970-01-01 13:00:00.000,Tarde,Ativo,12
1778,G. L. D. C. ,ORTOPEDIA (AMBULATÓRIO),CONSULTA REGULADA,ORTOPEDIA - JOELHO,Ativo,Terça,1970-01-01 15:30:00.000,Tarde,Ativo,3
1780,G. C. D. S. F. ,ONCOLOGIA (AMBULATÓRIO),INTERCONSULTA,ONCOLOGIA - ODONTOLOGIA,Inativo,Sexta,1970-01-01 13:00:00.000,Tarde,Inativo,3
1780,G. C. D. S. F. ,ONCOLOGIA (AMBULATÓRIO),RETORNO,ONCOLOGIA - ODONTOLOGIA,Inativo,Sexta,1970-01-01 13:00:00.000,Tarde,Inativo,7
1782,K. T. D. M. C. ,GERIATRIA (AMBULATORIO),INTERCONSULTA,GERIATRIA - TRIAGEM,Inativo,Segunda,1970-01-01 07:00:00.000,Manhã,Inativo,
1782,K. T. D. M. C. ,GERIATRIA (AMBULATORIO),INTERCONSULTA,GERIATRIA - TRIAGEM,Inativo,Segunda,1970-01-01 14:00:00.000,Tarde,Inativo,
1782,K. T. D. M. C. ,GERIATRIA (AMBULATORIO),INTERCONSULTA,GERIATRIA - TRIAGEM,Inativo,Quarta,1970-01-01 07:00:00.000,Manhã,Inativo,
1782,K. T. D. M. C. ,GERIATRIA (AMBULATORIO),INTERCONSULTA,GERIATRIA - TRIAGEM,Inativo,Quinta,1970-01-01 13:00:00.000,Tarde,Inativo,
1784,M. C. M. C. L. ,HEMATOLOGIA (AMBULATÓRIO),RETORNO,HEMATOLOGIA - QUIMIOTERAPIA,Ativo,Terça,1970-01-01 07:00:00.000,Manhã,Ativo,10
1786,C. M. M. D. ,OBSTETRÍCIA (AMBULATÓRIO),,ENFERMAGEM - TRIAGEM OBSTETRICA,Inativo,,,,,
1788,J. Q. S. P. D. M. ,OBSTETRÍCIA (AMBULATÓRIO),,ENFERMAGEM - TRIAGEM OBSTETRICA,Ativo,,,,,
1790,M. D. L. G. ,GINECOLOGIA (AMBULATÓRIO),RETORNO,GINECOLOGIA - TGI - BAIXO E ALTO GRAU,Inativo,Quarta,1970-01-01 07:00:00.000,Manhã,Ativo,6
1792,A. D. S. A. C. ,GINECOLOGIA (AMBULATÓRIO),RETORNO,GINECOLOGIA - TGI - VOLTA PATOLOGIA CERVICAL,Ativo,Quarta,1970-01-01 07:00:00.000,Manhã,Ativo,4
1794,A. B. D. M. D. S. L. ,CARDIOLOGIA (AMBULATÓRIO),RETORNO,CARDIO - RENAL,Inativo,Segunda,1970-01-01 13:00:00.000,Tarde,Ativo,8
1796,E. P. S. ,PROTECAO DA CRIANCA E ADOLESC CONTRA VIOLENCIA,RETORNO,PROTECAO DA CRIANCA E ADOLESC. - PEDIATRIA,Ativo,Terça,1970-01-01 07:00:00.000,Manhã,Ativo,2
1796,E. P. S. ,PROTECAO DA CRIANCA E ADOLESC CONTRA VIOLENCIA,INTERCONSULTA,PROTECAO DA CRIANCA E ADOLESC. - PEDIATRIA,Ativo,Terça,1970-01-01 07:00:00.000,Manhã,Ativo,2
1798,A. A. A. D. R. ,ASSISTENCIA FARMACEUTICA,,ASSISTENCIA FARMACEUTICA,Ativo,,,,,
1799,L. M. D. A. ,ASSISTENCIA FARMACEUTICA,,ASSISTENCIA FARMACEUTICA,Ativo,,,,,
1800,M. J. T. I. ,ASSISTENCIA FARMACEUTICA,,ASSISTENCIA FARMACEUTICA,Ativo,,,,,
1802,A. T. E. S. ,OBSTETRÍCIA (AMBULATÓRIO),,TRIAGEM OBSTETRICA,Inativo,,,,,
1803,A. D. M. ,OBSTETRÍCIA (AMBULATÓRIO),,TRIAGEM OBSTETRICA,Ativo,,,,,
1804,A. C. B. P. ,OBSTETRÍCIA (AMBULATÓRIO),,TRIAGEM OBSTETRICA,Ativo,,,,,
1805,A. A. T. ,OBSTETRÍCIA (AMBULATÓRIO),,TRIAGEM OBSTETRICA,Ativo,,,,,
1806,B. L. R. D. O. ,URGENCIA E EMERGENCIA,,TRIAGEM OBSTETRICA,Inativo,,,,,
1807,C. C. B. ,OBSTETRÍCIA (AMBULATÓRIO),,TRIAGEM OBSTETRICA,Ativo,,,,,
1808,B. M. B. ,OBSTETRÍCIA (AMBULATÓRIO),,TRIAGEM OBSTETRICA,Ativo,,,,,
1809,C. M. F. M. L. ,OBSTETRÍCIA (AMBULATÓRIO),,TRIAGEM OBSTETRICA,Ativo,,,,,
1810,C. A. C. F. ,OBSTETRÍCIA (AMBULATÓRIO),,TRIAGEM OBSTETRICA,Ativo,,,,,
1811,D. F. B. L. ,OBSTETRÍCIA (AMBULATÓRIO),,TRIAGEM OBSTETRICA,Inativo,,,,,
1812,C. N. D. O. B. ,OBSTETRÍCIA (AMBULATÓRIO),,TRIAGEM OBSTETRICA,Ativo,,,,,
1813,E. M. H. A. ,URGENCIA E EMERGENCIA,,TRIAGEM OBSTETRICA,Inativo,,,,,
1814,E. A. M. ,OBSTETRÍCIA (AMBULATÓRIO),,TRIAGEM OBSTETRICA,Inativo,,,,,
1815,F. G. D. M. S. ,URGENCIA E EMERGENCIA,,TRIAGEM OBSTETRICA,Inativo,,,,,
1816,G. D. D. S. ,URGENCIA E EMERGENCIA,,TRIAGEM OBSTETRICA,Inativo,,,,,
1817,G. D. D. C. W. P. ,OBSTETRÍCIA (AMBULATÓRIO),,TRIAGEM OBSTETRICA,Inativo,,,,,
1818,I. R. S. D. A. ,OBSTETRÍCIA (AMBULATÓRIO),,TRIAGEM OBSTETRICA,Ativo,,,,,
1819,J. L. S. ,OBSTETRÍCIA (AMBULATÓRIO),,TRIAGEM OBSTETRICA,Ativo,,,,,
1820,L. P. D. M. ,OBSTETRÍCIA (AMBULATÓRIO),,TRIAGEM OBSTETRICA,Ativo,,,,,
1821,L. M. D. O. ,URGENCIA E EMERGENCIA,,TRIAGEM OBSTETRICA,Inativo,,,,,
1822,L. M. D. C. ,OBSTETRÍCIA (AMBULATÓRIO),,TRIAGEM OBSTETRICA,Ativo,,,,,
1823,L. D. F. L. P. D. L. ,OBSTETRÍCIA (AMBULATÓRIO),,TRIAGEM OBSTETRICA,Ativo,,,,,
1824,M. S. C. D. ,OBSTETRÍCIA (AMBULATÓRIO),,TRIAGEM OBSTETRICA,Inativo,,,,,
1825,R. M. F. E. C. ,OBSTETRÍCIA (AMBULATÓRIO),,TRIAGEM OBSTETRICA,Inativo,,,,,
1826,T. C. P. S. ,OBSTETRÍCIA (AMBULATÓRIO),,TRIAGEM OBSTETRICA,Ativo,,,,,
1827,V. P. M. ,OBSTETRÍCIA (AMBULATÓRIO),,TRIAGEM OBSTETRICA,Ativo,,,,,
1828,R. P. F. D. M. ,URGENCIA E EMERGENCIA,,TRIAGEM OBSTETRICA,Inativo,,,,,
1829,K. D. S. A. ,OBSTETRÍCIA (AMBULATÓRIO),,TRIAGEM OBSTETRICA,Ativo,,,,,
1830,K. O. D. A. F. ,OBSTETRÍCIA (AMBULATÓRIO),,TRIAGEM OBSTETRICA,Ativo,,,,,
1832,M. J. A. S. ,CIRURGIA GERAL (AMBULATÓRIO),CONSULTA REGULADA,CIRURGIA GERAL,Inativo,Quarta,1970-01-01 15:30:00.000,Tarde,Inativo,2
1832,M. J. A. S. ,CIRURGIA GERAL (AMBULATÓRIO),INTERCONSULTA,CIRURGIA GERAL,Inativo,Quarta,1970-01-01 13:00:00.000,Tarde,Inativo,2
1832,M. J. A. S. ,CIRURGIA GERAL (AMBULATÓRIO),RETORNO,CIRURGIA GERAL,Inativo,Quarta,1970-01-01 13:00:00.000,Tarde,Inativo,3
1834,B. R. D. F. ,REUMATOLOGIA (AMBULATÓRIO),RETORNO,REUMATOLOGIA - INFUSAO,Inativo,Quarta,1970-01-01 07:00:00.000,Manhã,Inativo,10
1836,C. C. D. A. ,CIRURGIA VASCULAR (AMBULATÓRIO),RETORNO,CIRURGIA VASCULAR - ESCLEROTERAPIA COM ESPUMA,Ativo,Segunda,1970-01-01 13:00:00.000,Tarde,Ativo,8
1840,G. D. O. B. ,CIRURGIA VASCULAR (AMBULATÓRIO),CONSULTA REGULADA,CIRURGIA VASCULAR - ESCLEROTERAPIA COM ESPUMA,Ativo,Quinta,1970-01-01 10:00:00.000,Manhã,Ativo,1
1840,G. D. O. B. ,CIRURGIA VASCULAR (AMBULATÓRIO),RETORNO,CIRURGIA VASCULAR - ESCLEROTERAPIA COM ESPUMA,Ativo,Quinta,1970-01-01 07:00:00.000,Manhã,Ativo,3
1840,G. D. O. B. ,CIRURGIA VASCULAR (AMBULATÓRIO),RETORNO,CIRURGIA VASCULAR - ESCLEROTERAPIA COM ESPUMA,Ativo,Sexta,1970-01-01 13:00:00.000,Tarde,Ativo,5
1840,G. D. O. B. ,CIRURGIA VASCULAR (AMBULATÓRIO),CONSULTA REGULADA,CIRURGIA VASCULAR - ESCLEROTERAPIA COM ESPUMA,Ativo,Sexta,1970-01-01 15:30:00.000,Tarde,Ativo,1
1842,A. L. M. ,CIRURGIA VASCULAR (AMBULATÓRIO),CONSULTA REGULADA,CIRURGIA VASCULAR - ESCLEROTERAPIA COM ESPUMA,Ativo,Sexta,1970-01-01 15:30:00.000,Tarde,Ativo,1
1842,A. L. M. ,CIRURGIA VASCULAR (AMBULATÓRIO),RETORNO,CIRURGIA VASCULAR - ESCLEROTERAPIA COM ESPUMA,Ativo,Sexta,1970-01-01 13:00:00.000,Tarde,Ativo,8
1844,C. G. M. ,OTORRINOLARINGOLOGIA (AMBULATÓRIO),EXAME,OTORRINOLARINGOLOGIA - EXAME OTONEURO,Inativo,Terça,1970-01-01 07:00:00.000,Manhã,Inativo,2
1846,T. M. S. D. L. ,NEFROLOGIA (AMBULATÓRIO),RETORNO,NEFROLOGIA,Inativo,Quarta,1970-01-01 07:00:00.000,Manhã,Inativo,8
1846,T. M. S. D. L. ,NEFROLOGIA (AMBULATÓRIO),CONSULTA REGULADA,NEFROLOGIA,Inativo,Quarta,1970-01-01 10:00:00.000,Manhã,Inativo,1
1846,T. M. S. D. L. ,NEFROLOGIA (AMBULATÓRIO),RETORNO,NEFROLOGIA,Inativo,Sexta,1970-01-01 13:00:00.000,Tarde,Inativo,8
1846,T. M. S. D. L. ,NEFROLOGIA (AMBULATÓRIO),INTERCONSULTA,NEFROLOGIA,Inativo,Sexta,1970-01-01 13:00:00.000,Tarde,Inativo,1
1848,A. P. P. M. C. ,NEUROLOGIA (AMBULATÓRIO),CONSULTA REGULADA,NEUROLOGIA,Inativo,Quarta,1970-01-01 07:00:00.000,Manhã,Ativo,4
1848,A. P. P. M. C. ,NEUROLOGIA (AMBULATÓRIO),INTERCONSULTA,NEUROLOGIA,Inativo,Quarta,1970-01-01 07:00:00.000,Manhã,Ativo,4
1848,A. P. P. M. C. ,NEUROLOGIA (AMBULATÓRIO),CONSULTA REGULADA,NEUROLOGIA,Inativo,Sexta,1970-01-01 07:00:00.000,Manhã,Ativo,4
1848,A. P. P. M. C. ,NEUROLOGIA (AMBULATÓRIO),INTERCONSULTA,NEUROLOGIA,Inativo,Sexta,1970-01-01 07:00:00.000,Manhã,Ativo,4
1850,J. D. M. B. ,FISIOTERAPIA,,FISIOTERAPIA - MASTECTOMIA,Inativo,,,,,
1852,M. S. D. C. ,FISIOTERAPIA,SESSAO,FISIOTERAPIA - MASTECTOMIA,Ativo,Segunda,1970-01-01 07:00:00.000,Manhã,Ativo,6
1852,M. S. D. C. ,FISIOTERAPIA,SESSAO,FISIOTERAPIA - MASTECTOMIA,Ativo,Quarta,1970-01-01 07:00:00.000,Manhã,Ativo,6
1856,E. D. N. N. ,FISIOTERAPIA,SESSAO,FISIOTERAPIA - REABILITAÇÃO PULMONAR,Ativo,Terça,1970-01-01 07:00:00.000,Manhã,Ativo,6
1856,E. D. N. N. ,FISIOTERAPIA,SESSAO,FISIOTERAPIA - REABILITAÇÃO PULMONAR,Ativo,Quinta,1970-01-01 07:00:00.000,Manhã,Ativo,6
1858,M. D. G. D. A. C. ,FISIOTERAPIA,SESSAO,FISIOTERAPIA - CARDIOPULMONAR E METABOLICA,Ativo,Segunda,1970-01-01 07:00:00.000,Manhã,Ativo,6
1858,M. D. G. D. A. C. ,FISIOTERAPIA,SESSAO,FISIOTERAPIA - CARDIOPULMONAR E METABOLICA,Ativo,Terça,1970-01-01 07:00:00.000,Manhã,Ativo,6
1858,M. D. G. D. A. C. ,FISIOTERAPIA,SESSAO,FISIOTERAPIA - CARDIOPULMONAR E METABOLICA,Ativo,Quarta,1970-01-01 07:00:00.000,Manhã,Ativo,6
1858,M. D. G. D. A. C. ,FISIOTERAPIA,SESSAO,FISIOTERAPIA - CARDIOPULMONAR E METABOLICA,Ativo,Quarta,1970-01-01 13:00:00.000,Tarde,Ativo,6
1858,M. D. G. D. A. C. ,FISIOTERAPIA,SESSAO,FISIOTERAPIA - CARDIOPULMONAR E METABOLICA,Ativo,Quinta,1970-01-01 07:00:00.000,Manhã,Ativo,6
1860,E. D. N. N. ,FISIOTERAPIA,SESSAO,FISIOTERAPIA - CARDIOPULMONAR E METABOLICA,Ativo,Segunda,1970-01-01 07:00:00.000,Manhã,Ativo,6
1860,E. D. N. N. ,FISIOTERAPIA,SESSAO,FISIOTERAPIA - CARDIOPULMONAR E METABOLICA,Ativo,Quarta,1970-01-01 07:00:00.000,Manhã,Ativo,6
1860,E. D. N. N. ,FISIOTERAPIA,SESSAO,FISIOTERAPIA - CARDIOPULMONAR E METABOLICA,Ativo,Sexta,1970-01-01 07:00:00.000,Manhã,Ativo,6
1862,J. D. S. N. ,HEMATOLOGIA (AMBULATÓRIO),RETORNO,HEMATOLOGIA - PRE EXAMES,Inativo,Terça,1970-01-01 07:00:00.000,Manhã,Ativo,6
1866,J. C. D. S. C. ,CIRURGIA VASCULAR (AMBULATÓRIO),RETORNO,CIRURGIA VASCULAR - ESCLEROTERAPIA COM ESPUMA,Inativo,Terça,1970-01-01 07:00:00.000,Manhã,Inativo,8
1866,J. C. D. S. C. ,CIRURGIA VASCULAR (AMBULATÓRIO),CONSULTA REGULADA,CIRURGIA VASCULAR - ESCLEROTERAPIA COM ESPUMA,Inativo,Terça,1970-01-01 07:00:00.000,Manhã,Inativo,1
1866,J. C. D. S. C. ,CIRURGIA VASCULAR (AMBULATÓRIO),RETORNO,CIRURGIA VASCULAR - ESCLEROTERAPIA COM ESPUMA,Inativo,Terça,1970-01-01 13:00:00.000,Tarde,Inativo,6
1868,J. E. D. B. G. ,NEFROLOGIA (AMBULATÓRIO),RETORNO,NEFROLOGIA - DOENCA MINERAL OSSEA TX RENAL,Ativo,Terça,1970-01-01 07:00:00.000,Manhã,Ativo,6
1870,A. A. V. S. ,ALERGIA E IMUNOLOGIA (AMBULATÓRIO),RETORNO,ENFERMAGEM - ALERGIA,Ativo,Segunda,1970-01-01 13:00:00.000,Tarde,Ativo,5
1870,A. A. V. S. ,ALERGIA E IMUNOLOGIA (AMBULATÓRIO),RETORNO,ENFERMAGEM - ALERGIA,Ativo,Segunda,1970-01-01 07:00:00.000,Manhã,Ativo,5
1870,A. A. V. S. ,ALERGIA E IMUNOLOGIA (AMBULATÓRIO),RETORNO,ENFERMAGEM - ALERGIA,Ativo,Terça,1970-01-01 13:00:00.000,Tarde,Ativo,5
1870,A. A. V. S. ,ALERGIA E IMUNOLOGIA (AMBULATÓRIO),RETORNO,ENFERMAGEM - ALERGIA,Ativo,Terça,1970-01-01 07:00:00.000,Manhã,Ativo,5
1870,A. A. V. S. ,ALERGIA E IMUNOLOGIA (AMBULATÓRIO),RETORNO,ENFERMAGEM - ALERGIA,Ativo,Quarta,1970-01-01 07:00:00.000,Manhã,Ativo,5
1870,A. A. V. S. ,ALERGIA E IMUNOLOGIA (AMBULATÓRIO),RETORNO,ENFERMAGEM - ALERGIA,Ativo,Quarta,1970-01-01 13:00:00.000,Tarde,Ativo,5
1870,A. A. V. S. ,ALERGIA E IMUNOLOGIA (AMBULATÓRIO),RETORNO,ENFERMAGEM - ALERGIA,Ativo,Quinta,1970-01-01 13:00:00.000,Tarde,Ativo,5
1870,A. A. V. S. ,ALERGIA E IMUNOLOGIA (AMBULATÓRIO),RETORNO,ENFERMAGEM - ALERGIA,Ativo,Quinta,1970-01-01 07:00:00.000,Manhã,Ativo,5
1870,A. A. V. S. ,ALERGIA E IMUNOLOGIA (AMBULATÓRIO),RETORNO,ENFERMAGEM - ALERGIA,Ativo,Sexta,1970-01-01 07:00:00.000,Manhã,Ativo,5
1870,A. A. V. S. ,ALERGIA E IMUNOLOGIA (AMBULATÓRIO),RETORNO,ENFERMAGEM - ALERGIA,Ativo,Sexta,1970-01-01 13:00:00.000,Tarde,Ativo,5
1872,A. A. V. S. ,CIRURGIA PEDIÁTRICA (AMBULATÓRIO),RETORNO,ENFERMAGEM - CIRURGIA PEDIÁTRICA,Inativo,Segunda,1970-01-01 07:00:00.000,Manhã,Ativo,2
1872,A. A. V. S. ,CIRURGIA PEDIÁTRICA (AMBULATÓRIO),RETORNO,ENFERMAGEM - CIRURGIA PEDIÁTRICA,Inativo,Segunda,1970-01-01 13:00:00.000,Tarde,Ativo,2
1872,A. A. V. S. ,CIRURGIA PEDIÁTRICA (AMBULATÓRIO),RETORNO,ENFERMAGEM - CIRURGIA PEDIÁTRICA,Inativo,Terça,1970-01-01 13:00:00.000,Tarde,Ativo,2
1872,A. A. V. S. ,CIRURGIA PEDIÁTRICA (AMBULATÓRIO),RETORNO,ENFERMAGEM - CIRURGIA PEDIÁTRICA,Inativo,Terça,1970-01-01 07:00:00.000,Manhã,Ativo,2
1872,A. A. V. S. ,CIRURGIA PEDIÁTRICA (AMBULATÓRIO),RETORNO,ENFERMAGEM - CIRURGIA PEDIÁTRICA,Inativo,Quarta,1970-01-01 13:00:00.000,Tarde,Ativo,2
1872,A. A. V. S. ,CIRURGIA PEDIÁTRICA (AMBULATÓRIO),RETORNO,ENFERMAGEM - CIRURGIA PEDIÁTRICA,Inativo,Quarta,1970-01-01 07:00:00.000,Manhã,Ativo,2
1872,A. A. V. S. ,CIRURGIA PEDIÁTRICA (AMBULATÓRIO),RETORNO,ENFERMAGEM - CIRURGIA PEDIÁTRICA,Inativo,Quinta,1970-01-01 13:00:00.000,Tarde,Ativo,2
1872,A. A. V. S. ,CIRURGIA PEDIÁTRICA (AMBULATÓRIO),RETORNO,ENFERMAGEM - CIRURGIA PEDIÁTRICA,Inativo,Quinta,1970-01-01 07:00:00.000,Manhã,Ativo,2
1872,A. A. V. S. ,CIRURGIA PEDIÁTRICA (AMBULATÓRIO),RETORNO,ENFERMAGEM - CIRURGIA PEDIÁTRICA,Inativo,Sexta,1970-01-01 13:00:00.000,Tarde,Ativo,2
1872,A. A. V. S. ,CIRURGIA PEDIÁTRICA (AMBULATÓRIO),RETORNO,ENFERMAGEM - CIRURGIA PEDIÁTRICA,Inativo,Sexta,1970-01-01 07:00:00.000,Manhã,Ativo,2
1874,G. C. M. S. ,CIRURGIA PEDIÁTRICA (AMBULATÓRIO),RETORNO,ENFERMAGEM - CIRURGIA PEDIÁTRICA,Inativo,Segunda,1970-01-01 13:00:00.000,Tarde,Ativo,2
1874,G. C. M. S. ,CIRURGIA PEDIÁTRICA (AMBULATÓRIO),RETORNO,ENFERMAGEM - CIRURGIA PEDIÁTRICA,Inativo,Segunda,1970-01-01 07:00:00.000,Manhã,Ativo,2
1874,G. C. M. S. ,CIRURGIA PEDIÁTRICA (AMBULATÓRIO),RETORNO,ENFERMAGEM - CIRURGIA PEDIÁTRICA,Inativo,Terça,1970-01-01 13:00:00.000,Tarde,Ativo,2
1874,G. C. M. S. ,CIRURGIA PEDIÁTRICA (AMBULATÓRIO),RETORNO,ENFERMAGEM - CIRURGIA PEDIÁTRICA,Inativo,Terça,1970-01-01 07:00:00.000,Manhã,Ativo,2
1874,G. C. M. S. ,CIRURGIA PEDIÁTRICA (AMBULATÓRIO),RETORNO,ENFERMAGEM - CIRURGIA PEDIÁTRICA,Inativo,Quarta,1970-01-01 13:00:00.000,Tarde,Ativo,2
1874,G. C. M. S. ,CIRURGIA PEDIÁTRICA (AMBULATÓRIO),RETORNO,ENFERMAGEM - CIRURGIA PEDIÁTRICA,Inativo,Quarta,1970-01-01 07:00:00.000,Manhã,Ativo,2
1874,G. C. M. S. ,CIRURGIA PEDIÁTRICA (AMBULATÓRIO),RETORNO,ENFERMAGEM - CIRURGIA PEDIÁTRICA,Inativo,Quinta,1970-01-01 07:00:00.000,Manhã,Ativo,2
1874,G. C. M. S. ,CIRURGIA PEDIÁTRICA (AMBULATÓRIO),RETORNO,ENFERMAGEM - CIRURGIA PEDIÁTRICA,Inativo,Quinta,1970-01-01 13:00:00.000,Tarde,Ativo,2
1874,G. C. M. S. ,CIRURGIA PEDIÁTRICA (AMBULATÓRIO),RETORNO,ENFERMAGEM - CIRURGIA PEDIÁTRICA,Inativo,Sexta,1970-01-01 07:00:00.000,Manhã,Ativo,2
1874,G. C. M. S. ,CIRURGIA PEDIÁTRICA (AMBULATÓRIO),RETORNO,ENFERMAGEM - CIRURGIA PEDIÁTRICA,Inativo,Sexta,1970-01-01 13:00:00.000,Tarde,Ativo,2
1876,A. G. S. M. ,CIRURGIA PEDIÁTRICA (AMBULATÓRIO),CONSULTA REGULADA,CIRURGIA PEDIÁTRICA - UROPEDIATRIA,Ativo,Terça,1970-01-01 15:30:00.000,Tarde,Ativo,3
1876,A. G. S. M. ,CIRURGIA PEDIÁTRICA (AMBULATÓRIO),RETORNO,CIRURGIA PEDIÁTRICA - UROPEDIATRIA,Ativo,Terça,1970-01-01 14:00:00.000,Tarde,Ativo,5
1876,A. G. S. M. ,CIRURGIA PEDIÁTRICA (AMBULATÓRIO),INTERCONSULTA,CIRURGIA PEDIÁTRICA - UROPEDIATRIA,Ativo,Terça,1970-01-01 14:00:00.000,Tarde,Ativo,2
1877,C. D. A. L. ,CIRURGIA PEDIÁTRICA (AMBULATÓRIO),INTERCONSULTA,CIRURGIA PEDIÁTRICA - UROPEDIATRIA,Ativo,Terça,1970-01-01 14:00:00.000,Tarde,Ativo,2
1877,C. D. A. L. ,CIRURGIA PEDIÁTRICA (AMBULATÓRIO),CONSULTA REGULADA,CIRURGIA PEDIÁTRICA - UROPEDIATRIA,Ativo,Terça,1970-01-01 15:30:00.000,Tarde,Ativo,3
1877,C. D. A. L. ,CIRURGIA PEDIÁTRICA (AMBULATÓRIO),RETORNO,CIRURGIA PEDIÁTRICA - UROPEDIATRIA,Ativo,Terça,1970-01-01 14:00:00.000,Tarde,Ativo,5
1878,R. C. I. C. B. ,NUCLEO DE POS-CUIDADOS INTENSIVOS,RETORNO,NPCI - MEDICO,Ativo,Quarta,1970-01-01 07:00:00.000,Manhã,Ativo,5
1880,A. K. D. C. A. ,NUCLEO DE POS-CUIDADOS INTENSIVOS,RETORNO,NPCI - ENFERMAGEM,Inativo,Sexta,1970-01-01 07:00:00.000,Manhã,Ativo,5
1881,J. G. E. D. S. G. ,NUCLEO DE POS-CUIDADOS INTENSIVOS,RETORNO,NPCI - FISIOTERAPIA,Inativo,Sexta,1970-01-01 07:00:00.000,Manhã,Inativo,5
1882,T. H. M. S. ,NUCLEO DE POS-CUIDADOS INTENSIVOS,RETORNO,NPCI - FISIOTERAPIA,Inativo,Sexta,1970-01-01 07:00:00.000,Manhã,Ativo,5
1884,M. D. G. D. A. C. ,NUCLEO DE POS-CUIDADOS INTENSIVOS,RETORNO,NPCI - FISIOTERAPIA,Inativo,Sexta,1970-01-01 07:00:00.000,Manhã,Ativo,5
1886,S. F. G. ,NUCLEO DE POS-CUIDADOS INTENSIVOS,RETORNO,NPCI - NUTRICAO,Inativo,Sexta,1970-01-01 07:00:00.000,Manhã,Ativo,5
1888,A. C. B. ,NUCLEO DE POS-CUIDADOS INTENSIVOS,RETORNO,NPCI - TERAPIA OCUPACIONAL,Ativo,Quarta,1970-01-01 07:00:00.000,Manhã,Ativo,5
1890,D. D. V. ,NUCLEO DE POS-CUIDADOS INTENSIVOS,RETORNO,NPCI - FONOAUDIOLOGIA,Inativo,Sexta,1970-01-01 07:00:00.000,Manhã,Inativo,5
1892,K. P. N. D. S. ,NUCLEO DE POS-CUIDADOS INTENSIVOS,RETORNO,NPCI - FONOAUDIOLOGIA,Inativo,Sexta,1970-01-01 07:00:00.000,Manhã,Ativo,5
1894,E. N. D. B. ,NUCLEO DE POS-CUIDADOS INTENSIVOS,RETORNO,NPCI - PSICOLOGIA,Inativo,Sexta,1970-01-01 07:00:00.000,Manhã,Inativo,5
1896,M. S. D. C. ,FISIOTERAPIA,SESSAO,FISIOTERAPIA - RESPIRATÓRIA,Ativo,Terça,1970-01-01 07:00:00.000,Manhã,Ativo,6
1896,M. S. D. C. ,FISIOTERAPIA,SESSAO,FISIOTERAPIA - RESPIRATÓRIA,Ativo,Quinta,1970-01-01 07:00:00.000,Manhã,Ativo,6
1896,M. S. D. C. ,FISIOTERAPIA,SESSAO,FISIOTERAPIA - RESPIRATÓRIA,Ativo,Sexta,1970-01-01 07:00:00.000,Manhã,Ativo,6
1898,C. G. N. ,CIRURGIA GERAL (AMBULATÓRIO),RETORNO,CIRURGIA GERAL,Inativo,Quinta,1970-01-01 07:00:00.000,Manhã,Ativo,6
1898,C. G. N. ,CIRURGIA GERAL (AMBULATÓRIO),CONSULTA REGULADA,CIRURGIA GERAL,Inativo,Quinta,1970-01-01 10:00:00.000,Manhã,Ativo,4
1898,C. G. N. ,CIRURGIA GERAL (AMBULATÓRIO),INTERCONSULTA,CIRURGIA GERAL,Inativo,Quinta,1970-01-01 07:00:00.000,Manhã,Ativo,2
1899,C. G. N. ,CIRURGIA BARIATRICA,INTERCONSULTA,CIRURGIA BARIATRICA,Inativo,Segunda,1970-01-01 07:00:00.000,Manhã,Ativo,1
1899,C. G. N. ,CIRURGIA BARIATRICA,CONSULTA REGULADA,CIRURGIA BARIATRICA,Inativo,Segunda,1970-01-01 10:00:00.000,Manhã,Ativo,1
1900,G. C. A. ,CIRURGIA GERAL (AMBULATÓRIO),INTERCONSULTA,CIRURGIA GERAL,Inativo,Sexta,1970-01-01 07:00:00.000,Manhã,Ativo,3
1900,G. C. A. ,CIRURGIA GERAL (AMBULATÓRIO),CONSULTA REGULADA,CIRURGIA GERAL,Inativo,Sexta,1970-01-01 10:00:00.000,Manhã,Ativo,2
1900,G. C. A. ,CIRURGIA GERAL (AMBULATÓRIO),RETORNO,CIRURGIA GERAL,Inativo,Sexta,1970-01-01 07:00:00.000,Manhã,Ativo,7
1902,M. C. L. N. ,ONCOLOGIA (AMBULATÓRIO),INTERCONSULTA,ONCOLOGIA CLINICA,Ativo,Quinta,1970-01-01 07:00:00.000,Manhã,Ativo,2
1902,M. C. L. N. ,ONCOLOGIA (AMBULATÓRIO),RETORNO,ONCOLOGIA CLINICA,Ativo,Quinta,1970-01-01 07:00:00.000,Manhã,Ativo,10
1904,E. D. B. C. J. ,INFECTOLOGIA (AMBULATÓRIO),INTERCONSULTA,DIP LCR,Inativo,Quarta,1970-01-01 07:00:00.000,Manhã,Ativo,5
1906,P. G. D. S. ,DERMATOLOGIA (AMBULATÓRIO),RETORNO,DERMATOLOGIA - COLAGENOSES - VASCULITES,Inativo,Terça,1970-01-01 13:00:00.000,Tarde,Inativo,4
1908,K. P. N. D. S. ,FONOAUDIOLOGIA,RETORNO,FONOAUDIOLOGIA - REABILITACAO - NEURO,Ativo,Terça,1970-01-01 07:00:00.000,Manhã,Ativo,5
1908,K. P. N. D. S. ,FONOAUDIOLOGIA,RETORNO,FONOAUDIOLOGIA - REABILITACAO - NEURO,Ativo,Quinta,1970-01-01 07:00:00.000,Manhã,Ativo,5
1910,K. P. N. D. S. ,FONOAUDIOLOGIA,RETORNO,FONOAUDIOLOGIA - REABILITACAO - ONCO,Ativo,Segunda,1970-01-01 07:00:00.000,Manhã,Ativo,4
1911,K. P. N. D. S. ,FONOAUDIOLOGIA,RETORNO,FONOAUDIOLOGIA - REABILITACAO ADULTO - IDOSO,Ativo,Quarta,1970-01-01 07:00:00.000,Manhã,Ativo,4
1912,P. C. R. ,FONOAUDIOLOGIA,RETORNO,FONOAUDIOLOGIA - NUCLEO DE DESENV. INFANTIL,Ativo,Terça,1970-01-01 13:00:00.000,Tarde,Ativo,6
1914,E. J. C. L. ,GINECOLOGIA (AMBULATÓRIO),RETORNO,GINECOLOGIA - ENDOCRINO - ESTERILIDADE,Ativo,Terça,1970-01-01 07:00:00.000,Manhã,Ativo,8
1914,E. J. C. L. ,GINECOLOGIA (AMBULATÓRIO),INTERCONSULTA,GINECOLOGIA - ENDOCRINO - ESTERILIDADE,Ativo,Terça,1970-01-01 07:00:00.000,Manhã,Ativo,4
1915,A. D. D. L. ,ONCOLOGIA (AMBULATÓRIO),RETORNO,ONCOLOGIA CLINICA,Inativo,Sexta,1970-01-01 13:00:00.000,Tarde,Inativo,10
1915,A. D. D. L. ,ONCOLOGIA (AMBULATÓRIO),INTERCONSULTA,ONCOLOGIA CLINICA,Inativo,Sexta,1970-01-01 13:00:00.000,Tarde,Inativo,2
1915,A. D. D. L. ,ONCOLOGIA (AMBULATÓRIO),RETORNO,ONCOLOGIA CLINICA,Inativo,Sexta,1970-01-01 07:00:00.000,Manhã,Inativo,10
1915,A. D. D. L. ,ONCOLOGIA (AMBULATÓRIO),INTERCONSULTA,ONCOLOGIA CLINICA,Inativo,Sexta,1970-01-01 07:00:00.000,Manhã,Inativo,2
1916,M. M. V. G. ,ONCOLOGIA (AMBULATÓRIO),INTERCONSULTA,ONCOLOGIA - CUIDADOS PALIATIVOS,Inativo,Sexta,1970-01-01 07:00:00.000,Manhã,Inativo,2
1916,M. M. V. G. ,ONCOLOGIA (AMBULATÓRIO),RETORNO,ONCOLOGIA - CUIDADOS PALIATIVOS,Inativo,Sexta,1970-01-01 07:00:00.000,Manhã,Inativo,10
1918,E. L. M. S. D. A. ,GINECOLOGIA (AMBULATÓRIO),,ENFERMAGEM - GINECO - HISTEROSC. DIAGNÓSTICA,Inativo,,,,,
1920,M. C. L. D. L. ,ONCOLOGIA (AMBULATÓRIO),RETORNO,NUTRICAO - CUIDADOS PALIATIVOS,Ativo,Sexta,1970-01-01 07:00:00.000,Manhã,Ativo,10
1920,M. C. L. D. L. ,ONCOLOGIA (AMBULATÓRIO),INTERCONSULTA,NUTRICAO - CUIDADOS PALIATIVOS,Ativo,Sexta,1970-01-01 07:00:00.000,Manhã,Ativo,3
1922,V. R. D. A. ,REUMATOLOGIA (AMBULATÓRIO),RETORNO,ENFERMAGEM - REUMATOLOGIA (IMUNOBIOLOGICOS),Inativo,Segunda,1970-01-01 07:00:00.000,Manhã,Ativo,5
1922,V. R. D. A. ,REUMATOLOGIA (AMBULATÓRIO),RETORNO,ENFERMAGEM - REUMATOLOGIA (IMUNOBIOLOGICOS),Inativo,Quinta,1970-01-01 07:00:00.000,Manhã,Ativo,5
1922,V. R. D. A. ,REUMATOLOGIA (AMBULATÓRIO),RETORNO,ENFERMAGEM - REUMATOLOGIA (IMUNOBIOLOGICOS),Inativo,Sexta,1970-01-01 07:00:00.000,Manhã,Ativo,5
1924,A. N. C. ,ORTOPEDIA (AMBULATÓRIO),RETORNO,ORTOPEDIA - QUADRIL,Ativo,Terça,1970-01-01 13:00:00.000,Tarde,Ativo,3
1924,A. N. C. ,ORTOPEDIA (AMBULATÓRIO),CONSULTA REGULADA,ORTOPEDIA - QUADRIL,Ativo,Terça,1970-01-01 15:30:00.000,Tarde,Ativo,2
1924,A. N. C. ,ORTOPEDIA (AMBULATÓRIO),RETORNO,ORTOPEDIA - QUADRIL,Ativo,Sexta,1970-01-01 08:00:00.000,Manhã,Ativo,4
1924,A. N. C. ,ORTOPEDIA (AMBULATÓRIO),CONSULTA REGULADA,ORTOPEDIA - QUADRIL,Ativo,Sexta,1970-01-01 10:00:00.000,Manhã,Ativo,4
1926,A. B. B. ,PSIQUIATRIA (AMBULATÓRIO),RETORNO,PSIQUIATRIA,Inativo,Quinta,1970-01-01 07:00:00.000,Manhã,Ativo,10
1928,A. C. M. D. S. S. ,FISIOTERAPIA,SESSAO,FISIOTERAPIA - REUMATO,Ativo,Terça,1970-01-01 07:00:00.000,Manhã,Ativo,6
1928,A. C. M. D. S. S. ,FISIOTERAPIA,SESSAO,FISIOTERAPIA - REUMATO,Ativo,Quarta,1970-01-01 07:00:00.000,Manhã,Ativo,6
1928,A. C. M. D. S. S. ,FISIOTERAPIA,SESSAO,FISIOTERAPIA - REUMATO,Ativo,Quinta,1970-01-01 07:00:00.000,Manhã,Ativo,6
1928,A. C. M. D. S. S. ,FISIOTERAPIA,SESSAO,FISIOTERAPIA - REUMATO,Ativo,Sexta,1970-01-01 07:00:00.000,Manhã,Ativo,6
1930,J. M. D. S. L. ,NÚCLEO DO SERVIDOR (AMBULATÓRIO),CONSULTA PRIMEIRA VEZ SERVIDOR(A),CLINICA MEDICA - NASS,Ativo,Segunda,1970-01-01 12:00:00.000,Tarde,Inativo,1
1930,J. M. D. S. L. ,NÚCLEO DO SERVIDOR (AMBULATÓRIO),CONSULTA RETORNO SERVIDOR(A),CLINICA MEDICA - NASS,Ativo,Segunda,1970-01-01 07:00:00.000,Manhã,Inativo,2
1930,J. M. D. S. L. ,NÚCLEO DO SERVIDOR (AMBULATÓRIO),CONSULTA PRIMEIRA VEZ SERVIDOR(A),CLINICA MEDICA - NASS,Ativo,Segunda,1970-01-01 09:00:00.000,Manhã,Inativo,1
1930,J. M. D. S. L. ,NÚCLEO DO SERVIDOR (AMBULATÓRIO),CONSULTA RETORNO SERVIDOR(A),CLINICA MEDICA - NASS,Ativo,Segunda,1970-01-01 09:00:00.000,Manhã,Inativo,1
1930,J. M. D. S. L. ,NÚCLEO DO SERVIDOR (AMBULATÓRIO),CONSULTA PRIMEIRA VEZ SERVIDOR(A),CLINICA MEDICA - NASS,Ativo,Segunda,1970-01-01 11:00:00.000,Manhã,Inativo,2
1930,J. M. D. S. L. ,NÚCLEO DO SERVIDOR (AMBULATÓRIO),CONSULTA RETORNO SERVIDOR(A),CLINICA MEDICA - NASS,Ativo,Segunda,1970-01-01 12:00:00.000,Tarde,Inativo,1
1930,J. M. D. S. L. ,NÚCLEO DO SERVIDOR (AMBULATÓRIO),CONSULTA RETORNO SERVIDOR(A),CLINICA MEDICA - NASS,Ativo,Terça,1970-01-01 15:00:00.000,Tarde,Inativo,2
1930,J. M. D. S. L. ,NÚCLEO DO SERVIDOR (AMBULATÓRIO),CONSULTA PRIMEIRA VEZ SERVIDOR(A),CLINICA MEDICA - NASS,Ativo,Terça,1970-01-01 14:00:00.000,Tarde,Inativo,1
1930,J. M. D. S. L. ,NÚCLEO DO SERVIDOR (AMBULATÓRIO),CONSULTA RETORNO SERVIDOR(A),CLINICA MEDICA - NASS,Ativo,Terça,1970-01-01 14:30:00.000,Tarde,Inativo,1
1930,J. M. D. S. L. ,NÚCLEO DO SERVIDOR (AMBULATÓRIO),CONSULTA PRIMEIRA VEZ SERVIDOR(A),CLINICA MEDICA - NASS,Ativo,Quinta,1970-01-01 10:00:00.000,Manhã,Ativo,2
1930,J. M. D. S. L. ,NÚCLEO DO SERVIDOR (AMBULATÓRIO),CONSULTA RETORNO SERVIDOR(A),CLINICA MEDICA - NASS,Ativo,Quinta,1970-01-01 09:00:00.000,Manhã,Ativo,1
1930,J. M. D. S. L. ,NÚCLEO DO SERVIDOR (AMBULATÓRIO),CONSULTA RETORNO SERVIDOR(A),CLINICA MEDICA - NASS,Ativo,Quinta,1970-01-01 14:00:00.000,Tarde,Ativo,2
1930,J. M. D. S. L. ,NÚCLEO DO SERVIDOR (AMBULATÓRIO),CONSULTA RETORNO SERVIDOR(A),CLINICA MEDICA - NASS,Ativo,Quinta,1970-01-01 13:00:00.000,Tarde,Ativo,1
1930,J. M. D. S. L. ,NÚCLEO DO SERVIDOR (AMBULATÓRIO),CONSULTA RETORNO SERVIDOR(A),CLINICA MEDICA - NASS,Ativo,Quinta,1970-01-01 07:00:00.000,Manhã,Ativo,2
1930,J. M. D. S. L. ,NÚCLEO DO SERVIDOR (AMBULATÓRIO),CONSULTA PRIMEIRA VEZ SERVIDOR(A),CLINICA MEDICA - NASS,Ativo,Quinta,1970-01-01 16:00:00.000,Tarde,Ativo,2
1932,B. R. D. F. ,REUMATOLOGIA (AMBULATÓRIO),RETORNO,REUMATOLOGIA - SAAF,Inativo,Segunda,1970-01-01 13:00:00.000,Tarde,Inativo,10
1933,T. M. S. D. L. ,NEFROLOGIA (AMBULATÓRIO),RETORNO,NEFROLOGIA - DOENCAS RENAIS RARAS - GENETICAS,Inativo,Quarta,1970-01-01 13:00:00.000,Tarde,Ativo,8
1934,T. O. C. D. S. ,NEFROLOGIA (AMBULATÓRIO),RETORNO,NEFROLOGIA - GLOMERULONEFRITE,Ativo,Segunda,1970-01-01 13:00:00.000,Tarde,Ativo,9
1934,T. O. C. D. S. ,NEFROLOGIA (AMBULATÓRIO),CONSULTA REGULADA,NEFROLOGIA - GLOMERULONEFRITE,Ativo,Segunda,1970-01-01 15:30:00.000,Tarde,Ativo,1
1936,G. J. D. A. ,NEFROLOGIA (AMBULATÓRIO),RETORNO,NEFROLOGIA,Inativo,Quinta,1970-01-01 13:00:00.000,Tarde,Inativo,4
1938,A. C. N. N. D. ,ONCOLOGIA (AMBULATÓRIO),INTERCONSULTA,ONCOLOGIA - VASCULAR,Inativo,Quinta,1970-01-01 07:00:00.000,Manhã,Ativo,10
1938,A. C. N. N. D. ,ONCOLOGIA (AMBULATÓRIO),RETORNO,ONCOLOGIA - VASCULAR,Inativo,Quinta,1970-01-01 07:00:00.000,Manhã,Ativo,10
1940,M. C. D. A. N. ,UROLOGIA (AMBULATÓRIO),RETORNO,UROLOGIA RETORNO CIRURGICO,Inativo,Sexta,1970-01-01 07:00:00.000,Manhã,Ativo,20
1944,C. C. E. S. ,PEDIATRIA (AMBULATÓRIO),,PEDIATRIA,Inativo,,,,,
1946,C. C. E. S. ,PUERICULTURA (AMBULATÓRIO),RETORNO,PUERICULTURA - ALTO RISCO,Inativo,Quarta,1970-01-01 07:00:00.000,Manhã,Inativo,2
1948,C. C. E. S. ,PEDIATRIA (AMBULATÓRIO),INTERCONSULTA,PEDIATRIA - GASTRO,Ativo,Segunda,1970-01-01 13:00:00.000,Tarde,Ativo,2
1948,C. C. E. S. ,PEDIATRIA (AMBULATÓRIO),INTERCONSULTA,PEDIATRIA - GASTRO,Ativo,Segunda,1970-01-01 07:00:00.000,Manhã,Ativo,1
1948,C. C. E. S. ,PEDIATRIA (AMBULATÓRIO),RETORNO,PEDIATRIA - GASTRO,Ativo,Segunda,1970-01-01 07:00:00.000,Manhã,Ativo,7
1948,C. C. E. S. ,PEDIATRIA (AMBULATÓRIO),RETORNO,PEDIATRIA - GASTRO,Ativo,Segunda,1970-01-01 13:00:00.000,Tarde,Ativo,4
1948,C. C. E. S. ,PEDIATRIA (AMBULATÓRIO),RETORNO,PEDIATRIA - GASTRO,Ativo,Quarta,1970-01-01 07:00:00.000,Manhã,Ativo,1
1948,C. C. E. S. ,PEDIATRIA (AMBULATÓRIO),RETORNO,PEDIATRIA - GASTRO,Ativo,Quinta,1970-01-01 07:00:00.000,Manhã,Ativo,7
1950,C. O. C. ,PSICOLOGIA (AMBULATÓRIO),,PSICOLOGIA,Inativo,,,,,
1952,L. F. F. D. C. ,ONCOLOGIA (AMBULATÓRIO),RETORNO,ONCOLOGIA CLINICA,Inativo,Terça,1970-01-01 13:00:00.000,Tarde,Inativo,10
1952,L. F. F. D. C. ,ONCOLOGIA (AMBULATÓRIO),INTERCONSULTA,ONCOLOGIA CLINICA,Inativo,Terça,1970-01-01 13:00:00.000,Tarde,Inativo,3
1952,L. F. F. D. C. ,ONCOLOGIA (AMBULATÓRIO),INTERCONSULTA,ONCOLOGIA CLINICA,Inativo,Sexta,1970-01-01 07:00:00.000,Manhã,Inativo,3
1952,L. F. F. D. C. ,ONCOLOGIA (AMBULATÓRIO),RETORNO,ONCOLOGIA CLINICA,Inativo,Sexta,1970-01-01 07:00:00.000,Manhã,Inativo,10
1952,L. F. F. D. C. ,ONCOLOGIA (AMBULATÓRIO),INTERCONSULTA,ONCOLOGIA CLINICA,Inativo,Sexta,1970-01-01 13:00:00.000,Tarde,Inativo,3
1952,L. F. F. D. C. ,ONCOLOGIA (AMBULATÓRIO),RETORNO,ONCOLOGIA CLINICA,Inativo,Sexta,1970-01-01 13:00:00.000,Tarde,Inativo,10
1954,A. D. P. M. S. ,ONCOLOGIA (AMBULATÓRIO),RETORNO,CIRURGIA ONCOLOGICA,Ativo,Quarta,1970-01-01 07:00:00.000,Manhã,Ativo,10
1954,A. D. P. M. S. ,ONCOLOGIA (AMBULATÓRIO),INTERCONSULTA,CIRURGIA ONCOLOGICA,Ativo,Quarta,1970-01-01 07:00:00.000,Manhã,Ativo,2
1956,S. M. B. R. D. M. ,UNIDADE DE DIAGNÓSTICO POR IMAGEM,,ENFERMAGEM - PRE-EXAMES - PETCT,Ativo,,,,,
1958,J. F. C. ,PUERICULTURA (AMBULATÓRIO),TELEATENDIMENTO,ENFERMAGEM - AMAMENTACAO,Ativo,Sexta,1970-01-01 08:00:00.000,Manhã,Ativo,4
1960,T. C. L. N. ,ORTOPEDIA (AMBULATÓRIO),CONSULTA REGULADA,ORTOPEDIA - OMBRO,Ativo,Segunda,1970-01-01 15:30:00.000,Tarde,Ativo,2
1960,T. C. L. N. ,ORTOPEDIA (AMBULATÓRIO),RETORNO,ORTOPEDIA - OMBRO,Ativo,Segunda,1970-01-01 14:00:00.000,Tarde,Ativo,2
1960,T. C. L. N. ,ORTOPEDIA (AMBULATÓRIO),RETORNO,ORTOPEDIA - OMBRO,Ativo,Segunda,1970-01-01 16:30:00.000,Tarde,Ativo,3
1960,T. C. L. N. ,ORTOPEDIA (AMBULATÓRIO),RETORNO,ORTOPEDIA - OMBRO,Ativo,Terça,1970-01-01 16:30:00.000,Tarde,Ativo,3
1960,T. C. L. N. ,ORTOPEDIA (AMBULATÓRIO),RETORNO,ORTOPEDIA - OMBRO,Ativo,Terça,1970-01-01 14:00:00.000,Tarde,Ativo,2
1960,T. C. L. N. ,ORTOPEDIA (AMBULATÓRIO),CONSULTA REGULADA,ORTOPEDIA - OMBRO,Ativo,Terça,1970-01-01 15:30:00.000,Tarde,Ativo,2
1962,F. D. N. ,CIRURGIA PLÁSTICA (AMBULATÓRIO),INTERCONSULTA,CIRURGIA PLASTICA - TRIAGEM,Ativo,Terça,1970-01-01 07:00:00.000,Manhã,Ativo,2
1962,F. D. N. ,CIRURGIA PLÁSTICA (AMBULATÓRIO),CONSULTA REGULADA,CIRURGIA PLASTICA - TRIAGEM,Ativo,Terça,1970-01-01 10:00:00.000,Manhã,Ativo,4
1964,A. K. D. C. A. ,STT - TESTE,TELEATENDIMENTO,STT-TESTE,Ativo,Segunda,1970-01-01 08:30:00.000,Manhã,Ativo,10
1964,A. K. D. C. A. ,STT - TESTE,TELEATENDIMENTO,STT-TESTE,Ativo,Terça,1970-01-01 13:00:00.000,Tarde,Ativo,30
1964,A. K. D. C. A. ,STT - TESTE,TELEATENDIMENTO,STT-TESTE,Ativo,Terça,1970-01-01 08:30:00.000,Manhã,Ativo,10
1964,A. K. D. C. A. ,STT - TESTE,TELEATENDIMENTO,STT-TESTE,Ativo,Quarta,1970-01-01 13:00:00.000,Tarde,Ativo,30
1964,A. K. D. C. A. ,STT - TESTE,TELEATENDIMENTO,STT-TESTE,Ativo,Quarta,1970-01-01 08:30:00.000,Manhã,Ativo,10
1964,A. K. D. C. A. ,STT - TESTE,TELEATENDIMENTO,STT-TESTE,Ativo,Quinta,1970-01-01 13:00:00.000,Tarde,Ativo,30
1964,A. K. D. C. A. ,STT - TESTE,TELEATENDIMENTO,STT-TESTE,Ativo,Sexta,1970-01-01 08:30:00.000,Manhã,Ativo,10
1964,A. K. D. C. A. ,STT - TESTE,TELEATENDIMENTO,STT-TESTE,Ativo,Sexta,1970-01-01 13:00:00.000,Tarde,Ativo,30
1964,A. K. D. C. A. ,STT - TESTE,TELEATENDIMENTO,STT-TESTE,Ativo,Sábado,1970-01-01 13:00:00.000,Tarde,Ativo,30
1966,L. D. F. L. P. D. L. ,ESPAÇO TRANS (AMBULATÓRIO),INTERCONSULTA,MASTOLOGIA - ESPAÇO TRANS,Ativo,Segunda,1970-01-01 07:00:00.000,Manhã,Ativo,3
1966,L. D. F. L. P. D. L. ,ESPAÇO TRANS (AMBULATÓRIO),RETORNO,MASTOLOGIA - ESPAÇO TRANS,Ativo,Segunda,1970-01-01 08:30:00.000,Manhã,Ativo,4
1968,L. P. D. S. ,ONCOLOGIA (AMBULATÓRIO),TELEATENDIMENTO,TELEENFERMAGEM - ONCO - NAVEGAÇÃO ONCOLOGIA,Ativo,Segunda,1970-01-01 09:00:00.000,Manhã,Ativo,3
1970,F. R. D. S. B. ,ENDOSCOPIA,TELEATENDIMENTO,TELEENFERMAGEM - COLONOSCOPIA,Inativo,Segunda,1970-01-01 08:30:00.000,Manhã,Ativo,7
1970,F. R. D. S. B. ,ENDOSCOPIA,TELEATENDIMENTO,TELEENFERMAGEM - COLONOSCOPIA,Inativo,Segunda,1970-01-01 14:00:00.000,Tarde,Ativo,7
1970,F. R. D. S. B. ,ENDOSCOPIA,TELEATENDIMENTO,TELEENFERMAGEM - COLONOSCOPIA,Inativo,Quarta,1970-01-01 14:00:00.000,Tarde,Ativo,7
1970,F. R. D. S. B. ,ENDOSCOPIA,TELEATENDIMENTO,TELEENFERMAGEM - COLONOSCOPIA,Inativo,Quarta,1970-01-01 08:30:00.000,Manhã,Ativo,7
1970,F. R. D. S. B. ,ENDOSCOPIA,TELEATENDIMENTO,TELEENFERMAGEM - COLONOSCOPIA,Inativo,Sexta,1970-01-01 08:30:00.000,Manhã,Ativo,4
1972,D. D. V. ,FONOAUDIOLOGIA,TELEATENDIMENTO,TELEFONOAUDIOLOGIA,Ativo,Terça,1970-01-01 08:30:00.000,Manhã,Ativo,5
1972,D. D. V. ,FONOAUDIOLOGIA,TELEATENDIMENTO,TELEFONOAUDIOLOGIA,Ativo,Terça,1970-01-01 13:00:00.000,Tarde,Ativo,5
1974,A. C. G. ,BRONCOSCOPIA,TELEATENDIMENTO,ENFERMAGEM - BRONCOSCOPIA - TELEENFERMAGEM,Ativo,Terça,1970-01-01 08:00:00.000,Manhã,Inativo,6
1974,A. C. G. ,BRONCOSCOPIA,TELEATENDIMENTO,ENFERMAGEM - BRONCOSCOPIA - TELEENFERMAGEM,Ativo,Sexta,1970-01-01 10:00:00.000,Manhã,Ativo,5
1974,A. C. G. ,BRONCOSCOPIA,TELEATENDIMENTO,ENFERMAGEM - BRONCOSCOPIA - TELEENFERMAGEM,Ativo,Sexta,1970-01-01 08:00:00.000,Manhã,Ativo,4
1976,C. D. O. C. B. S. ,TERAPIA OCUPACIONAL,TELEATENDIMENTO,TELETERAPIA OCUPACIONAL,Ativo,Quinta,1970-01-01 08:00:00.000,Manhã,Ativo,5
1977,E. M. C. C. ,CLÍNICA MÉDICA (AMBULATÓRIO),TELEATENDIMENTO,TELEENFERMAGEM - CLINICA MEDICA,Ativo,Sexta,1970-01-01 14:00:00.000,Tarde,Ativo,6
1978,A. H. D. A. F. ,ENDOCRINOLOGIA (AMBULATÓRIO),TELEATENDIMENTO,ENDOCRINOLOGIA PEDIATRICA - TELEMEDICINA,Ativo,Quinta,1970-01-01 15:00:00.000,Tarde,Ativo,3
1978,A. H. D. A. F. ,ENDOCRINOLOGIA (AMBULATÓRIO),TELEATENDIMENTO,ENDOCRINOLOGIA PEDIATRICA - TELEMEDICINA,Ativo,Quinta,1970-01-01 09:30:00.000,Manhã,Ativo,3
1980,E. V. F. ,ENFERMAGEM,TELEATENDIMENTO,TELEENFERMAGEM  PRE-OPERATORIO,Ativo,Sexta,1970-01-01 13:00:00.000,Tarde,Ativo,5
1982,S. M. A. D. B. C. ,ENFERMAGEM,TELEATENDIMENTO,TELEENFERMAGEM  PRE-OPERATORIO,Ativo,Sexta,1970-01-01 08:00:00.000,Manhã,Ativo,5
1983,C. A. A. ,CIRURGIA TORÁCICA (AMBULATÓRIO),TELEATENDIMENTO,CIRURGIA TORACICA - TELEMEDICINA,Ativo,Terça,1970-01-01 08:00:00.000,Manhã,Ativo,6
1984,L. M. C. ,ONCOLOGIA (AMBULATÓRIO),RETORNO,ONCOLOGIA - MASTOLOGIA,Ativo,Segunda,1970-01-01 07:00:00.000,Manhã,Ativo,6
1984,L. M. C. ,ONCOLOGIA (AMBULATÓRIO),INTERCONSULTA,ONCOLOGIA - MASTOLOGIA,Ativo,Segunda,1970-01-01 07:00:00.000,Manhã,Ativo,2
1986,J. M. G. ,ONCOLOGIA (AMBULATÓRIO),RETORNO,ENFERMAGEM - ONCOLOGIA (TRIAGEM),Ativo,Segunda,1970-01-01 07:00:00.000,Manhã,Ativo,23
1986,J. M. G. ,ONCOLOGIA (AMBULATÓRIO),PRONTO-ATENDIMENTO,ENFERMAGEM - ONCOLOGIA (TRIAGEM),Ativo,Segunda,1970-01-01 07:00:00.000,Manhã,Ativo,5
1986,J. M. G. ,ONCOLOGIA (AMBULATÓRIO),RETORNO,ENFERMAGEM - ONCOLOGIA (TRIAGEM),Ativo,Segunda,1970-01-01 18:30:00.000,Noite,Ativo,2
1986,J. M. G. ,ONCOLOGIA (AMBULATÓRIO),PRONTO-ATENDIMENTO,ENFERMAGEM - ONCOLOGIA (TRIAGEM),Ativo,Terça,1970-01-01 07:00:00.000,Manhã,Ativo,5
1986,J. M. G. ,ONCOLOGIA (AMBULATÓRIO),RETORNO,ENFERMAGEM - ONCOLOGIA (TRIAGEM),Ativo,Terça,1970-01-01 18:30:00.000,Noite,Ativo,2
1986,J. M. G. ,ONCOLOGIA (AMBULATÓRIO),RETORNO,ENFERMAGEM - ONCOLOGIA (TRIAGEM),Ativo,Terça,1970-01-01 07:00:00.000,Manhã,Ativo,23
1986,J. M. G. ,ONCOLOGIA (AMBULATÓRIO),PRONTO-ATENDIMENTO,ENFERMAGEM - ONCOLOGIA (TRIAGEM),Ativo,Quarta,1970-01-01 07:00:00.000,Manhã,Ativo,5
1986,J. M. G. ,ONCOLOGIA (AMBULATÓRIO),RETORNO,ENFERMAGEM - ONCOLOGIA (TRIAGEM),Ativo,Quarta,1970-01-01 18:30:00.000,Noite,Ativo,2
1986,J. M. G. ,ONCOLOGIA (AMBULATÓRIO),RETORNO,ENFERMAGEM - ONCOLOGIA (TRIAGEM),Ativo,Quarta,1970-01-01 07:00:00.000,Manhã,Ativo,23
1986,J. M. G. ,ONCOLOGIA (AMBULATÓRIO),PRONTO-ATENDIMENTO,ENFERMAGEM - ONCOLOGIA (TRIAGEM),Ativo,Quinta,1970-01-01 07:00:00.000,Manhã,Ativo,5
1986,J. M. G. ,ONCOLOGIA (AMBULATÓRIO),RETORNO,ENFERMAGEM - ONCOLOGIA (TRIAGEM),Ativo,Quinta,1970-01-01 07:00:00.000,Manhã,Ativo,23
1986,J. M. G. ,ONCOLOGIA (AMBULATÓRIO),RETORNO,ENFERMAGEM - ONCOLOGIA (TRIAGEM),Ativo,Quinta,1970-01-01 18:30:00.000,Noite,Ativo,2
1986,J. M. G. ,ONCOLOGIA (AMBULATÓRIO),RETORNO,ENFERMAGEM - ONCOLOGIA (TRIAGEM),Ativo,Sexta,1970-01-01 07:00:00.000,Manhã,Ativo,23
1986,J. M. G. ,ONCOLOGIA (AMBULATÓRIO),PRONTO-ATENDIMENTO,ENFERMAGEM - ONCOLOGIA (TRIAGEM),Ativo,Sexta,1970-01-01 07:00:00.000,Manhã,Ativo,5
1986,J. M. G. ,ONCOLOGIA (AMBULATÓRIO),RETORNO,ENFERMAGEM - ONCOLOGIA (TRIAGEM),Ativo,Sexta,1970-01-01 18:30:00.000,Noite,Ativo,2
1988,V. D. C. B. P. ,GERIATRIA (AMBULATORIO),TELEATENDIMENTO,GERIATRIA - TRIAGEM,Inativo,Segunda,1970-01-01 08:30:00.000,Manhã,Inativo,6
1990,G. M. L. ,CLÍNICA MÉDICA (AMBULATÓRIO),INTERCONSULTA,CLINICA MEDICA - ENSINO,Ativo,Quinta,1970-01-01 10:00:00.000,Manhã,Ativo,1
1992,,PEDIATRIA (AMBULATÓRIO),TELEATENDIMENTO,TELEENFERMAGEM - CIRURGIA PEDIATRICA,Inativo,Segunda,1970-01-01 09:00:00.000,Manhã,Ativo,5
1994,T. C. D. S. F. ,ASSISTENCIA FARMACEUTICA,TELEATENDIMENTO,TELEFARMACIA - TRANSPLANTE RENAL,Ativo,Terça,1970-01-01 09:00:00.000,Manhã,Ativo,4
1994,T. C. D. S. F. ,ASSISTENCIA FARMACEUTICA,TELEATENDIMENTO,TELEFARMACIA - TRANSPLANTE RENAL,Ativo,Quarta,1970-01-01 09:00:00.000,Manhã,Ativo,3
1996,S. M. B. R. D. M. ,UNIDADE DE DIAGNÓSTICO POR IMAGEM,TELEATENDIMENTO,TELEENFERMAGEM - PETCT,Ativo,Quarta,1970-01-01 08:00:00.000,Manhã,Ativo,20
1998,L. N. V. D. M. ,ONCOLOGIA (AMBULATÓRIO),TELEATENDIMENTO,ONCOLOGIA CLINICA - TELEMEDICINA,Ativo,Segunda,1970-01-01 08:00:00.000,Manhã,Ativo,14
1998,L. N. V. D. M. ,ONCOLOGIA (AMBULATÓRIO),TELEATENDIMENTO,ONCOLOGIA CLINICA - TELEMEDICINA,Ativo,Quinta,1970-01-01 08:00:00.000,Manhã,Ativo,14
1998,L. N. V. D. M. ,ONCOLOGIA (AMBULATÓRIO),TELEATENDIMENTO,ONCOLOGIA CLINICA - TELEMEDICINA,Ativo,Quinta,1970-01-01 14:00:00.000,Tarde,Ativo,10
2000,L. C. C. ,HEMATOLOGIA (AMBULATÓRIO),,HEMATOLOGIA - TELEMEDICINA,Inativo,,,,,
2002,M. H. D. O. ,DERMATOLOGIA (AMBULATÓRIO),TELEATENDIMENTO,DERMATOLOGIA - TELEMEDICINA,Ativo,Terça,1970-01-01 13:30:00.000,Tarde,Inativo,4
2002,M. H. D. O. ,DERMATOLOGIA (AMBULATÓRIO),TELEATENDIMENTO,DERMATOLOGIA - TELEMEDICINA,Ativo,Terça,1970-01-01 13:10:00.000,Tarde,Ativo,1
2004,L. G. D. F. A. ,TRANSPLANTE (AMBULATÓRIO),TELEATENDIMENTO,TRANSPLANTE RENAL - TELEMEDICINA,Ativo,Quinta,1970-01-01 08:30:00.000,Manhã,Ativo,4
2005,D. B. C. C. ,TRANSPLANTE (AMBULATÓRIO),,TRANSPLANTE RENAL - TELEMEDICINA,Ativo,,,,,
2006,J. D. O. B. J. ,TRANSPLANTE (AMBULATÓRIO),,TRANSPLANTE RENAL - TELEMEDICINA,Ativo,,,,,
2008,N. M. J. A. ,CLÍNICA MÉDICA (AMBULATÓRIO),INTERCONSULTA,CLINICA MEDICA - ENSINO,Ativo,Segunda,1970-01-01 07:30:00.000,Manhã,Ativo,1
2010,D. M. D. N. C. ,CLÍNICA MÉDICA (AMBULATÓRIO),INTERCONSULTA,CLINICA MEDICA - ENSINO,Ativo,Segunda,1970-01-01 08:00:00.000,Manhã,Ativo,1
2014,,ORTOPEDIA (AMBULATÓRIO),,TELEENFERMAGEM - ORTOPEDIA,Ativo,,,,,
2016,,ANESTESIOLOGIA (AMBULATÓRIO),TELEATENDIMENTO,ANESTESIOLOGIA - TELEMEDICINA,Inativo,Segunda,1970-01-01 08:00:00.000,Manhã,Ativo,20
2016,,ANESTESIOLOGIA (AMBULATÓRIO),TELEATENDIMENTO,ANESTESIOLOGIA - TELEMEDICINA,Inativo,Terça,1970-01-01 08:00:00.000,Manhã,Ativo,20
2016,,ANESTESIOLOGIA (AMBULATÓRIO),TELEATENDIMENTO,ANESTESIOLOGIA - TELEMEDICINA,Inativo,Quarta,1970-01-01 08:00:00.000,Manhã,Ativo,20
2016,,ANESTESIOLOGIA (AMBULATÓRIO),TELEATENDIMENTO,ANESTESIOLOGIA - TELEMEDICINA,Inativo,Quinta,1970-01-01 13:30:00.000,Tarde,Ativo,10
2016,,ANESTESIOLOGIA (AMBULATÓRIO),TELEATENDIMENTO,ANESTESIOLOGIA - TELEMEDICINA,Inativo,Sexta,1970-01-01 08:00:00.000,Manhã,Ativo,20
2018,A. C. E. P. V. ,NEFROLOGIA (AMBULATÓRIO),RETORNO,NEFROLOGIA - ONCOLOGIA,Inativo,Quarta,1970-01-01 13:00:00.000,Tarde,Ativo,8
2018,A. C. E. P. V. ,NEFROLOGIA (AMBULATÓRIO),INTERCONSULTA,NEFROLOGIA - ONCOLOGIA,Inativo,Quarta,1970-01-01 13:00:00.000,Tarde,Ativo,1
2020,K. M. M. D. M. ,CIRURGIA BARIATRICA,RETORNO,ENDOCRINOLOGIA - PRE-OP BARIATRICA,Ativo,Quarta,1970-01-01 07:00:00.000,Manhã,Ativo,4
2020,K. M. M. D. M. ,CIRURGIA BARIATRICA,RETORNO,ENDOCRINOLOGIA - PRE-OP BARIATRICA,Ativo,Sexta,1970-01-01 07:00:00.000,Manhã,Ativo,6
2021,K. M. M. D. M. ,CIRURGIA BARIATRICA,RETORNO,ENDOCRINOLOGIA - POS-OP BARIATRICA,Ativo,Quarta,1970-01-01 07:00:00.000,Manhã,Ativo,6
2022,J. D. O. B. J. ,TRANSPLANTE (AMBULATÓRIO),RETORNO,TRANSPLANTE RENAL - PRE-TRANSPLANTE,Ativo,Quarta,1970-01-01 13:00:00.000,Tarde,Ativo,4
2022,J. D. O. B. J. ,TRANSPLANTE (AMBULATÓRIO),CONSULTA REGULADA,TRANSPLANTE RENAL - PRE-TRANSPLANTE,Ativo,Quarta,1970-01-01 10:00:00.000,Manhã,Ativo,2
2022,J. D. O. B. J. ,TRANSPLANTE (AMBULATÓRIO),RETORNO,TRANSPLANTE RENAL - PRE-TRANSPLANTE,Ativo,Quarta,1970-01-01 07:00:00.000,Manhã,Ativo,4
2022,J. D. O. B. J. ,TRANSPLANTE (AMBULATÓRIO),CONSULTA REGULADA,TRANSPLANTE RENAL - PRE-TRANSPLANTE,Ativo,Quarta,1970-01-01 15:30:00.000,Tarde,Ativo,2
2024,D. B. C. C. ,TRANSPLANTE (AMBULATÓRIO),RETORNO,TRANSPLANTE RENAL - PRE-TRANSPLANTE,Ativo,Terça,1970-01-01 13:00:00.000,Tarde,Ativo,8
2024,D. B. C. C. ,TRANSPLANTE (AMBULATÓRIO),CONSULTA REGULADA,TRANSPLANTE RENAL - PRE-TRANSPLANTE,Ativo,Terça,1970-01-01 15:30:00.000,Tarde,Ativo,4
2026,Z. R. F. D. M. ,TRANSPLANTE (AMBULATÓRIO),RETORNO,TRANSPLANTE RENAL - RETORNO DOADOR DE RIM,Ativo,Segunda,1970-01-01 07:00:00.000,Manhã,Ativo,4
2028,E. S. L. ,TRANSPLANTE (AMBULATÓRIO),RETORNO,TRANSPLANTE RENAL - URO TRANSPLANTE,Ativo,Terça,1970-01-01 07:00:00.000,Manhã,Ativo,3
2030,,PSIQUIATRIA (AMBULATÓRIO),TELEATENDIMENTO,PSIQUIATRIA - TRIAGEM - TELEMEDICINA,Ativo,Terça,1970-01-01 08:00:00.000,Manhã,Ativo,5
2030,,PSIQUIATRIA (AMBULATÓRIO),TELEATENDIMENTO,PSIQUIATRIA - TRIAGEM - TELEMEDICINA,Ativo,Terça,1970-01-01 09:00:00.000,Manhã,Ativo,5
2032,R. M. D. N. ,ORTOPEDIA (AMBULATÓRIO),TELEATENDIMENTO,TELEENFERMAGEM - ORTOPEDIA,Ativo,Quarta,1970-01-01 15:00:00.000,Tarde,Ativo,4
2034,E. S. D. S. A. ,ORTOPEDIA (AMBULATÓRIO),TELEATENDIMENTO,TELEENFERMAGEM - ORTOPEDIA,Ativo,Quinta,1970-01-01 15:00:00.000,Tarde,Ativo,4
2036,A. B. B. ,PSIQUIATRIA (AMBULATÓRIO),TELEATENDIMENTO,PSIQUIATRIA - TRIAGEM - TELEMEDICINA,Inativo,Terça,1970-01-01 09:00:00.000,Manhã,Inativo,5
2037,A. A. V. S. ,PEDIATRIA (AMBULATÓRIO),TELEATENDIMENTO,TELEENFERMAGEM - CIRURGIA PEDIATRICA,Inativo,Segunda,1970-01-01 14:00:00.000,Tarde,Ativo,5
2037,A. A. V. S. ,PEDIATRIA (AMBULATÓRIO),TELEATENDIMENTO,TELEENFERMAGEM - CIRURGIA PEDIATRICA,Inativo,Segunda,1970-01-01 09:00:00.000,Manhã,Ativo,5
2037,A. A. V. S. ,PEDIATRIA (AMBULATÓRIO),TELEATENDIMENTO,TELEENFERMAGEM - CIRURGIA PEDIATRICA,Inativo,Quinta,1970-01-01 09:00:00.000,Manhã,Ativo,4
2037,A. A. V. S. ,PEDIATRIA (AMBULATÓRIO),TELEATENDIMENTO,TELEENFERMAGEM - CIRURGIA PEDIATRICA,Inativo,Sexta,1970-01-01 14:00:00.000,Tarde,Ativo,4
2038,K. L. A. B. ,PEDIATRIA (AMBULATÓRIO),TELEATENDIMENTO,TELEENFERMAGEM - CIRURGIA PEDIATRICA,Inativo,Segunda,1970-01-01 14:00:00.000,Tarde,Ativo,5
2038,K. L. A. B. ,PEDIATRIA (AMBULATÓRIO),TELEATENDIMENTO,TELEENFERMAGEM - CIRURGIA PEDIATRICA,Inativo,Quinta,1970-01-01 09:00:00.000,Manhã,Ativo,5
2039,M. M. D. A. L. ,ANESTESIOLOGIA (AMBULATÓRIO),TELEATENDIMENTO,ANESTESIOLOGIA - TELEMEDICINA,Inativo,Segunda,1970-01-01 08:00:00.000,Manhã,Ativo,15
2039,M. M. D. A. L. ,ANESTESIOLOGIA (AMBULATÓRIO),TELEATENDIMENTO,ANESTESIOLOGIA - TELEMEDICINA,Inativo,Terça,1970-01-01 08:00:00.000,Manhã,Ativo,15
2039,M. M. D. A. L. ,ANESTESIOLOGIA (AMBULATÓRIO),TELEATENDIMENTO,ANESTESIOLOGIA - TELEMEDICINA,Inativo,Quarta,1970-01-01 13:30:00.000,Tarde,Ativo,5
2039,M. M. D. A. L. ,ANESTESIOLOGIA (AMBULATÓRIO),TELEATENDIMENTO,ANESTESIOLOGIA - TELEMEDICINA,Inativo,Quarta,1970-01-01 08:00:00.000,Manhã,Inativo,15
2039,M. M. D. A. L. ,ANESTESIOLOGIA (AMBULATÓRIO),TELEATENDIMENTO,ANESTESIOLOGIA - TELEMEDICINA,Inativo,Quarta,1970-01-01 16:00:00.000,Tarde,Ativo,6
2039,M. M. D. A. L. ,ANESTESIOLOGIA (AMBULATÓRIO),TELEATENDIMENTO,ANESTESIOLOGIA - TELEMEDICINA,Inativo,Quinta,1970-01-01 14:00:00.000,Tarde,Inativo,7
2039,M. M. D. A. L. ,ANESTESIOLOGIA (AMBULATÓRIO),TELEATENDIMENTO,ANESTESIOLOGIA - TELEMEDICINA,Inativo,Sexta,1970-01-01 08:00:00.000,Manhã,Inativo,15
2040,G. C. M. S. ,PEDIATRIA (AMBULATÓRIO),TELEATENDIMENTO,TELEENFERMAGEM - CIRURGIA PEDIATRICA,Inativo,Segunda,1970-01-01 09:00:00.000,Manhã,Ativo,3
2040,G. C. M. S. ,PEDIATRIA (AMBULATÓRIO),TELEATENDIMENTO,TELEENFERMAGEM - CIRURGIA PEDIATRICA,Inativo,Segunda,1970-01-01 14:00:00.000,Tarde,Ativo,5
2040,G. C. M. S. ,PEDIATRIA (AMBULATÓRIO),TELEATENDIMENTO,TELEENFERMAGEM - CIRURGIA PEDIATRICA,Inativo,Quinta,1970-01-01 09:00:00.000,Manhã,Ativo,4
2040,G. C. M. S. ,PEDIATRIA (AMBULATÓRIO),TELEATENDIMENTO,TELEENFERMAGEM - CIRURGIA PEDIATRICA,Inativo,Sexta,1970-01-01 14:00:00.000,Tarde,Ativo,4
2040,G. C. M. S. ,PEDIATRIA (AMBULATÓRIO),TELEATENDIMENTO,TELEENFERMAGEM - CIRURGIA PEDIATRICA,Inativo,Sexta,1970-01-01 13:00:00.000,Tarde,Ativo,1
2042,A. B. B. ,PSIQUIATRIA (AMBULATÓRIO),RETORNO,PSIQUIATRIA - 1º EPISODIO PSICOTICO,Inativo,Terça,1970-01-01 13:00:00.000,Tarde,Ativo,20
2044,A. B. B. ,PSIQUIATRIA (AMBULATÓRIO),RETORNO,PSIQUIATRIA - NUCLEO DE DEPENDENCIAS QUIMICAS,Inativo,Quinta,1970-01-01 13:00:00.000,Tarde,Ativo,5
2046,L. G. D. C. S. ,TRANSPLANTE (AMBULATÓRIO),,ENFERMAGEM - TRANSPLANTE RENAL,Ativo,,,,,
2048,E. S. D. S. A. ,ORTOPEDIA (AMBULATÓRIO),RETORNO,ENFERMAGEM - ORTOPEDIA,Ativo,Segunda,1970-01-01 07:00:00.000,Manhã,Ativo,10
2048,E. S. D. S. A. ,ORTOPEDIA (AMBULATÓRIO),RETORNO,ENFERMAGEM - ORTOPEDIA,Ativo,Segunda,1970-01-01 13:00:00.000,Tarde,Ativo,10
2048,E. S. D. S. A. ,ORTOPEDIA (AMBULATÓRIO),RETORNO,ENFERMAGEM - ORTOPEDIA,Ativo,Terça,1970-01-01 07:00:00.000,Manhã,Ativo,10
2048,E. S. D. S. A. ,ORTOPEDIA (AMBULATÓRIO),RETORNO,ENFERMAGEM - ORTOPEDIA,Ativo,Terça,1970-01-01 13:00:00.000,Tarde,Ativo,10
2048,E. S. D. S. A. ,ORTOPEDIA (AMBULATÓRIO),RETORNO,ENFERMAGEM - ORTOPEDIA,Ativo,Quarta,1970-01-01 07:00:00.000,Manhã,Ativo,10
2048,E. S. D. S. A. ,ORTOPEDIA (AMBULATÓRIO),RETORNO,ENFERMAGEM - ORTOPEDIA,Ativo,Quarta,1970-01-01 13:00:00.000,Tarde,Ativo,10
2048,E. S. D. S. A. ,ORTOPEDIA (AMBULATÓRIO),RETORNO,ENFERMAGEM - ORTOPEDIA,Ativo,Quinta,1970-01-01 13:00:00.000,Tarde,Ativo,10
2048,E. S. D. S. A. ,ORTOPEDIA (AMBULATÓRIO),RETORNO,ENFERMAGEM - ORTOPEDIA,Ativo,Quinta,1970-01-01 07:00:00.000,Manhã,Ativo,10
2048,E. S. D. S. A. ,ORTOPEDIA (AMBULATÓRIO),RETORNO,ENFERMAGEM - ORTOPEDIA,Ativo,Sexta,1970-01-01 13:00:00.000,Tarde,Ativo,10
2048,E. S. D. S. A. ,ORTOPEDIA (AMBULATÓRIO),RETORNO,ENFERMAGEM - ORTOPEDIA,Ativo,Sexta,1970-01-01 07:00:00.000,Manhã,Ativo,10
2050,A. A. A. ,ALERGIA E IMUNOLOGIA (AMBULATÓRIO),,ALERGIA - AUTOIMUNIDADE,Inativo,,,,,
2052,A. A. A. ,ALERGIA E IMUNOLOGIA (AMBULATÓRIO),RETORNO,ALERGIA - ALIMENTAR,Ativo,Segunda,1970-01-01 13:00:00.000,Tarde,Ativo,6
2053,A. A. A. ,ALERGIA E IMUNOLOGIA (AMBULATÓRIO),RETORNO,ALERGIA - DERMATOSES ALERGICAS,Ativo,Sexta,1970-01-01 07:00:00.000,Manhã,Ativo,5
2054,A. A. A. ,ALERGIA E IMUNOLOGIA (AMBULATÓRIO),RETORNO,ALERGIA - IMUNODEFICIENCIA,Inativo,Terça,1970-01-01 07:00:00.000,Manhã,Ativo,4
2056,A. C. A. M. F. ,ALERGIA E IMUNOLOGIA (AMBULATÓRIO),RETORNO,ALERGIA - IMUNODEFICIENCIA,Inativo,Terça,1970-01-01 07:00:00.000,Manhã,Ativo,4
2058,A. C. M. G. P. S. ,ALERGIA E IMUNOLOGIA (AMBULATÓRIO),RETORNO,ALERGIA - ASMA E CONJUNTIVITE,Ativo,Quinta,1970-01-01 13:00:00.000,Tarde,Ativo,5
2059,M. D. C. M. R. ,ALERGIA E IMUNOLOGIA (AMBULATÓRIO),RETORNO,ALERGIA - AUTOIMUNIDADE,Ativo,Segunda,1970-01-01 07:00:00.000,Manhã,Ativo,1
2060,L. M. C. ,ONCOLOGIA (AMBULATÓRIO),CONSULTA REGULADA,MASTOLOGIA,Inativo,Terça,1970-01-01 15:30:00.000,Tarde,Inativo,5
2060,L. M. C. ,ONCOLOGIA (AMBULATÓRIO),RETORNO,MASTOLOGIA,Inativo,Terça,1970-01-01 13:00:00.000,Tarde,Inativo,5
2062,T. O. S. ,HEMATOLOGIA (AMBULATÓRIO),INTERCONSULTA,HEMATOLOGIA - GENETICA MEDICA,Inativo,Quinta,1970-01-01 13:00:00.000,Tarde,Inativo,4
2062,T. O. S. ,HEMATOLOGIA (AMBULATÓRIO),INTERCONSULTA,HEMATOLOGIA - GENETICA MEDICA,Inativo,Quinta,1970-01-01 08:00:00.000,Manhã,Inativo,4
2064,L. L. D. S. ,ALERGIA E IMUNOLOGIA (AMBULATÓRIO),RETORNO,ALERGIA - DROGAS,Inativo,Quarta,1970-01-01 07:00:00.000,Manhã,Ativo,2
2066,P. J. T. ,PSICOLOGIA (AMBULATÓRIO),RETORNO,PSICOLOGIA - NEO,Inativo,Segunda,1970-01-01 07:00:00.000,Manhã,Ativo,3
2066,P. J. T. ,PSICOLOGIA (AMBULATÓRIO),RETORNO,PSICOLOGIA - NEO,Inativo,Quarta,1970-01-01 07:00:00.000,Manhã,Ativo,3
2066,P. J. T. ,PSICOLOGIA (AMBULATÓRIO),RETORNO,PSICOLOGIA - NEO,Inativo,Sexta,1970-01-01 07:00:00.000,Manhã,Ativo,3
2068,A. R. M. A. ,NÚCLEO DO SERVIDOR (AMBULATÓRIO),CONSULTA RETORNO SERVIDOR(A),HIPERDIA - NASS,Inativo,Quinta,1970-01-01 13:00:00.000,Tarde,Inativo,8
2070,J. M. D. S. L. ,NÚCLEO DO SERVIDOR (AMBULATÓRIO),CONSULTA RETORNO SERVIDOR(A),HIPERDIA - NASS,Inativo,Quinta,1970-01-01 13:00:00.000,Tarde,Inativo,8
2074,E. M. L. ,CIRURGIA VASCULAR (AMBULATÓRIO),INTERCONSULTA,CIRURGIA VASCULAR - FAV,Ativo,Quinta,1970-01-01 07:00:00.000,Manhã,Ativo,2
2074,E. M. L. ,CIRURGIA VASCULAR (AMBULATÓRIO),PRIMEIRA CONSULTA,CIRURGIA VASCULAR - FAV,Ativo,Quinta,1970-01-01 07:00:00.000,Manhã,Ativo,2
2076,A. L. M. ,CIRURGIA VASCULAR (AMBULATÓRIO),INTERCONSULTA,CIRURGIA VASCULAR - FAV - HD,Inativo,Segunda,1970-01-01 13:00:00.000,Tarde,Inativo,2
2078,J. L. G. ,NÚCLEO DO SERVIDOR (AMBULATÓRIO),CONSULTA RETORNO SERVIDOR(A),HIPERDIA - NASS - MULTIPROFISSIONAL,Inativo,Quinta,1970-01-01 13:00:00.000,Tarde,Inativo,5
2081,A. M. N. ,NÚCLEO DO SERVIDOR (AMBULATÓRIO),CONSULTA RETORNO SERVIDOR(A),HIPERDIA - NASS - MULTIPROFISSIONAL,Inativo,Quinta,1970-01-01 13:00:00.000,Tarde,Inativo,5
2081,A. M. N. ,NÚCLEO DO SERVIDOR (AMBULATÓRIO),CONSULTA RETORNO SERVIDOR(A),HIPERDIA - NASS - MULTIPROFISSIONAL,Inativo,Quinta,1970-01-01 08:00:00.000,Manhã,Inativo,5
2082,L. D. S. F. ,NÚCLEO DO SERVIDOR (AMBULATÓRIO),CONSULTA RETORNO SERVIDOR(A),HIPERDIA - NASS - MULTIPROFISSIONAL,Inativo,Quinta,1970-01-01 08:00:00.000,Manhã,Inativo,5
2082,L. D. S. F. ,NÚCLEO DO SERVIDOR (AMBULATÓRIO),CONSULTA RETORNO SERVIDOR(A),HIPERDIA - NASS - MULTIPROFISSIONAL,Inativo,Quinta,1970-01-01 13:00:00.000,Tarde,Inativo,5
2084,K. C. A. D. L. ,ONCOLOGIA (AMBULATÓRIO),RETORNO,ONCOLOGIA CLINICA,Inativo,Segunda,1970-01-01 07:00:00.000,Manhã,Ativo,17
2084,K. C. A. D. L. ,ONCOLOGIA (AMBULATÓRIO),INTERCONSULTA,ONCOLOGIA CLINICA,Inativo,Segunda,1970-01-01 07:00:00.000,Manhã,Ativo,3
2084,K. C. A. D. L. ,ONCOLOGIA (AMBULATÓRIO),RETORNO,ONCOLOGIA CLINICA,Inativo,Quinta,1970-01-01 13:00:00.000,Tarde,Ativo,17
2084,K. C. A. D. L. ,ONCOLOGIA (AMBULATÓRIO),INTERCONSULTA,ONCOLOGIA CLINICA,Inativo,Quinta,1970-01-01 13:00:00.000,Tarde,Ativo,3
2086,T. O. S. ,PEDIATRIA (AMBULATÓRIO),INTERCONSULTA,GENETICA MEDICA,Ativo,Quinta,1970-01-01 13:00:00.000,Tarde,Ativo,2
2086,T. O. S. ,PEDIATRIA (AMBULATÓRIO),RETORNO,GENETICA MEDICA,Ativo,Quinta,1970-01-01 13:00:00.000,Tarde,Ativo,2
2088,M. M. L. C. ,PEDIATRIA (AMBULATÓRIO),RETORNO,PEDIATRIA,Inativo,Quarta,1970-01-01 07:00:00.000,Manhã,Inativo,4
2090,J. F. C. ,PUERICULTURA (AMBULATÓRIO),RETORNO,ENFERMAGEM - AMAMENTACAO - PUERICULTURA,Inativo,Segunda,1970-01-01 07:00:00.000,Manhã,Ativo,1
2090,J. F. C. ,PUERICULTURA (AMBULATÓRIO),RETORNO,ENFERMAGEM - AMAMENTACAO - PUERICULTURA,Inativo,Terça,1970-01-01 07:00:00.000,Manhã,Ativo,1
2090,J. F. C. ,PUERICULTURA (AMBULATÓRIO),RETORNO,ENFERMAGEM - AMAMENTACAO - PUERICULTURA,Inativo,Quarta,1970-01-01 07:00:00.000,Manhã,Ativo,1
2090,J. F. C. ,PUERICULTURA (AMBULATÓRIO),RETORNO,ENFERMAGEM - AMAMENTACAO - PUERICULTURA,Inativo,Quinta,1970-01-01 07:00:00.000,Manhã,Ativo,1
2090,J. F. C. ,PUERICULTURA (AMBULATÓRIO),RETORNO,ENFERMAGEM - AMAMENTACAO - PUERICULTURA,Inativo,Sexta,1970-01-01 07:00:00.000,Manhã,Ativo,1
2092,A. D. S. A. O. ,NUCLEO DE ATENCAO A SAUDE DO ESTUDANTE,PRIMEIRA CONSULTA,CLINICA MEDICA - NASE,Ativo,Segunda,1970-01-01 11:00:00.000,Manhã,Ativo,1
2092,A. D. S. A. O. ,NUCLEO DE ATENCAO A SAUDE DO ESTUDANTE,INTERCONSULTA,CLINICA MEDICA - NASE,Ativo,Segunda,1970-01-01 12:00:00.000,Tarde,Ativo,1
2092,A. D. S. A. O. ,NUCLEO DE ATENCAO A SAUDE DO ESTUDANTE,RETORNO,CLINICA MEDICA - NASE,Ativo,Segunda,1970-01-01 07:00:00.000,Manhã,Ativo,4
2092,A. D. S. A. O. ,NUCLEO DE ATENCAO A SAUDE DO ESTUDANTE,RETORNO,CLINICA MEDICA - NASE,Ativo,Quarta,1970-01-01 07:00:00.000,Manhã,Ativo,4
2092,A. D. S. A. O. ,NUCLEO DE ATENCAO A SAUDE DO ESTUDANTE,PRIMEIRA CONSULTA,CLINICA MEDICA - NASE,Ativo,Quarta,1970-01-01 11:00:00.000,Manhã,Ativo,1
2092,A. D. S. A. O. ,NUCLEO DE ATENCAO A SAUDE DO ESTUDANTE,INTERCONSULTA,CLINICA MEDICA - NASE,Ativo,Quarta,1970-01-01 12:00:00.000,Tarde,Ativo,1
2092,A. D. S. A. O. ,NUCLEO DE ATENCAO A SAUDE DO ESTUDANTE,PRIMEIRA CONSULTA,CLINICA MEDICA - NASE,Ativo,Sexta,1970-01-01 11:00:00.000,Manhã,Ativo,1
2092,A. D. S. A. O. ,NUCLEO DE ATENCAO A SAUDE DO ESTUDANTE,INTERCONSULTA,CLINICA MEDICA - NASE,Ativo,Sexta,1970-01-01 12:00:00.000,Tarde,Ativo,1
2092,A. D. S. A. O. ,NUCLEO DE ATENCAO A SAUDE DO ESTUDANTE,RETORNO,CLINICA MEDICA - NASE,Ativo,Sexta,1970-01-01 07:00:00.000,Manhã,Ativo,4
2094,G. B. C. ,NUCLEO DE ATENCAO A SAUDE DO ESTUDANTE,INTERCONSULTA,PSICOLOGIA - NASE,Ativo,Segunda,1970-01-01 18:00:00.000,Noite,Ativo,1
2094,G. B. C. ,NUCLEO DE ATENCAO A SAUDE DO ESTUDANTE,PRIMEIRA CONSULTA,PSICOLOGIA - NASE,Ativo,Segunda,1970-01-01 17:00:00.000,Tarde,Ativo,1
2094,G. B. C. ,NUCLEO DE ATENCAO A SAUDE DO ESTUDANTE,RETORNO,PSICOLOGIA - NASE,Ativo,Segunda,1970-01-01 13:00:00.000,Tarde,Ativo,4
2094,G. B. C. ,NUCLEO DE ATENCAO A SAUDE DO ESTUDANTE,RETORNO,PSICOLOGIA - NASE,Ativo,Terça,1970-01-01 13:00:00.000,Tarde,Ativo,4
2094,G. B. C. ,NUCLEO DE ATENCAO A SAUDE DO ESTUDANTE,INTERCONSULTA,PSICOLOGIA - NASE,Ativo,Terça,1970-01-01 18:00:00.000,Noite,Ativo,1
2094,G. B. C. ,NUCLEO DE ATENCAO A SAUDE DO ESTUDANTE,PRIMEIRA CONSULTA,PSICOLOGIA - NASE,Ativo,Terça,1970-01-01 17:00:00.000,Tarde,Ativo,1
2094,G. B. C. ,NUCLEO DE ATENCAO A SAUDE DO ESTUDANTE,RETORNO,PSICOLOGIA - NASE,Ativo,Quarta,1970-01-01 13:00:00.000,Tarde,Ativo,4
2094,G. B. C. ,NUCLEO DE ATENCAO A SAUDE DO ESTUDANTE,PRIMEIRA CONSULTA,PSICOLOGIA - NASE,Ativo,Quarta,1970-01-01 17:00:00.000,Tarde,Ativo,1
2094,G. B. C. ,NUCLEO DE ATENCAO A SAUDE DO ESTUDANTE,INTERCONSULTA,PSICOLOGIA - NASE,Ativo,Quarta,1970-01-01 18:00:00.000,Noite,Ativo,1
2094,G. B. C. ,NUCLEO DE ATENCAO A SAUDE DO ESTUDANTE,RETORNO,PSICOLOGIA - NASE,Ativo,Quinta,1970-01-01 07:00:00.000,Manhã,Ativo,4
2094,G. B. C. ,NUCLEO DE ATENCAO A SAUDE DO ESTUDANTE,PRIMEIRA CONSULTA,PSICOLOGIA - NASE,Ativo,Quinta,1970-01-01 11:00:00.000,Manhã,Ativo,1
2094,G. B. C. ,NUCLEO DE ATENCAO A SAUDE DO ESTUDANTE,INTERCONSULTA,PSICOLOGIA - NASE,Ativo,Quinta,1970-01-01 12:00:00.000,Tarde,Ativo,1
2094,G. B. C. ,NUCLEO DE ATENCAO A SAUDE DO ESTUDANTE,PRIMEIRA CONSULTA,PSICOLOGIA - NASE,Ativo,Sexta,1970-01-01 17:00:00.000,Tarde,Ativo,1
2094,G. B. C. ,NUCLEO DE ATENCAO A SAUDE DO ESTUDANTE,RETORNO,PSICOLOGIA - NASE,Ativo,Sexta,1970-01-01 13:00:00.000,Tarde,Ativo,4
2094,G. B. C. ,NUCLEO DE ATENCAO A SAUDE DO ESTUDANTE,INTERCONSULTA,PSICOLOGIA - NASE,Ativo,Sexta,1970-01-01 18:00:00.000,Noite,Ativo,1
2095,J. C. D. S. ,NUCLEO DE ATENCAO A SAUDE DO ESTUDANTE,RETORNO,SERVICO SOCIAL - NASE,Ativo,Segunda,1970-01-01 07:00:00.000,Manhã,Ativo,4
2095,J. C. D. S. ,NUCLEO DE ATENCAO A SAUDE DO ESTUDANTE,PRIMEIRA CONSULTA,SERVICO SOCIAL - NASE,Ativo,Segunda,1970-01-01 11:00:00.000,Manhã,Ativo,1
2095,J. C. D. S. ,NUCLEO DE ATENCAO A SAUDE DO ESTUDANTE,INTERCONSULTA,SERVICO SOCIAL - NASE,Ativo,Segunda,1970-01-01 12:00:00.000,Tarde,Ativo,1
2095,J. C. D. S. ,NUCLEO DE ATENCAO A SAUDE DO ESTUDANTE,PRIMEIRA CONSULTA,SERVICO SOCIAL - NASE,Ativo,Terça,1970-01-01 11:00:00.000,Manhã,Ativo,1
2095,J. C. D. S. ,NUCLEO DE ATENCAO A SAUDE DO ESTUDANTE,INTERCONSULTA,SERVICO SOCIAL - NASE,Ativo,Terça,1970-01-01 12:00:00.000,Tarde,Ativo,1
2095,J. C. D. S. ,NUCLEO DE ATENCAO A SAUDE DO ESTUDANTE,RETORNO,SERVICO SOCIAL - NASE,Ativo,Terça,1970-01-01 07:00:00.000,Manhã,Ativo,4
2095,J. C. D. S. ,NUCLEO DE ATENCAO A SAUDE DO ESTUDANTE,INTERCONSULTA,SERVICO SOCIAL - NASE,Ativo,Quarta,1970-01-01 12:00:00.000,Tarde,Ativo,1
2095,J. C. D. S. ,NUCLEO DE ATENCAO A SAUDE DO ESTUDANTE,PRIMEIRA CONSULTA,SERVICO SOCIAL - NASE,Ativo,Quarta,1970-01-01 11:00:00.000,Manhã,Ativo,1
2095,J. C. D. S. ,NUCLEO DE ATENCAO A SAUDE DO ESTUDANTE,RETORNO,SERVICO SOCIAL - NASE,Ativo,Quarta,1970-01-01 07:00:00.000,Manhã,Ativo,4
2095,J. C. D. S. ,NUCLEO DE ATENCAO A SAUDE DO ESTUDANTE,INTERCONSULTA,SERVICO SOCIAL - NASE,Ativo,Quinta,1970-01-01 12:00:00.000,Tarde,Ativo,1
2095,J. C. D. S. ,NUCLEO DE ATENCAO A SAUDE DO ESTUDANTE,PRIMEIRA CONSULTA,SERVICO SOCIAL - NASE,Ativo,Quinta,1970-01-01 11:00:00.000,Manhã,Ativo,1
2095,J. C. D. S. ,NUCLEO DE ATENCAO A SAUDE DO ESTUDANTE,RETORNO,SERVICO SOCIAL - NASE,Ativo,Quinta,1970-01-01 07:00:00.000,Manhã,Ativo,4
2095,J. C. D. S. ,NUCLEO DE ATENCAO A SAUDE DO ESTUDANTE,RETORNO,SERVICO SOCIAL - NASE,Ativo,Sexta,1970-01-01 07:00:00.000,Manhã,Ativo,4
2095,J. C. D. S. ,NUCLEO DE ATENCAO A SAUDE DO ESTUDANTE,PRIMEIRA CONSULTA,SERVICO SOCIAL - NASE,Ativo,Sexta,1970-01-01 11:00:00.000,Manhã,Ativo,1
2095,J. C. D. S. ,NUCLEO DE ATENCAO A SAUDE DO ESTUDANTE,INTERCONSULTA,SERVICO SOCIAL - NASE,Ativo,Sexta,1970-01-01 12:00:00.000,Tarde,Ativo,1
2096,J. G. D. S. ,NUCLEO DE ATENCAO A SAUDE DO ESTUDANTE,PRIMEIRA CONSULTA,PSICOLOGIA - NASE,Ativo,Segunda,1970-01-01 17:00:00.000,Tarde,Ativo,1
2096,J. G. D. S. ,NUCLEO DE ATENCAO A SAUDE DO ESTUDANTE,RETORNO,PSICOLOGIA - NASE,Ativo,Segunda,1970-01-01 13:00:00.000,Tarde,Ativo,4
2096,J. G. D. S. ,NUCLEO DE ATENCAO A SAUDE DO ESTUDANTE,INTERCONSULTA,PSICOLOGIA - NASE,Ativo,Segunda,1970-01-01 18:00:00.000,Noite,Ativo,1
2096,J. G. D. S. ,NUCLEO DE ATENCAO A SAUDE DO ESTUDANTE,RETORNO,PSICOLOGIA - NASE,Ativo,Terça,1970-01-01 07:00:00.000,Manhã,Ativo,4
2096,J. G. D. S. ,NUCLEO DE ATENCAO A SAUDE DO ESTUDANTE,INTERCONSULTA,PSICOLOGIA - NASE,Ativo,Terça,1970-01-01 12:00:00.000,Tarde,Ativo,1
2096,J. G. D. S. ,NUCLEO DE ATENCAO A SAUDE DO ESTUDANTE,PRIMEIRA CONSULTA,PSICOLOGIA - NASE,Ativo,Terça,1970-01-01 11:00:00.000,Manhã,Ativo,1
2096,J. G. D. S. ,NUCLEO DE ATENCAO A SAUDE DO ESTUDANTE,PRIMEIRA CONSULTA,PSICOLOGIA - NASE,Ativo,Quarta,1970-01-01 11:00:00.000,Manhã,Ativo,1
2096,J. G. D. S. ,NUCLEO DE ATENCAO A SAUDE DO ESTUDANTE,INTERCONSULTA,PSICOLOGIA - NASE,Ativo,Quarta,1970-01-01 12:00:00.000,Tarde,Ativo,1
2096,J. G. D. S. ,NUCLEO DE ATENCAO A SAUDE DO ESTUDANTE,RETORNO,PSICOLOGIA - NASE,Ativo,Quarta,1970-01-01 07:00:00.000,Manhã,Ativo,4
2096,J. G. D. S. ,NUCLEO DE ATENCAO A SAUDE DO ESTUDANTE,INTERCONSULTA,PSICOLOGIA - NASE,Ativo,Quinta,1970-01-01 18:00:00.000,Noite,Ativo,1
2096,J. G. D. S. ,NUCLEO DE ATENCAO A SAUDE DO ESTUDANTE,PRIMEIRA CONSULTA,PSICOLOGIA - NASE,Ativo,Quinta,1970-01-01 17:00:00.000,Tarde,Ativo,1
2096,J. G. D. S. ,NUCLEO DE ATENCAO A SAUDE DO ESTUDANTE,RETORNO,PSICOLOGIA - NASE,Ativo,Quinta,1970-01-01 13:00:00.000,Tarde,Ativo,4
2096,J. G. D. S. ,NUCLEO DE ATENCAO A SAUDE DO ESTUDANTE,RETORNO,PSICOLOGIA - NASE,Ativo,Sexta,1970-01-01 07:00:00.000,Manhã,Ativo,4
2096,J. G. D. S. ,NUCLEO DE ATENCAO A SAUDE DO ESTUDANTE,INTERCONSULTA,PSICOLOGIA - NASE,Ativo,Sexta,1970-01-01 12:00:00.000,Tarde,Ativo,1
2096,J. G. D. S. ,NUCLEO DE ATENCAO A SAUDE DO ESTUDANTE,PRIMEIRA CONSULTA,PSICOLOGIA - NASE,Ativo,Sexta,1970-01-01 11:00:00.000,Manhã,Ativo,1
2098,R. C. L. M. ,NUCLEO DE ATENCAO A SAUDE DO ESTUDANTE,INTERCONSULTA,PSICOLOGIA - NASE,Ativo,Segunda,1970-01-01 12:00:00.000,Tarde,Ativo,1
2098,R. C. L. M. ,NUCLEO DE ATENCAO A SAUDE DO ESTUDANTE,RETORNO,PSICOLOGIA - NASE,Ativo,Segunda,1970-01-01 07:00:00.000,Manhã,Ativo,4
2098,R. C. L. M. ,NUCLEO DE ATENCAO A SAUDE DO ESTUDANTE,PRIMEIRA CONSULTA,PSICOLOGIA - NASE,Ativo,Segunda,1970-01-01 11:00:00.000,Manhã,Ativo,1
2098,R. C. L. M. ,NUCLEO DE ATENCAO A SAUDE DO ESTUDANTE,RETORNO,PSICOLOGIA - NASE,Ativo,Terça,1970-01-01 07:00:00.000,Manhã,Ativo,4
2098,R. C. L. M. ,NUCLEO DE ATENCAO A SAUDE DO ESTUDANTE,PRIMEIRA CONSULTA,PSICOLOGIA - NASE,Ativo,Terça,1970-01-01 11:00:00.000,Manhã,Ativo,1
2098,R. C. L. M. ,NUCLEO DE ATENCAO A SAUDE DO ESTUDANTE,INTERCONSULTA,PSICOLOGIA - NASE,Ativo,Terça,1970-01-01 12:00:00.000,Tarde,Ativo,1
2098,R. C. L. M. ,NUCLEO DE ATENCAO A SAUDE DO ESTUDANTE,INTERCONSULTA,PSICOLOGIA - NASE,Ativo,Quarta,1970-01-01 12:00:00.000,Tarde,Ativo,1
2098,R. C. L. M. ,NUCLEO DE ATENCAO A SAUDE DO ESTUDANTE,PRIMEIRA CONSULTA,PSICOLOGIA - NASE,Ativo,Quarta,1970-01-01 11:00:00.000,Manhã,Ativo,1
2098,R. C. L. M. ,NUCLEO DE ATENCAO A SAUDE DO ESTUDANTE,RETORNO,PSICOLOGIA - NASE,Ativo,Quarta,1970-01-01 07:00:00.000,Manhã,Ativo,4
2098,R. C. L. M. ,NUCLEO DE ATENCAO A SAUDE DO ESTUDANTE,INTERCONSULTA,PSICOLOGIA - NASE,Ativo,Quinta,1970-01-01 18:00:00.000,Noite,Ativo,1
2098,R. C. L. M. ,NUCLEO DE ATENCAO A SAUDE DO ESTUDANTE,RETORNO,PSICOLOGIA - NASE,Ativo,Quinta,1970-01-01 13:00:00.000,Tarde,Ativo,4
2098,R. C. L. M. ,NUCLEO DE ATENCAO A SAUDE DO ESTUDANTE,PRIMEIRA CONSULTA,PSICOLOGIA - NASE,Ativo,Quinta,1970-01-01 17:00:00.000,Tarde,Ativo,1
2098,R. C. L. M. ,NUCLEO DE ATENCAO A SAUDE DO ESTUDANTE,RETORNO,PSICOLOGIA - NASE,Ativo,Sexta,1970-01-01 13:00:00.000,Tarde,Ativo,4
2098,R. C. L. M. ,NUCLEO DE ATENCAO A SAUDE DO ESTUDANTE,INTERCONSULTA,PSICOLOGIA - NASE,Ativo,Sexta,1970-01-01 18:00:00.000,Noite,Ativo,1
2098,R. C. L. M. ,NUCLEO DE ATENCAO A SAUDE DO ESTUDANTE,PRIMEIRA CONSULTA,PSICOLOGIA - NASE,Ativo,Sexta,1970-01-01 17:00:00.000,Tarde,Ativo,1
2099,S. D. C. D. O. A. ,NUCLEO DE ATENCAO A SAUDE DO ESTUDANTE,INTERCONSULTA,PSICOLOGIA - NASE,Ativo,Segunda,1970-01-01 12:00:00.000,Tarde,Ativo,1
2099,S. D. C. D. O. A. ,NUCLEO DE ATENCAO A SAUDE DO ESTUDANTE,PRIMEIRA CONSULTA,PSICOLOGIA - NASE,Ativo,Segunda,1970-01-01 11:00:00.000,Manhã,Ativo,1
2099,S. D. C. D. O. A. ,NUCLEO DE ATENCAO A SAUDE DO ESTUDANTE,RETORNO,PSICOLOGIA - NASE,Ativo,Segunda,1970-01-01 07:00:00.000,Manhã,Ativo,4
2099,S. D. C. D. O. A. ,NUCLEO DE ATENCAO A SAUDE DO ESTUDANTE,INTERCONSULTA,PSICOLOGIA - NASE,Ativo,Terça,1970-01-01 12:00:00.000,Tarde,Ativo,1
2099,S. D. C. D. O. A. ,NUCLEO DE ATENCAO A SAUDE DO ESTUDANTE,PRIMEIRA CONSULTA,PSICOLOGIA - NASE,Ativo,Terça,1970-01-01 11:00:00.000,Manhã,Ativo,1
2099,S. D. C. D. O. A. ,NUCLEO DE ATENCAO A SAUDE DO ESTUDANTE,RETORNO,PSICOLOGIA - NASE,Ativo,Terça,1970-01-01 07:00:00.000,Manhã,Ativo,4
2099,S. D. C. D. O. A. ,NUCLEO DE ATENCAO A SAUDE DO ESTUDANTE,INTERCONSULTA,PSICOLOGIA - NASE,Ativo,Quarta,1970-01-01 12:00:00.000,Tarde,Ativo,1
2099,S. D. C. D. O. A. ,NUCLEO DE ATENCAO A SAUDE DO ESTUDANTE,PRIMEIRA CONSULTA,PSICOLOGIA - NASE,Ativo,Quarta,1970-01-01 11:00:00.000,Manhã,Ativo,1
2099,S. D. C. D. O. A. ,NUCLEO DE ATENCAO A SAUDE DO ESTUDANTE,RETORNO,PSICOLOGIA - NASE,Ativo,Quarta,1970-01-01 07:00:00.000,Manhã,Ativo,4
2099,S. D. C. D. O. A. ,NUCLEO DE ATENCAO A SAUDE DO ESTUDANTE,INTERCONSULTA,PSICOLOGIA - NASE,Ativo,Quinta,1970-01-01 18:00:00.000,Noite,Ativo,1
2099,S. D. C. D. O. A. ,NUCLEO DE ATENCAO A SAUDE DO ESTUDANTE,PRIMEIRA CONSULTA,PSICOLOGIA - NASE,Ativo,Quinta,1970-01-01 17:00:00.000,Tarde,Ativo,1
2099,S. D. C. D. O. A. ,NUCLEO DE ATENCAO A SAUDE DO ESTUDANTE,RETORNO,PSICOLOGIA - NASE,Ativo,Quinta,1970-01-01 13:00:00.000,Tarde,Ativo,4
2099,S. D. C. D. O. A. ,NUCLEO DE ATENCAO A SAUDE DO ESTUDANTE,INTERCONSULTA,PSICOLOGIA - NASE,Ativo,Sexta,1970-01-01 12:00:00.000,Tarde,Ativo,1
2099,S. D. C. D. O. A. ,NUCLEO DE ATENCAO A SAUDE DO ESTUDANTE,RETORNO,PSICOLOGIA - NASE,Ativo,Sexta,1970-01-01 07:00:00.000,Manhã,Ativo,4
2099,S. D. C. D. O. A. ,NUCLEO DE ATENCAO A SAUDE DO ESTUDANTE,PRIMEIRA CONSULTA,PSICOLOGIA - NASE,Ativo,Sexta,1970-01-01 11:00:00.000,Manhã,Ativo,1
2100,F. L. S. F. ,NUCLEO DE ATENCAO A SAUDE DO ESTUDANTE,INTERCONSULTA,PSIQUIATRIA - NASE,Ativo,Segunda,1970-01-01 12:00:00.000,Tarde,Ativo,1
2100,F. L. S. F. ,NUCLEO DE ATENCAO A SAUDE DO ESTUDANTE,PRIMEIRA CONSULTA,PSIQUIATRIA - NASE,Ativo,Segunda,1970-01-01 11:00:00.000,Manhã,Ativo,1
2100,F. L. S. F. ,NUCLEO DE ATENCAO A SAUDE DO ESTUDANTE,RETORNO,PSIQUIATRIA - NASE,Ativo,Segunda,1970-01-01 07:00:00.000,Manhã,Ativo,4
2100,F. L. S. F. ,NUCLEO DE ATENCAO A SAUDE DO ESTUDANTE,INTERCONSULTA,PSIQUIATRIA - NASE,Ativo,Quarta,1970-01-01 12:00:00.000,Tarde,Ativo,1
2100,F. L. S. F. ,NUCLEO DE ATENCAO A SAUDE DO ESTUDANTE,RETORNO,PSIQUIATRIA - NASE,Ativo,Quarta,1970-01-01 07:00:00.000,Manhã,Ativo,4
2100,F. L. S. F. ,NUCLEO DE ATENCAO A SAUDE DO ESTUDANTE,PRIMEIRA CONSULTA,PSIQUIATRIA - NASE,Ativo,Quarta,1970-01-01 11:00:00.000,Manhã,Ativo,1
2101,R. M. C. L. ,NUCLEO DE ATENCAO A SAUDE DO ESTUDANTE,INTERCONSULTA,ENFERMAGEM - NASE,Ativo,Segunda,1970-01-01 18:00:00.000,Noite,Ativo,1
2101,R. M. C. L. ,NUCLEO DE ATENCAO A SAUDE DO ESTUDANTE,PRIMEIRA CONSULTA,ENFERMAGEM - NASE,Ativo,Segunda,1970-01-01 17:00:00.000,Tarde,Ativo,1
2101,R. M. C. L. ,NUCLEO DE ATENCAO A SAUDE DO ESTUDANTE,RETORNO,ENFERMAGEM - NASE,Ativo,Segunda,1970-01-01 13:00:00.000,Tarde,Ativo,4
2101,R. M. C. L. ,NUCLEO DE ATENCAO A SAUDE DO ESTUDANTE,RETORNO,ENFERMAGEM - NASE,Ativo,Terça,1970-01-01 13:00:00.000,Tarde,Ativo,4
2101,R. M. C. L. ,NUCLEO DE ATENCAO A SAUDE DO ESTUDANTE,INTERCONSULTA,ENFERMAGEM - NASE,Ativo,Terça,1970-01-01 18:00:00.000,Noite,Ativo,1
2101,R. M. C. L. ,NUCLEO DE ATENCAO A SAUDE DO ESTUDANTE,PRIMEIRA CONSULTA,ENFERMAGEM - NASE,Ativo,Terça,1970-01-01 17:00:00.000,Tarde,Ativo,1
2101,R. M. C. L. ,NUCLEO DE ATENCAO A SAUDE DO ESTUDANTE,INTERCONSULTA,ENFERMAGEM - NASE,Ativo,Quarta,1970-01-01 18:00:00.000,Noite,Ativo,1
2101,R. M. C. L. ,NUCLEO DE ATENCAO A SAUDE DO ESTUDANTE,RETORNO,ENFERMAGEM - NASE,Ativo,Quarta,1970-01-01 13:00:00.000,Tarde,Ativo,4
2101,R. M. C. L. ,NUCLEO DE ATENCAO A SAUDE DO ESTUDANTE,PRIMEIRA CONSULTA,ENFERMAGEM - NASE,Ativo,Quarta,1970-01-01 17:00:00.000,Tarde,Ativo,1
2101,R. M. C. L. ,NUCLEO DE ATENCAO A SAUDE DO ESTUDANTE,RETORNO,ENFERMAGEM - NASE,Ativo,Quinta,1970-01-01 13:00:00.000,Tarde,Ativo,4
2101,R. M. C. L. ,NUCLEO DE ATENCAO A SAUDE DO ESTUDANTE,INTERCONSULTA,ENFERMAGEM - NASE,Ativo,Quinta,1970-01-01 18:00:00.000,Noite,Ativo,1
2101,R. M. C. L. ,NUCLEO DE ATENCAO A SAUDE DO ESTUDANTE,PRIMEIRA CONSULTA,ENFERMAGEM - NASE,Ativo,Quinta,1970-01-01 17:00:00.000,Tarde,Ativo,1
2101,R. M. C. L. ,NUCLEO DE ATENCAO A SAUDE DO ESTUDANTE,RETORNO,ENFERMAGEM - NASE,Ativo,Sexta,1970-01-01 13:00:00.000,Tarde,Ativo,4
2101,R. M. C. L. ,NUCLEO DE ATENCAO A SAUDE DO ESTUDANTE,PRIMEIRA CONSULTA,ENFERMAGEM - NASE,Ativo,Sexta,1970-01-01 17:00:00.000,Tarde,Ativo,1
2101,R. M. C. L. ,NUCLEO DE ATENCAO A SAUDE DO ESTUDANTE,INTERCONSULTA,ENFERMAGEM - NASE,Ativo,Sexta,1970-01-01 18:00:00.000,Noite,Ativo,1
2102,S. A. B. D. A. S. ,NUCLEO DE ATENCAO A SAUDE DO ESTUDANTE,PRIMEIRA CONSULTA,NUTRICAO - NASE,Ativo,Segunda,1970-01-01 11:00:00.000,Manhã,Ativo,1
2102,S. A. B. D. A. S. ,NUCLEO DE ATENCAO A SAUDE DO ESTUDANTE,INTERCONSULTA,NUTRICAO - NASE,Ativo,Segunda,1970-01-01 12:00:00.000,Tarde,Ativo,1
2102,S. A. B. D. A. S. ,NUCLEO DE ATENCAO A SAUDE DO ESTUDANTE,RETORNO,NUTRICAO - NASE,Ativo,Segunda,1970-01-01 07:00:00.000,Manhã,Ativo,4
2102,S. A. B. D. A. S. ,NUCLEO DE ATENCAO A SAUDE DO ESTUDANTE,RETORNO,NUTRICAO - NASE,Ativo,Terça,1970-01-01 07:00:00.000,Manhã,Ativo,4
2102,S. A. B. D. A. S. ,NUCLEO DE ATENCAO A SAUDE DO ESTUDANTE,PRIMEIRA CONSULTA,NUTRICAO - NASE,Ativo,Terça,1970-01-01 11:00:00.000,Manhã,Ativo,1
2102,S. A. B. D. A. S. ,NUCLEO DE ATENCAO A SAUDE DO ESTUDANTE,INTERCONSULTA,NUTRICAO - NASE,Ativo,Terça,1970-01-01 12:00:00.000,Tarde,Ativo,1
2102,S. A. B. D. A. S. ,NUCLEO DE ATENCAO A SAUDE DO ESTUDANTE,INTERCONSULTA,NUTRICAO - NASE,Ativo,Quarta,1970-01-01 12:00:00.000,Tarde,Ativo,1
2102,S. A. B. D. A. S. ,NUCLEO DE ATENCAO A SAUDE DO ESTUDANTE,RETORNO,NUTRICAO - NASE,Ativo,Quarta,1970-01-01 07:00:00.000,Manhã,Ativo,4
2102,S. A. B. D. A. S. ,NUCLEO DE ATENCAO A SAUDE DO ESTUDANTE,PRIMEIRA CONSULTA,NUTRICAO - NASE,Ativo,Quarta,1970-01-01 11:00:00.000,Manhã,Ativo,1
2102,S. A. B. D. A. S. ,NUCLEO DE ATENCAO A SAUDE DO ESTUDANTE,INTERCONSULTA,NUTRICAO - NASE,Ativo,Quinta,1970-01-01 12:00:00.000,Tarde,Ativo,1
2102,S. A. B. D. A. S. ,NUCLEO DE ATENCAO A SAUDE DO ESTUDANTE,RETORNO,NUTRICAO - NASE,Ativo,Quinta,1970-01-01 07:00:00.000,Manhã,Ativo,4
2102,S. A. B. D. A. S. ,NUCLEO DE ATENCAO A SAUDE DO ESTUDANTE,PRIMEIRA CONSULTA,NUTRICAO - NASE,Ativo,Quinta,1970-01-01 11:00:00.000,Manhã,Ativo,1
2102,S. A. B. D. A. S. ,NUCLEO DE ATENCAO A SAUDE DO ESTUDANTE,PRIMEIRA CONSULTA,NUTRICAO - NASE,Ativo,Sexta,1970-01-01 11:00:00.000,Manhã,Ativo,1
2102,S. A. B. D. A. S. ,NUCLEO DE ATENCAO A SAUDE DO ESTUDANTE,INTERCONSULTA,NUTRICAO - NASE,Ativo,Sexta,1970-01-01 12:00:00.000,Tarde,Ativo,1
2102,S. A. B. D. A. S. ,NUCLEO DE ATENCAO A SAUDE DO ESTUDANTE,RETORNO,NUTRICAO - NASE,Ativo,Sexta,1970-01-01 07:00:00.000,Manhã,Ativo,4
2104,E. A. P. D. F. ,NUCLEO DE ATENCAO A SAUDE DO ESTUDANTE,PRIMEIRA CONSULTA,CLINICA MEDICA - NASE,Ativo,Segunda,1970-01-01 17:00:00.000,Tarde,Ativo,1
2104,E. A. P. D. F. ,NUCLEO DE ATENCAO A SAUDE DO ESTUDANTE,RETORNO,CLINICA MEDICA - NASE,Ativo,Segunda,1970-01-01 13:00:00.000,Tarde,Ativo,4
2104,E. A. P. D. F. ,NUCLEO DE ATENCAO A SAUDE DO ESTUDANTE,INTERCONSULTA,CLINICA MEDICA - NASE,Ativo,Segunda,1970-01-01 18:00:00.000,Noite,Ativo,1
2104,E. A. P. D. F. ,NUCLEO DE ATENCAO A SAUDE DO ESTUDANTE,PRIMEIRA CONSULTA,CLINICA MEDICA - NASE,Ativo,Terça,1970-01-01 17:00:00.000,Tarde,Ativo,1
2104,E. A. P. D. F. ,NUCLEO DE ATENCAO A SAUDE DO ESTUDANTE,INTERCONSULTA,CLINICA MEDICA - NASE,Ativo,Terça,1970-01-01 18:00:00.000,Noite,Ativo,1
2104,E. A. P. D. F. ,NUCLEO DE ATENCAO A SAUDE DO ESTUDANTE,RETORNO,CLINICA MEDICA - NASE,Ativo,Terça,1970-01-01 13:00:00.000,Tarde,Ativo,4
2104,E. A. P. D. F. ,NUCLEO DE ATENCAO A SAUDE DO ESTUDANTE,RETORNO,CLINICA MEDICA - NASE,Ativo,Quarta,1970-01-01 13:00:00.000,Tarde,Ativo,4
2104,E. A. P. D. F. ,NUCLEO DE ATENCAO A SAUDE DO ESTUDANTE,INTERCONSULTA,CLINICA MEDICA - NASE,Ativo,Quarta,1970-01-01 18:00:00.000,Noite,Ativo,1
2104,E. A. P. D. F. ,NUCLEO DE ATENCAO A SAUDE DO ESTUDANTE,PRIMEIRA CONSULTA,CLINICA MEDICA - NASE,Ativo,Quarta,1970-01-01 17:00:00.000,Tarde,Ativo,1
2104,E. A. P. D. F. ,NUCLEO DE ATENCAO A SAUDE DO ESTUDANTE,RETORNO,CLINICA MEDICA - NASE,Ativo,Quinta,1970-01-01 13:00:00.000,Tarde,Ativo,4
2104,E. A. P. D. F. ,NUCLEO DE ATENCAO A SAUDE DO ESTUDANTE,PRIMEIRA CONSULTA,CLINICA MEDICA - NASE,Ativo,Quinta,1970-01-01 17:00:00.000,Tarde,Ativo,1
2104,E. A. P. D. F. ,NUCLEO DE ATENCAO A SAUDE DO ESTUDANTE,INTERCONSULTA,CLINICA MEDICA - NASE,Ativo,Quinta,1970-01-01 18:00:00.000,Noite,Ativo,1
2105,P. C. B. ,NUCLEO DE ATENCAO A SAUDE DO ESTUDANTE,PRIMEIRA CONSULTA,PSICOLOGIA - NASE,Ativo,Segunda,1970-01-01 17:00:00.000,Tarde,Ativo,1
2105,P. C. B. ,NUCLEO DE ATENCAO A SAUDE DO ESTUDANTE,INTERCONSULTA,PSICOLOGIA - NASE,Ativo,Segunda,1970-01-01 18:00:00.000,Noite,Ativo,1
2105,P. C. B. ,NUCLEO DE ATENCAO A SAUDE DO ESTUDANTE,RETORNO,PSICOLOGIA - NASE,Ativo,Segunda,1970-01-01 13:00:00.000,Tarde,Ativo,4
2105,P. C. B. ,NUCLEO DE ATENCAO A SAUDE DO ESTUDANTE,PRIMEIRA CONSULTA,PSICOLOGIA - NASE,Ativo,Terça,1970-01-01 17:00:00.000,Tarde,Ativo,1
2105,P. C. B. ,NUCLEO DE ATENCAO A SAUDE DO ESTUDANTE,RETORNO,PSICOLOGIA - NASE,Ativo,Terça,1970-01-01 13:00:00.000,Tarde,Ativo,4
2105,P. C. B. ,NUCLEO DE ATENCAO A SAUDE DO ESTUDANTE,INTERCONSULTA,PSICOLOGIA - NASE,Ativo,Terça,1970-01-01 18:00:00.000,Noite,Ativo,1
2105,P. C. B. ,NUCLEO DE ATENCAO A SAUDE DO ESTUDANTE,RETORNO,PSICOLOGIA - NASE,Ativo,Quarta,1970-01-01 13:00:00.000,Tarde,Ativo,4
2105,P. C. B. ,NUCLEO DE ATENCAO A SAUDE DO ESTUDANTE,PRIMEIRA CONSULTA,PSICOLOGIA - NASE,Ativo,Quarta,1970-01-01 17:00:00.000,Tarde,Ativo,1
2105,P. C. B. ,NUCLEO DE ATENCAO A SAUDE DO ESTUDANTE,INTERCONSULTA,PSICOLOGIA - NASE,Ativo,Quarta,1970-01-01 18:00:00.000,Noite,Ativo,1
2105,P. C. B. ,NUCLEO DE ATENCAO A SAUDE DO ESTUDANTE,RETORNO,PSICOLOGIA - NASE,Ativo,Quinta,1970-01-01 13:00:00.000,Tarde,Ativo,4
2105,P. C. B. ,NUCLEO DE ATENCAO A SAUDE DO ESTUDANTE,PRIMEIRA CONSULTA,PSICOLOGIA - NASE,Ativo,Quinta,1970-01-01 17:00:00.000,Tarde,Ativo,1
2105,P. C. B. ,NUCLEO DE ATENCAO A SAUDE DO ESTUDANTE,INTERCONSULTA,PSICOLOGIA - NASE,Ativo,Quinta,1970-01-01 18:00:00.000,Noite,Ativo,1
2105,P. C. B. ,NUCLEO DE ATENCAO A SAUDE DO ESTUDANTE,PRIMEIRA CONSULTA,PSICOLOGIA - NASE,Ativo,Sexta,1970-01-01 17:00:00.000,Tarde,Ativo,1
2105,P. C. B. ,NUCLEO DE ATENCAO A SAUDE DO ESTUDANTE,INTERCONSULTA,PSICOLOGIA - NASE,Ativo,Sexta,1970-01-01 18:00:00.000,Noite,Ativo,1
2105,P. C. B. ,NUCLEO DE ATENCAO A SAUDE DO ESTUDANTE,RETORNO,PSICOLOGIA - NASE,Ativo,Sexta,1970-01-01 13:00:00.000,Tarde,Ativo,4
2106,P. A. S. ,NUCLEO DE ATENCAO A SAUDE DO ESTUDANTE,INTERCONSULTA,NUTRICAO - NASE,Ativo,Segunda,1970-01-01 12:00:00.000,Tarde,Ativo,1
2106,P. A. S. ,NUCLEO DE ATENCAO A SAUDE DO ESTUDANTE,RETORNO,NUTRICAO - NASE,Ativo,Segunda,1970-01-01 07:00:00.000,Manhã,Ativo,4
2106,P. A. S. ,NUCLEO DE ATENCAO A SAUDE DO ESTUDANTE,PRIMEIRA CONSULTA,NUTRICAO - NASE,Ativo,Segunda,1970-01-01 11:00:00.000,Manhã,Ativo,1
2106,P. A. S. ,NUCLEO DE ATENCAO A SAUDE DO ESTUDANTE,PRIMEIRA CONSULTA,NUTRICAO - NASE,Ativo,Terça,1970-01-01 11:00:00.000,Manhã,Ativo,1
2106,P. A. S. ,NUCLEO DE ATENCAO A SAUDE DO ESTUDANTE,INTERCONSULTA,NUTRICAO - NASE,Ativo,Terça,1970-01-01 12:00:00.000,Tarde,Ativo,1
2106,P. A. S. ,NUCLEO DE ATENCAO A SAUDE DO ESTUDANTE,RETORNO,NUTRICAO - NASE,Ativo,Terça,1970-01-01 07:00:00.000,Manhã,Ativo,4
2106,P. A. S. ,NUCLEO DE ATENCAO A SAUDE DO ESTUDANTE,RETORNO,NUTRICAO - NASE,Ativo,Quarta,1970-01-01 07:00:00.000,Manhã,Ativo,4
2106,P. A. S. ,NUCLEO DE ATENCAO A SAUDE DO ESTUDANTE,PRIMEIRA CONSULTA,NUTRICAO - NASE,Ativo,Quarta,1970-01-01 11:00:00.000,Manhã,Ativo,1
2106,P. A. S. ,NUCLEO DE ATENCAO A SAUDE DO ESTUDANTE,INTERCONSULTA,NUTRICAO - NASE,Ativo,Quarta,1970-01-01 12:00:00.000,Tarde,Ativo,1
2106,P. A. S. ,NUCLEO DE ATENCAO A SAUDE DO ESTUDANTE,RETORNO,NUTRICAO - NASE,Ativo,Quinta,1970-01-01 07:00:00.000,Manhã,Ativo,4
2106,P. A. S. ,NUCLEO DE ATENCAO A SAUDE DO ESTUDANTE,PRIMEIRA CONSULTA,NUTRICAO - NASE,Ativo,Quinta,1970-01-01 11:00:00.000,Manhã,Ativo,1
2106,P. A. S. ,NUCLEO DE ATENCAO A SAUDE DO ESTUDANTE,INTERCONSULTA,NUTRICAO - NASE,Ativo,Quinta,1970-01-01 12:00:00.000,Tarde,Ativo,1
2106,P. A. S. ,NUCLEO DE ATENCAO A SAUDE DO ESTUDANTE,PRIMEIRA CONSULTA,NUTRICAO - NASE,Ativo,Sexta,1970-01-01 11:00:00.000,Manhã,Ativo,1
2106,P. A. S. ,NUCLEO DE ATENCAO A SAUDE DO ESTUDANTE,INTERCONSULTA,NUTRICAO - NASE,Ativo,Sexta,1970-01-01 12:00:00.000,Tarde,Ativo,1
2106,P. A. S. ,NUCLEO DE ATENCAO A SAUDE DO ESTUDANTE,RETORNO,NUTRICAO - NASE,Ativo,Sexta,1970-01-01 07:00:00.000,Manhã,Ativo,4
2108,L. D. F. C. ,NUCLEO DE ATENCAO A SAUDE DO ESTUDANTE,PRIMEIRA CONSULTA,ENFERMAGEM - NASE,Ativo,Segunda,1970-01-01 11:00:00.000,Manhã,Ativo,1
2108,L. D. F. C. ,NUCLEO DE ATENCAO A SAUDE DO ESTUDANTE,INTERCONSULTA,ENFERMAGEM - NASE,Ativo,Segunda,1970-01-01 12:00:00.000,Tarde,Ativo,1
2108,L. D. F. C. ,NUCLEO DE ATENCAO A SAUDE DO ESTUDANTE,RETORNO,ENFERMAGEM - NASE,Ativo,Segunda,1970-01-01 07:00:00.000,Manhã,Ativo,4
2108,L. D. F. C. ,NUCLEO DE ATENCAO A SAUDE DO ESTUDANTE,INTERCONSULTA,ENFERMAGEM - NASE,Ativo,Terça,1970-01-01 12:00:00.000,Tarde,Ativo,1
2108,L. D. F. C. ,NUCLEO DE ATENCAO A SAUDE DO ESTUDANTE,RETORNO,ENFERMAGEM - NASE,Ativo,Terça,1970-01-01 07:00:00.000,Manhã,Ativo,4
2108,L. D. F. C. ,NUCLEO DE ATENCAO A SAUDE DO ESTUDANTE,PRIMEIRA CONSULTA,ENFERMAGEM - NASE,Ativo,Terça,1970-01-01 11:00:00.000,Manhã,Ativo,1
2108,L. D. F. C. ,NUCLEO DE ATENCAO A SAUDE DO ESTUDANTE,INTERCONSULTA,ENFERMAGEM - NASE,Ativo,Quarta,1970-01-01 12:00:00.000,Tarde,Ativo,1
2108,L. D. F. C. ,NUCLEO DE ATENCAO A SAUDE DO ESTUDANTE,RETORNO,ENFERMAGEM - NASE,Ativo,Quarta,1970-01-01 07:00:00.000,Manhã,Ativo,4
2108,L. D. F. C. ,NUCLEO DE ATENCAO A SAUDE DO ESTUDANTE,PRIMEIRA CONSULTA,ENFERMAGEM - NASE,Ativo,Quarta,1970-01-01 11:00:00.000,Manhã,Ativo,1
2108,L. D. F. C. ,NUCLEO DE ATENCAO A SAUDE DO ESTUDANTE,PRIMEIRA CONSULTA,ENFERMAGEM - NASE,Ativo,Quinta,1970-01-01 11:00:00.000,Manhã,Ativo,1
2108,L. D. F. C. ,NUCLEO DE ATENCAO A SAUDE DO ESTUDANTE,INTERCONSULTA,ENFERMAGEM - NASE,Ativo,Quinta,1970-01-01 12:00:00.000,Tarde,Ativo,1
2108,L. D. F. C. ,NUCLEO DE ATENCAO A SAUDE DO ESTUDANTE,RETORNO,ENFERMAGEM - NASE,Ativo,Quinta,1970-01-01 07:00:00.000,Manhã,Ativo,4
2108,L. D. F. C. ,NUCLEO DE ATENCAO A SAUDE DO ESTUDANTE,INTERCONSULTA,ENFERMAGEM - NASE,Ativo,Sexta,1970-01-01 12:00:00.000,Tarde,Ativo,1
2108,L. D. F. C. ,NUCLEO DE ATENCAO A SAUDE DO ESTUDANTE,RETORNO,ENFERMAGEM - NASE,Ativo,Sexta,1970-01-01 07:00:00.000,Manhã,Ativo,4
2108,L. D. F. C. ,NUCLEO DE ATENCAO A SAUDE DO ESTUDANTE,PRIMEIRA CONSULTA,ENFERMAGEM - NASE,Ativo,Sexta,1970-01-01 11:00:00.000,Manhã,Ativo,1
2110,P. C. C. ,NUCLEO DE ATENCAO A SAUDE DO ESTUDANTE,PRIMEIRA CONSULTA,SERVICO SOCIAL - NASE,Ativo,Segunda,1970-01-01 17:00:00.000,Tarde,Ativo,1
2110,P. C. C. ,NUCLEO DE ATENCAO A SAUDE DO ESTUDANTE,RETORNO,SERVICO SOCIAL - NASE,Ativo,Segunda,1970-01-01 13:00:00.000,Tarde,Ativo,4
2110,P. C. C. ,NUCLEO DE ATENCAO A SAUDE DO ESTUDANTE,INTERCONSULTA,SERVICO SOCIAL - NASE,Ativo,Segunda,1970-01-01 18:00:00.000,Noite,Ativo,1
2110,P. C. C. ,NUCLEO DE ATENCAO A SAUDE DO ESTUDANTE,RETORNO,SERVICO SOCIAL - NASE,Ativo,Terça,1970-01-01 13:00:00.000,Tarde,Ativo,4
2110,P. C. C. ,NUCLEO DE ATENCAO A SAUDE DO ESTUDANTE,INTERCONSULTA,SERVICO SOCIAL - NASE,Ativo,Terça,1970-01-01 18:00:00.000,Noite,Ativo,1
2110,P. C. C. ,NUCLEO DE ATENCAO A SAUDE DO ESTUDANTE,PRIMEIRA CONSULTA,SERVICO SOCIAL - NASE,Ativo,Terça,1970-01-01 17:00:00.000,Tarde,Ativo,1
2110,P. C. C. ,NUCLEO DE ATENCAO A SAUDE DO ESTUDANTE,INTERCONSULTA,SERVICO SOCIAL - NASE,Ativo,Quarta,1970-01-01 18:00:00.000,Noite,Ativo,1
2110,P. C. C. ,NUCLEO DE ATENCAO A SAUDE DO ESTUDANTE,RETORNO,SERVICO SOCIAL - NASE,Ativo,Quarta,1970-01-01 13:00:00.000,Tarde,Ativo,4
2110,P. C. C. ,NUCLEO DE ATENCAO A SAUDE DO ESTUDANTE,PRIMEIRA CONSULTA,SERVICO SOCIAL - NASE,Ativo,Quarta,1970-01-01 17:00:00.000,Tarde,Ativo,1
2110,P. C. C. ,NUCLEO DE ATENCAO A SAUDE DO ESTUDANTE,PRIMEIRA CONSULTA,SERVICO SOCIAL - NASE,Ativo,Quinta,1970-01-01 17:00:00.000,Tarde,Ativo,1
2110,P. C. C. ,NUCLEO DE ATENCAO A SAUDE DO ESTUDANTE,INTERCONSULTA,SERVICO SOCIAL - NASE,Ativo,Quinta,1970-01-01 18:00:00.000,Noite,Ativo,1
2110,P. C. C. ,NUCLEO DE ATENCAO A SAUDE DO ESTUDANTE,RETORNO,SERVICO SOCIAL - NASE,Ativo,Quinta,1970-01-01 13:00:00.000,Tarde,Ativo,4
2110,P. C. C. ,NUCLEO DE ATENCAO A SAUDE DO ESTUDANTE,RETORNO,SERVICO SOCIAL - NASE,Ativo,Sexta,1970-01-01 13:00:00.000,Tarde,Ativo,4
2110,P. C. C. ,NUCLEO DE ATENCAO A SAUDE DO ESTUDANTE,INTERCONSULTA,SERVICO SOCIAL - NASE,Ativo,Sexta,1970-01-01 18:00:00.000,Noite,Ativo,1
2110,P. C. C. ,NUCLEO DE ATENCAO A SAUDE DO ESTUDANTE,PRIMEIRA CONSULTA,SERVICO SOCIAL - NASE,Ativo,Sexta,1970-01-01 17:00:00.000,Tarde,Ativo,1
2112,C. G. D. S. M. D. A. ,NUCLEO DE ATENCAO A SAUDE DO ESTUDANTE,PRIMEIRA CONSULTA,PSIQUIATRIA - NASE,Ativo,Terça,1970-01-01 11:00:00.000,Manhã,Ativo,1
2112,C. G. D. S. M. D. A. ,NUCLEO DE ATENCAO A SAUDE DO ESTUDANTE,RETORNO,PSIQUIATRIA - NASE,Ativo,Terça,1970-01-01 07:00:00.000,Manhã,Ativo,4
2112,C. G. D. S. M. D. A. ,NUCLEO DE ATENCAO A SAUDE DO ESTUDANTE,INTERCONSULTA,PSIQUIATRIA - NASE,Ativo,Terça,1970-01-01 12:00:00.000,Tarde,Ativo,1
2112,C. G. D. S. M. D. A. ,NUCLEO DE ATENCAO A SAUDE DO ESTUDANTE,RETORNO,PSIQUIATRIA - NASE,Ativo,Terça,1970-01-01 13:00:00.000,Tarde,Ativo,4
2112,C. G. D. S. M. D. A. ,NUCLEO DE ATENCAO A SAUDE DO ESTUDANTE,INTERCONSULTA,PSIQUIATRIA - NASE,Ativo,Terça,1970-01-01 18:00:00.000,Noite,Ativo,1
2112,C. G. D. S. M. D. A. ,NUCLEO DE ATENCAO A SAUDE DO ESTUDANTE,PRIMEIRA CONSULTA,PSIQUIATRIA - NASE,Ativo,Terça,1970-01-01 17:00:00.000,Tarde,Ativo,1
2112,C. G. D. S. M. D. A. ,NUCLEO DE ATENCAO A SAUDE DO ESTUDANTE,PRIMEIRA CONSULTA,PSIQUIATRIA - NASE,Ativo,Quinta,1970-01-01 17:00:00.000,Tarde,Ativo,1
2112,C. G. D. S. M. D. A. ,NUCLEO DE ATENCAO A SAUDE DO ESTUDANTE,PRIMEIRA CONSULTA,PSIQUIATRIA - NASE,Ativo,Quinta,1970-01-01 11:00:00.000,Manhã,Ativo,1
2112,C. G. D. S. M. D. A. ,NUCLEO DE ATENCAO A SAUDE DO ESTUDANTE,INTERCONSULTA,PSIQUIATRIA - NASE,Ativo,Quinta,1970-01-01 12:00:00.000,Tarde,Ativo,1
2112,C. G. D. S. M. D. A. ,NUCLEO DE ATENCAO A SAUDE DO ESTUDANTE,INTERCONSULTA,PSIQUIATRIA - NASE,Ativo,Quinta,1970-01-01 18:00:00.000,Noite,Ativo,1
2112,C. G. D. S. M. D. A. ,NUCLEO DE ATENCAO A SAUDE DO ESTUDANTE,RETORNO,PSIQUIATRIA - NASE,Ativo,Quinta,1970-01-01 07:00:00.000,Manhã,Ativo,4
2112,C. G. D. S. M. D. A. ,NUCLEO DE ATENCAO A SAUDE DO ESTUDANTE,RETORNO,PSIQUIATRIA - NASE,Ativo,Quinta,1970-01-01 13:00:00.000,Tarde,Ativo,4
2114,D. M. V. B. ,PUERICULTURA (AMBULATÓRIO),RETORNO,PUERICULTURA - ALTO RISCO,Ativo,Quinta,1970-01-01 13:00:00.000,Tarde,Ativo,5
2116,P. F. C. D. M. D. M. ,PUERICULTURA (AMBULATÓRIO),RETORNO,PUERICULTURA - EGRESSO,Inativo,Sexta,1970-01-01 07:00:00.000,Manhã,Inativo,5
2118,M. A. D. S. J. ,CIRURGIA GERAL (AMBULATÓRIO),CONSULTA REGULADA,CIRURGIA GERAL,Inativo,Segunda,1970-01-01 15:30:00.000,Tarde,Ativo,1
2118,M. A. D. S. J. ,CIRURGIA GERAL (AMBULATÓRIO),RETORNO,CIRURGIA GERAL,Inativo,Segunda,1970-01-01 13:00:00.000,Tarde,Ativo,4
2118,M. A. D. S. J. ,CIRURGIA GERAL (AMBULATÓRIO),INTERCONSULTA,CIRURGIA GERAL,Inativo,Segunda,1970-01-01 13:00:00.000,Tarde,Ativo,2
2122,E. D. S. F. ,NUTRIÇÃO,TELEATENDIMENTO,NUTRICAO - TELEATENDIMENTO GESTANTES,Inativo,Segunda,1970-01-01 14:00:00.000,Tarde,Ativo,3
2122,E. D. S. F. ,NUTRIÇÃO,TELEATENDIMENTO,NUTRICAO - TELEATENDIMENTO GESTANTES,Inativo,Quarta,1970-01-01 14:00:00.000,Tarde,Ativo,3
2124,E. D. S. F. ,NUTRIÇÃO,TELEATENDIMENTO,NUTRICAO - TELEATENDIMENTO PEDIATRIA,Inativo,Terça,1970-01-01 14:00:00.000,Tarde,Ativo,3
2124,E. D. S. F. ,NUTRIÇÃO,TELEATENDIMENTO,NUTRICAO - TELEATENDIMENTO PEDIATRIA,Inativo,Sexta,1970-01-01 14:00:00.000,Tarde,Ativo,3
2126,M. A. G. D. M. C. ,NEFROLOGIA (AMBULATÓRIO),RETORNO,NEFROLOGIA - GLOMERULOPATIA,Inativo,Terça,1970-01-01 07:00:00.000,Manhã,Ativo,10
2126,M. A. G. D. M. C. ,NEFROLOGIA (AMBULATÓRIO),CONSULTA REGULADA,NEFROLOGIA - GLOMERULOPATIA,Inativo,Quinta,1970-01-01 10:00:00.000,Manhã,Ativo,2
2126,M. A. G. D. M. C. ,NEFROLOGIA (AMBULATÓRIO),RETORNO,NEFROLOGIA - GLOMERULOPATIA,Inativo,Quinta,1970-01-01 07:00:00.000,Manhã,Ativo,6
2126,M. A. G. D. M. C. ,NEFROLOGIA (AMBULATÓRIO),INTERCONSULTA,NEFROLOGIA - GLOMERULOPATIA,Inativo,Quinta,1970-01-01 07:00:00.000,Manhã,Ativo,2
2130,B. D. P. G. D. M. ,GASTROENTEROLOGIA (AMBULATÓRIO),CONSULTA REGULADA,GASTROENTEROLOGIA,Ativo,Segunda,1970-01-01 15:30:00.000,Tarde,Ativo,2
2130,B. D. P. G. D. M. ,GASTROENTEROLOGIA (AMBULATÓRIO),RETORNO,GASTROENTEROLOGIA,Ativo,Segunda,1970-01-01 13:00:00.000,Tarde,Ativo,7
2132,B. D. P. G. D. M. ,GASTROENTEROLOGIA (AMBULATÓRIO),RETORNO,GASTROENTEROLOGIA - ESQUISTOSSOMOSE,Ativo,Terça,1970-01-01 13:00:00.000,Tarde,Ativo,8
2132,B. D. P. G. D. M. ,GASTROENTEROLOGIA (AMBULATÓRIO),CONSULTA REGULADA,GASTROENTEROLOGIA - ESQUISTOSSOMOSE,Ativo,Terça,1970-01-01 15:30:00.000,Tarde,Ativo,2
2134,G. L. D. P. ,URGENCIA E EMERGENCIA,,ESTABILIZACAO - PEDIATRIA,Ativo,,,,,
2136,T. O. S. ,PEDIATRIA (AMBULATÓRIO),RETORNO,GENETICA MEDICA PEDIATRICA,Ativo,Terça,1970-01-01 13:00:00.000,Tarde,Ativo,2
2136,T. O. S. ,PEDIATRIA (AMBULATÓRIO),CONSULTA REGULADA,GENETICA MEDICA PEDIATRICA,Ativo,Terça,1970-01-01 10:00:00.000,Manhã,Ativo,1
2136,T. O. S. ,PEDIATRIA (AMBULATÓRIO),INTERCONSULTA,GENETICA MEDICA PEDIATRICA,Ativo,Terça,1970-01-01 13:00:00.000,Tarde,Ativo,2
2136,T. O. S. ,PEDIATRIA (AMBULATÓRIO),CONSULTA REGULADA,GENETICA MEDICA PEDIATRICA,Ativo,Terça,1970-01-01 15:30:00.000,Tarde,Ativo,1
2136,T. O. S. ,PEDIATRIA (AMBULATÓRIO),RETORNO,GENETICA MEDICA PEDIATRICA,Ativo,Terça,1970-01-01 08:00:00.000,Manhã,Ativo,2
2136,T. O. S. ,PEDIATRIA (AMBULATÓRIO),INTERCONSULTA,GENETICA MEDICA PEDIATRICA,Ativo,Terça,1970-01-01 08:00:00.000,Manhã,Ativo,2
2136,T. O. S. ,PEDIATRIA (AMBULATÓRIO),RETORNO,GENETICA MEDICA PEDIATRICA,Ativo,Quinta,1970-01-01 08:00:00.000,Manhã,Ativo,2
2136,T. O. S. ,PEDIATRIA (AMBULATÓRIO),INTERCONSULTA,GENETICA MEDICA PEDIATRICA,Ativo,Quinta,1970-01-01 08:00:00.000,Manhã,Ativo,2
2138,A. V. C. L. ,OTORRINOLARINGOLOGIA (AMBULATÓRIO),EXAME,OTORRINOLARINGOLOGIA - EXAME OTONEURO,Inativo,Terça,1970-01-01 07:00:00.000,Manhã,Ativo,2
2138,A. V. C. L. ,OTORRINOLARINGOLOGIA (AMBULATÓRIO),EXAME,OTORRINOLARINGOLOGIA - EXAME OTONEURO,Inativo,Quarta,1970-01-01 07:00:00.000,Manhã,Ativo,2
2138,A. V. C. L. ,OTORRINOLARINGOLOGIA (AMBULATÓRIO),EXAME,OTORRINOLARINGOLOGIA - EXAME OTONEURO,Inativo,Quarta,1970-01-01 13:00:00.000,Tarde,Ativo,2
2138,A. V. C. L. ,OTORRINOLARINGOLOGIA (AMBULATÓRIO),EXAME,OTORRINOLARINGOLOGIA - EXAME OTONEURO,Inativo,Quinta,1970-01-01 07:00:00.000,Manhã,Ativo,2
2140,A. C. M. G. P. S. ,PEDIATRIA (AMBULATÓRIO),RETORNO,PEDIATRIA,Ativo,Segunda,1970-01-01 07:00:00.000,Manhã,Ativo,4
2140,A. C. M. G. P. S. ,PEDIATRIA (AMBULATÓRIO),RETORNO,PEDIATRIA,Ativo,Quarta,1970-01-01 07:00:00.000,Manhã,Ativo,4
2142,A. C. M. G. P. S. ,PUERICULTURA (AMBULATÓRIO),RETORNO,PUERICULTURA - EGRESSO,Inativo,Segunda,1970-01-01 13:00:00.000,Tarde,Inativo,4
2144,L. A. D. S. L. ,PEDIATRIA (AMBULATÓRIO),,PEDIATRIA,Inativo,,,,,
2146,L. A. D. S. L. ,PUERICULTURA (AMBULATÓRIO),,PUERICULTURA - EGRESSO,Inativo,,,,,
2147,B. B. D. F. ,PEDIATRIA (AMBULATÓRIO),RETORNO,PEDIATRIA - EGRESSO,Inativo,Quarta,1970-01-01 13:00:00.000,Tarde,Inativo,1
2148,L. A. D. S. L. ,PUERICULTURA (AMBULATÓRIO),,PUERICULTURA - ADOLESCENTE,Inativo,,,,,
2149,S. D. O. B. V. V. ,PEDIATRIA (AMBULATÓRIO),RETORNO,PEDIATRIA,Ativo,Terça,1970-01-01 07:00:00.000,Manhã,Ativo,4
2149,S. D. O. B. V. V. ,PEDIATRIA (AMBULATÓRIO),RETORNO,PEDIATRIA,Ativo,Quinta,1970-01-01 07:00:00.000,Manhã,Ativo,4
2150,R. D. A. L. S. C. ,PEDIATRIA (AMBULATÓRIO),RETORNO,PEDIATRIA,Ativo,Segunda,1970-01-01 07:00:00.000,Manhã,Ativo,4
2150,R. D. A. L. S. C. ,PEDIATRIA (AMBULATÓRIO),RETORNO,PEDIATRIA,Ativo,Quarta,1970-01-01 07:00:00.000,Manhã,Ativo,4
2150,R. D. A. L. S. C. ,PEDIATRIA (AMBULATÓRIO),RETORNO,PEDIATRIA,Ativo,Sexta,1970-01-01 07:00:00.000,Manhã,Ativo,4
2152,R. D. A. L. S. C. ,PUERICULTURA (AMBULATÓRIO),RETORNO,PUERICULTURA - EGRESSO,Inativo,Segunda,1970-01-01 13:00:00.000,Tarde,Inativo,4
2154,B. B. D. F. ,PEDIATRIA (AMBULATÓRIO),RETORNO,PEDIATRIA,Ativo,Quinta,1970-01-01 13:00:00.000,Tarde,Ativo,4
2156,J. D. R. N. ,PEDIATRIA (AMBULATÓRIO),RETORNO,PEDIATRIA,Ativo,Quarta,1970-01-01 13:00:00.000,Tarde,Ativo,4
2157,J. D. R. N. ,PUERICULTURA (AMBULATÓRIO),RETORNO,PUERICULTURA - ADOLESCENTE,Inativo,Quinta,1970-01-01 13:00:00.000,Tarde,Ativo,2
2158,A. C. N. N. D. ,CIRURGIA GERAL (AMBULATÓRIO),,CIRURGIA GERAL,Inativo,,,,,
2160,A. T. E. S. ,GINECOLOGIA (AMBULATÓRIO),INTERCONSULTA,GINECOLOGIA - TRIAGEM,Inativo,Sexta,1970-01-01 10:00:00.000,Manhã,Inativo,8
2162,J. D. S. N. ,AGENCIA TRANSFUSIONAL,,HEMOTERAPIA,Ativo,,,,,
2164,M. C. M. C. L. ,AGENCIA TRANSFUSIONAL,,HEMOTERAPIA,Ativo,,,,,
2166,L. M. V. D. O. S. ,CARDIOLOGIA (AMBULATÓRIO),CONSULTA REGULADA,CARDIO - CARDIOPATIAS CONGENITAS DO ADULTO,Ativo,Sexta,1970-01-01 10:00:00.000,Manhã,Ativo,3
2166,L. M. V. D. O. S. ,CARDIOLOGIA (AMBULATÓRIO),RETORNO,CARDIO - CARDIOPATIAS CONGENITAS DO ADULTO,Ativo,Sexta,1970-01-01 07:00:00.000,Manhã,Ativo,2
2168,F. L. A. D. S. ,ASSISTENCIA FARMACEUTICA,,FARMACIA - GINECOLOGIA,Ativo,,,,,
2169,R. D. F. C. ,ASSISTENCIA FARMACEUTICA,,FARMACIA - GINECOLOGIA,Inativo,,,,,
2170,D. T. D. A. ,ASSISTENCIA FARMACEUTICA,,FARMACIA - GINECOLOGIA,Ativo,,,,,
2171,D. T. D. A. ,ASSISTENCIA FARMACEUTICA,,FARMACIA - OBSTETRICIA,Ativo,,,,,
2172,V. M. A. M. M. ,ASSISTENCIA FARMACEUTICA,,FARMACIA - GINECOLOGIA,Ativo,,,,,
2174,P. G. D. S. F. ,ASSISTENCIA FARMACEUTICA,,FARMACIA - GINECOLOGIA,Ativo,,,,,
2181,F. L. A. D. S. ,ASSISTENCIA FARMACEUTICA,,FARMACIA - OBSTETRICIA,Ativo,,,,,
2184,V. M. A. M. M. ,ASSISTENCIA FARMACEUTICA,,FARMACIA - OBSTETRICIA,Ativo,,,,,
2185,P. G. D. S. F. ,ASSISTENCIA FARMACEUTICA,,FARMACIA - OBSTETRICIA,Ativo,,,,,
2186,R. D. F. C. ,ASSISTENCIA FARMACEUTICA,,FARMACIA - OBSTETRICIA,Inativo,,,,,
2190,R. D. F. C. ,ASSISTENCIA FARMACEUTICA,,FARMACIA - INFECTOLOGIA,Inativo,,,,,
2191,P. G. D. S. F. ,ASSISTENCIA FARMACEUTICA,,FARMACIA - ESPACO TRANS,Ativo,,,,,
2192,E. M. D. N. F. B. ,ASSISTENCIA FARMACEUTICA,,FARMACIA - NUCLEO DE POS-CUIDADOS INTENSIVOS,Ativo,,,,,
2193,V. M. A. M. M. ,ASSISTENCIA FARMACEUTICA,,FARMACIA - ESPACO TRANS,Ativo,,,,,
2194,T. C. D. S. F. ,ASSISTENCIA FARMACEUTICA,,FARMACIA - TRANSPLANTE,Ativo,,,,,
2195,D. T. D. A. ,ASSISTENCIA FARMACEUTICA,,FARMACIA - ONCOLOGIA,Ativo,,,,,
2196,R. C. N. N. ,ASSISTENCIA FARMACEUTICA,,FARMACIA - ONCOLOGIA,Ativo,,,,,
2197,D. T. D. A. ,ASSISTENCIA FARMACEUTICA,,FARMACIA - ESPACO TRANS,Ativo,,,,,
2198,F. L. A. D. S. ,ASSISTENCIA FARMACEUTICA,,FARMACIA - ESPACO TRANS,Ativo,,,,,
2200,R. D. F. C. ,ASSISTENCIA FARMACEUTICA,,FARMACIA - ESPACO TRANS,Inativo,,,,,
2202,N. D. S. F. ,ORTOPEDIA (AMBULATÓRIO),,ENFERMAGEM - ORTOPEDIA,Ativo,,,,,
2203,D. M. D. N. C. ,NEFROLOGIA (AMBULATÓRIO),RETORNO,NEFROLOGIA - GLOMERULOPATIA,Ativo,Quinta,1970-01-01 07:00:00.000,Manhã,Ativo,5
2203,D. M. D. N. C. ,NEFROLOGIA (AMBULATÓRIO),INTERCONSULTA,NEFROLOGIA - GLOMERULOPATIA,Ativo,Quinta,1970-01-01 07:00:00.000,Manhã,Ativo,1
2203,D. M. D. N. C. ,NEFROLOGIA (AMBULATÓRIO),CONSULTA REGULADA,NEFROLOGIA - GLOMERULOPATIA,Ativo,Quinta,1970-01-01 10:00:00.000,Manhã,Ativo,1
2204,C. B. L. D. O. ,NEFROLOGIA (AMBULATÓRIO),RETORNO,NEFROLOGIA - GLOMERULOPATIA,Ativo,Quinta,1970-01-01 07:00:00.000,Manhã,Ativo,6
2204,C. B. L. D. O. ,NEFROLOGIA (AMBULATÓRIO),CONSULTA REGULADA,NEFROLOGIA - GLOMERULOPATIA,Ativo,Quinta,1970-01-01 10:00:00.000,Manhã,Ativo,1
2206,J. L. D. N. ,NEFROLOGIA (AMBULATÓRIO),CONSULTA REGULADA,NEFROLOGIA,Ativo,Sexta,1970-01-01 15:30:00.000,Tarde,Ativo,2
2206,J. L. D. N. ,NEFROLOGIA (AMBULATÓRIO),RETORNO,NEFROLOGIA,Ativo,Sexta,1970-01-01 13:00:00.000,Tarde,Ativo,8
2208,G. P. U. D. M. S. ,SAUDE OCUPACIONAL E SEGURANCA DO TRABALHO,,MEDICINA DO TRABALHO,Ativo,,,,,
2209,G. D. S. D. N. S. ,ENFERMAGEM,,ENFERMAGEM DO TRABALHO,Ativo,,,,,
2210,C. T. B. ,SAUDE OCUPACIONAL E SEGURANCA DO TRABALHO,,MEDICINA DO TRABALHO,Ativo,,,,,
2212,A. S. B. T. ,ENFERMAGEM,,ENFERMAGEM DO TRABALHO,Ativo,,,,,
2214,A. P. X. D. L. ,TRANSPLANTE (AMBULATÓRIO),RETORNO,TRANSPLANTE RENAL,Ativo,Quinta,1970-01-01 07:00:00.000,Manhã,Ativo,5
2216,L. M. V. ,NEFROLOGIA (AMBULATÓRIO),RETORNO,NEFROLOGIA - GLOMERULOPATIA,Inativo,Segunda,1970-01-01 13:00:00.000,Tarde,Ativo,4
2218,C. A. D. A. M. ,CIRURGIA VASCULAR (AMBULATÓRIO),CONSULTA REGULADA,CIRURGIA VASCULAR - ESCLEROTERAPIA COM ESPUMA,Ativo,Quinta,1970-01-01 15:30:00.000,Tarde,Ativo,1
2218,C. A. D. A. M. ,CIRURGIA VASCULAR (AMBULATÓRIO),RETORNO,CIRURGIA VASCULAR - ESCLEROTERAPIA COM ESPUMA,Ativo,Quinta,1970-01-01 13:00:00.000,Tarde,Ativo,4
2220,A. D. D. L. ,ONCOLOGIA (AMBULATÓRIO),INTERCONSULTA,ONCOLOGIA CLINICA,Ativo,Segunda,1970-01-01 07:00:00.000,Manhã,Ativo,2
2220,A. D. D. L. ,ONCOLOGIA (AMBULATÓRIO),RETORNO,ONCOLOGIA CLINICA,Ativo,Segunda,1970-01-01 07:00:00.000,Manhã,Ativo,10
2220,A. D. D. L. ,ONCOLOGIA (AMBULATÓRIO),RETORNO,ONCOLOGIA CLINICA,Ativo,Quinta,1970-01-01 13:00:00.000,Tarde,Ativo,10
2220,A. D. D. L. ,ONCOLOGIA (AMBULATÓRIO),INTERCONSULTA,ONCOLOGIA CLINICA,Ativo,Quinta,1970-01-01 13:00:00.000,Tarde,Ativo,2
2220,A. D. D. L. ,ONCOLOGIA (AMBULATÓRIO),RETORNO,ONCOLOGIA CLINICA,Ativo,Quinta,1970-01-01 07:00:00.000,Manhã,Ativo,10
2222,S. M. D. S. ,ONCOLOGIA (AMBULATÓRIO),INTERCONSULTA,CIRURGIA ONCOLOGICA,Ativo,Segunda,1970-01-01 12:00:00.000,Tarde,Ativo,5
2222,S. M. D. S. ,ONCOLOGIA (AMBULATÓRIO),RETORNO,CIRURGIA ONCOLOGICA,Ativo,Segunda,1970-01-01 12:00:00.000,Tarde,Ativo,10
2224,P. R. A. ,ONCOLOGIA (AMBULATÓRIO),RETORNO,ONCOLOGIA CLINICA,Ativo,Quarta,1970-01-01 13:00:00.000,Tarde,Ativo,10
2224,P. R. A. ,ONCOLOGIA (AMBULATÓRIO),INTERCONSULTA,ONCOLOGIA CLINICA,Ativo,Quarta,1970-01-01 13:00:00.000,Tarde,Ativo,3
2224,P. R. A. ,ONCOLOGIA (AMBULATÓRIO),INTERCONSULTA,ONCOLOGIA CLINICA,Ativo,Sexta,1970-01-01 07:00:00.000,Manhã,Ativo,3
2224,P. R. A. ,ONCOLOGIA (AMBULATÓRIO),RETORNO,ONCOLOGIA CLINICA,Ativo,Sexta,1970-01-01 07:00:00.000,Manhã,Ativo,10
2226,S. D. O. B. V. V. ,CARDIOLOGIA (AMBULATÓRIO),INTERCONSULTA,CARDIO - PEDIATRIA,Ativo,Quinta,1970-01-01 13:00:00.000,Tarde,Ativo,2
2226,S. D. O. B. V. V. ,CARDIOLOGIA (AMBULATÓRIO),RETORNO,CARDIO - PEDIATRIA,Ativo,Quinta,1970-01-01 13:00:00.000,Tarde,Ativo,5
2226,S. D. O. B. V. V. ,CARDIOLOGIA (AMBULATÓRIO),CONSULTA REGULADA,CARDIO - PEDIATRIA,Ativo,Quinta,1970-01-01 15:30:00.000,Tarde,Ativo,3
2228,M. T. S. D. S. L. ,CARDIOLOGIA (AMBULATÓRIO),TELEATENDIMENTO,TELEMEDICINA TRIAGEM EM CARDIOLOGIA,Ativo,Terça,1970-01-01 08:30:00.000,Manhã,Ativo,9
2228,M. T. S. D. S. L. ,CARDIOLOGIA (AMBULATÓRIO),TELEATENDIMENTO,TELEMEDICINA TRIAGEM EM CARDIOLOGIA,Ativo,Quinta,1970-01-01 13:00:00.000,Tarde,Ativo,12
2230,G. L. D. P. ,PEDIATRIA (AMBULATÓRIO),RETORNO,PEDIATRIA - GASTRO,Ativo,Quarta,1970-01-01 13:00:00.000,Tarde,Ativo,6
2230,G. L. D. P. ,PEDIATRIA (AMBULATÓRIO),RETORNO,PEDIATRIA - GASTRO,Ativo,Sexta,1970-01-01 13:00:00.000,Tarde,Ativo,6
2230,G. L. D. P. ,PEDIATRIA (AMBULATÓRIO),INTERCONSULTA,PEDIATRIA - GASTRO,Ativo,Sexta,1970-01-01 13:00:00.000,Tarde,Ativo,2
2230,G. L. D. P. ,PEDIATRIA (AMBULATÓRIO),RETORNO,PEDIATRIA - GASTRO,Ativo,Sexta,1970-01-01 07:00:00.000,Manhã,Ativo,5
2232,S. C. S. B. ,MEDICINA NUCLEAR (AMBULATORIO),PRIMEIRA CONSULTA,MEDICINA NUCLEAR,Inativo,Segunda,1970-01-01 07:00:00.000,Manhã,Inativo,8
2232,S. C. S. B. ,MEDICINA NUCLEAR (AMBULATORIO),CONSULTA REGULADA,MEDICINA NUCLEAR,Inativo,Segunda,1970-01-01 13:00:00.000,Tarde,Inativo,8
2232,S. C. S. B. ,MEDICINA NUCLEAR (AMBULATORIO),INTERCONSULTA,MEDICINA NUCLEAR,Inativo,Segunda,1970-01-01 15:00:00.000,Tarde,Inativo,5
2232,S. C. S. B. ,MEDICINA NUCLEAR (AMBULATORIO),PRIMEIRA CONSULTA,MEDICINA NUCLEAR,Inativo,Quarta,1970-01-01 07:00:00.000,Manhã,Inativo,8
2232,S. C. S. B. ,MEDICINA NUCLEAR (AMBULATORIO),PRIMEIRA CONSULTA,MEDICINA NUCLEAR,Inativo,Sexta,1970-01-01 07:00:00.000,Manhã,Inativo,8
2234,V. L. D. M. P. ,ENFERMAGEM,INTERCONSULTA,ENFERMAGEM - IODOTERAPIA,Ativo,Segunda,1970-01-01 07:00:00.000,Manhã,Ativo,16
2234,V. L. D. M. P. ,ENFERMAGEM,INTERCONSULTA,ENFERMAGEM - IODOTERAPIA,Ativo,Segunda,1970-01-01 13:00:00.000,Tarde,Ativo,4
2234,V. L. D. M. P. ,ENFERMAGEM,INTERCONSULTA,ENFERMAGEM - IODOTERAPIA,Ativo,Terça,1970-01-01 07:00:00.000,Manhã,Ativo,8
2234,V. L. D. M. P. ,ENFERMAGEM,INTERCONSULTA,ENFERMAGEM - IODOTERAPIA,Ativo,Terça,1970-01-01 13:00:00.000,Tarde,Ativo,6
2234,V. L. D. M. P. ,ENFERMAGEM,INTERCONSULTA,ENFERMAGEM - IODOTERAPIA,Ativo,Quarta,1970-01-01 13:00:00.000,Tarde,Ativo,13
2234,V. L. D. M. P. ,ENFERMAGEM,INTERCONSULTA,ENFERMAGEM - IODOTERAPIA,Ativo,Quarta,1970-01-01 07:00:00.000,Manhã,Ativo,11
2234,V. L. D. M. P. ,ENFERMAGEM,INTERCONSULTA,ENFERMAGEM - IODOTERAPIA,Ativo,Quinta,1970-01-01 13:00:00.000,Tarde,Ativo,4
2234,V. L. D. M. P. ,ENFERMAGEM,INTERCONSULTA,ENFERMAGEM - IODOTERAPIA,Ativo,Quinta,1970-01-01 07:00:00.000,Manhã,Ativo,8
2234,V. L. D. M. P. ,ENFERMAGEM,INTERCONSULTA,ENFERMAGEM - IODOTERAPIA,Ativo,Sexta,1970-01-01 13:00:00.000,Tarde,Ativo,6
2234,V. L. D. M. P. ,ENFERMAGEM,INTERCONSULTA,ENFERMAGEM - IODOTERAPIA,Ativo,Sexta,1970-01-01 07:00:00.000,Manhã,Ativo,5
2236,A. F. D. M. ,ENFERMAGEM,INTERCONSULTA,ENFERMAGEM - IODOTERAPIA,Ativo,Segunda,1970-01-01 13:00:00.000,Tarde,Ativo,4
2236,A. F. D. M. ,ENFERMAGEM,INTERCONSULTA,ENFERMAGEM - IODOTERAPIA,Ativo,Segunda,1970-01-01 07:00:00.000,Manhã,Ativo,16
2236,A. F. D. M. ,ENFERMAGEM,INTERCONSULTA,ENFERMAGEM - IODOTERAPIA,Ativo,Terça,1970-01-01 07:00:00.000,Manhã,Ativo,8
2236,A. F. D. M. ,ENFERMAGEM,INTERCONSULTA,ENFERMAGEM - IODOTERAPIA,Ativo,Terça,1970-01-01 13:00:00.000,Tarde,Ativo,6
2236,A. F. D. M. ,ENFERMAGEM,INTERCONSULTA,ENFERMAGEM - IODOTERAPIA,Ativo,Quarta,1970-01-01 13:00:00.000,Tarde,Ativo,13
2236,A. F. D. M. ,ENFERMAGEM,INTERCONSULTA,ENFERMAGEM - IODOTERAPIA,Ativo,Quarta,1970-01-01 07:00:00.000,Manhã,Ativo,11
2236,A. F. D. M. ,ENFERMAGEM,INTERCONSULTA,ENFERMAGEM - IODOTERAPIA,Ativo,Quinta,1970-01-01 13:00:00.000,Tarde,Ativo,4
2236,A. F. D. M. ,ENFERMAGEM,INTERCONSULTA,ENFERMAGEM - IODOTERAPIA,Ativo,Quinta,1970-01-01 07:00:00.000,Manhã,Ativo,8
2236,A. F. D. M. ,ENFERMAGEM,INTERCONSULTA,ENFERMAGEM - IODOTERAPIA,Ativo,Sexta,1970-01-01 13:00:00.000,Tarde,Ativo,6
2236,A. F. D. M. ,ENFERMAGEM,INTERCONSULTA,ENFERMAGEM - IODOTERAPIA,Ativo,Sexta,1970-01-01 07:00:00.000,Manhã,Ativo,5
2238,M. D. G. M. L. S. ,PEDIATRIA (AMBULATÓRIO),CONSULTA REGULADA,PEDIATRIA - GASTRO - APLV,Inativo,Quarta,1970-01-01 15:30:00.000,Tarde,Ativo,1
2240,J. D. R. N. ,PEDIATRIA (AMBULATÓRIO),RETORNO,PEDIATRIA - NEURO,Ativo,Segunda,1970-01-01 07:00:00.000,Manhã,Ativo,7
2240,J. D. R. N. ,PEDIATRIA (AMBULATÓRIO),CONSULTA REGULADA,PEDIATRIA - NEURO,Ativo,Segunda,1970-01-01 10:00:00.000,Manhã,Inativo,1
2240,J. D. R. N. ,PEDIATRIA (AMBULATÓRIO),INTERCONSULTA,PEDIATRIA - NEURO,Ativo,Segunda,1970-01-01 07:00:00.000,Manhã,Ativo,1
2240,J. D. R. N. ,PEDIATRIA (AMBULATÓRIO),RETORNO,PEDIATRIA - NEURO,Ativo,Quarta,1970-01-01 07:00:00.000,Manhã,Ativo,7
2240,J. D. R. N. ,PEDIATRIA (AMBULATÓRIO),CONSULTA REGULADA,PEDIATRIA - NEURO,Ativo,Quarta,1970-01-01 10:00:00.000,Manhã,Ativo,1
2240,J. D. R. N. ,PEDIATRIA (AMBULATÓRIO),INTERCONSULTA,PEDIATRIA - NEURO,Ativo,Quarta,1970-01-01 07:00:00.000,Manhã,Inativo,1
2242,A. C. D. F. ,MEDICINA NUCLEAR (AMBULATORIO),INTERCONSULTA,MEDICINA NUCLEAR,Inativo,Segunda,1970-01-01 13:00:00.000,Tarde,Inativo,4
2244,A. C. P. S. ,GINECOLOGIA (AMBULATÓRIO),INTERCONSULTA,GINECOLOGIA - LAPAROSCOPIA,Ativo,Segunda,1970-01-01 07:00:00.000,Manhã,Inativo,1
2244,A. C. P. S. ,GINECOLOGIA (AMBULATÓRIO),CONSULTA REGULADA,GINECOLOGIA - LAPAROSCOPIA,Ativo,Segunda,1970-01-01 10:00:00.000,Manhã,Inativo,1
2244,A. C. P. S. ,GINECOLOGIA (AMBULATÓRIO),RETORNO,GINECOLOGIA - LAPAROSCOPIA,Ativo,Segunda,1970-01-01 07:00:00.000,Manhã,Inativo,2
2244,A. C. P. S. ,GINECOLOGIA (AMBULATÓRIO),CONSULTA REGULADA,GINECOLOGIA - LAPAROSCOPIA,Ativo,Quinta,1970-01-01 13:00:00.000,Tarde,Ativo,2
2244,A. C. P. S. ,GINECOLOGIA (AMBULATÓRIO),RETORNO,GINECOLOGIA - LAPAROSCOPIA,Ativo,Quinta,1970-01-01 13:00:00.000,Tarde,Ativo,4
2244,A. C. P. S. ,GINECOLOGIA (AMBULATÓRIO),INTERCONSULTA,GINECOLOGIA - LAPAROSCOPIA,Ativo,Quinta,1970-01-01 13:00:00.000,Tarde,Ativo,4
2246,,UROLOGIA (AMBULATÓRIO),,UROLOGIA RETORNO CIRURGICO,Ativo,,,,,
2248,L. N. S. F. ,OFTALMOLOGIA (AMBULATÓRIO),RETORNO,ENFERMAGEM - OFTALMOLOGIA,Inativo,Segunda,1970-01-01 07:00:00.000,Manhã,Ativo,2
2248,L. N. S. F. ,OFTALMOLOGIA (AMBULATÓRIO),INTERCONSULTA,ENFERMAGEM - OFTALMOLOGIA,Inativo,Segunda,1970-01-01 13:00:00.000,Tarde,Ativo,2
2248,L. N. S. F. ,OFTALMOLOGIA (AMBULATÓRIO),RETORNO,ENFERMAGEM - OFTALMOLOGIA,Inativo,Segunda,1970-01-01 13:00:00.000,Tarde,Ativo,2
2248,L. N. S. F. ,OFTALMOLOGIA (AMBULATÓRIO),INTERCONSULTA,ENFERMAGEM - OFTALMOLOGIA,Inativo,Segunda,1970-01-01 07:00:00.000,Manhã,Ativo,2
2248,L. N. S. F. ,OFTALMOLOGIA (AMBULATÓRIO),INTERCONSULTA,ENFERMAGEM - OFTALMOLOGIA,Inativo,Quarta,1970-01-01 13:00:00.000,Tarde,Ativo,2
2248,L. N. S. F. ,OFTALMOLOGIA (AMBULATÓRIO),INTERCONSULTA,ENFERMAGEM - OFTALMOLOGIA,Inativo,Quarta,1970-01-01 07:00:00.000,Manhã,Ativo,2
2248,L. N. S. F. ,OFTALMOLOGIA (AMBULATÓRIO),RETORNO,ENFERMAGEM - OFTALMOLOGIA,Inativo,Quarta,1970-01-01 07:00:00.000,Manhã,Ativo,2
2248,L. N. S. F. ,OFTALMOLOGIA (AMBULATÓRIO),RETORNO,ENFERMAGEM - OFTALMOLOGIA,Inativo,Quarta,1970-01-01 13:00:00.000,Tarde,Ativo,2
2248,L. N. S. F. ,OFTALMOLOGIA (AMBULATÓRIO),INTERCONSULTA,ENFERMAGEM - OFTALMOLOGIA,Inativo,Sexta,1970-01-01 07:00:00.000,Manhã,Ativo,2
2248,L. N. S. F. ,OFTALMOLOGIA (AMBULATÓRIO),RETORNO,ENFERMAGEM - OFTALMOLOGIA,Inativo,Sexta,1970-01-01 07:00:00.000,Manhã,Ativo,2
2248,L. N. S. F. ,OFTALMOLOGIA (AMBULATÓRIO),INTERCONSULTA,ENFERMAGEM - OFTALMOLOGIA,Inativo,Sexta,1970-01-01 13:00:00.000,Tarde,Ativo,2
2248,L. N. S. F. ,OFTALMOLOGIA (AMBULATÓRIO),RETORNO,ENFERMAGEM - OFTALMOLOGIA,Inativo,Sexta,1970-01-01 13:00:00.000,Tarde,Ativo,2
2250,B. C. L. C. D. ,NUCLEO DE POS-CUIDADOS INTENSIVOS,RETORNO,NPCI - FONOAUDIOLOGIA,Ativo,Quarta,1970-01-01 10:00:00.000,Manhã,Ativo,4
2252,G. G. D. ,TRANSPLANTE (AMBULATÓRIO),CONSULTA REGULADA,TRANSPLANTE RENAL - PRE-TRANSPLANTE,Ativo,Sexta,1970-01-01 10:00:00.000,Manhã,Ativo,2
2252,G. G. D. ,TRANSPLANTE (AMBULATÓRIO),RETORNO,TRANSPLANTE RENAL - PRE-TRANSPLANTE,Ativo,Sexta,1970-01-01 07:00:00.000,Manhã,Ativo,4
2254,I. C. C. D. S. ,PUERICULTURA (AMBULATÓRIO),,PUERICULTURA - PALIVIZUMABE,Inativo,,,,,
2256,V. S. C. L. F. ,OTORRINOLARINGOLOGIA (AMBULATÓRIO),INTERCONSULTA,OTORRINOLARINGOLOGIA,Ativo,Quarta,1970-01-01 13:00:00.000,Tarde,Inativo,1
2258,G. D. O. B. ,CIRURGIA VASCULAR (AMBULATÓRIO),RETORNO,CIRURGIA VASCULAR,Ativo,Quinta,1970-01-01 07:00:00.000,Manhã,Ativo,1
2258,G. D. O. B. ,CIRURGIA VASCULAR (AMBULATÓRIO),RETORNO,CIRURGIA VASCULAR,Ativo,Sexta,1970-01-01 07:00:00.000,Manhã,Ativo,1
2260,D. L. P. D. S. ,NÚCLEO DO SERVIDOR (AMBULATÓRIO),CONSULTA RETORNO SERVIDOR(A),MEDICINA DO TRABALHO - NASS,Ativo,Segunda,1970-01-01 13:00:00.000,Tarde,Ativo,1
2261,M. D. B. D. V. P. ,NÚCLEO DO SERVIDOR (AMBULATÓRIO),CONSULTA RETORNO SERVIDOR(A),MEDICINA DO TRABALHO - NASS,Ativo,Quarta,1970-01-01 13:00:00.000,Tarde,Ativo,1
2262,M. L. D. M. ,PSIQUIATRIA (AMBULATÓRIO),TELEATENDIMENTO,PSIQUIATRIA - TRIAGEM - TELEMEDICINA,Ativo,Quinta,1970-01-01 13:30:00.000,Tarde,Ativo,6
2264,P. R. D. S. ,GINECOLOGIA (AMBULATÓRIO),TELEATENDIMENTO,TELEENFERMAGEM - COLPOSCOPIA,Ativo,Terça,1970-01-01 15:00:00.000,Tarde,Ativo,4
2266,B. D. P. G. D. M. ,GASTROENTEROLOGIA (AMBULATÓRIO),CONSULTA REGULADA,GASTROENTEROLOGIA - NODULOS HEPATICOS,Ativo,Terça,1970-01-01 10:00:00.000,Manhã,Ativo,2
2266,B. D. P. G. D. M. ,GASTROENTEROLOGIA (AMBULATÓRIO),INTERCONSULTA,GASTROENTEROLOGIA - NODULOS HEPATICOS,Ativo,Terça,1970-01-01 07:00:00.000,Manhã,Ativo,1
2266,B. D. P. G. D. M. ,GASTROENTEROLOGIA (AMBULATÓRIO),RETORNO,GASTROENTEROLOGIA - NODULOS HEPATICOS,Ativo,Terça,1970-01-01 07:00:00.000,Manhã,Ativo,6
2268,K. S. N. ,NEFROLOGIA (AMBULATÓRIO),,ENFERMAGEM - NAVEGACAO - NEFROLOGIA,Ativo,,,,,
2270,K. S. N. ,TRANSPLANTE (AMBULATÓRIO),,ENFERMAGEM - TRANSPLANTE RENAL,Ativo,,,,,
2272,K. S. N. ,TRANSPLANTE (AMBULATÓRIO),,ENFERMAGEM - POS-TRANSPLANTE,Ativo,,,,,
2274,A. K. V. T. B. ,FISIOTERAPIA,SESSAO,FISIOTERAPIA - NUCLEO DE DESENV. INFANTIL,Ativo,Terça,1970-01-01 13:00:00.000,Tarde,Ativo,5
2276,A. A. P. D. S. S. ,TERAPIA OCUPACIONAL,RETORNO,TERAPIA OCUPACIONAL - NUCLEO DE DES. INFANTIL,Ativo,Terça,1970-01-01 13:00:00.000,Tarde,Ativo,5
2278,L. G. L. D. A. C. ,DERMATOLOGIA (AMBULATÓRIO),,DERMATOLOGIA,Inativo,,,,,
2280,J. G. D. A. S. ,DERMATOLOGIA (AMBULATÓRIO),,DERMATOLOGIA - COSMIATRIA,Inativo,,,,,
2282,L. G. L. D. A. C. ,DERMATOLOGIA (AMBULATÓRIO),RETORNO,DERMATOLOGIA - COLAGENOSES - VASCULITES,Inativo,Terça,1970-01-01 07:00:00.000,Manhã,Ativo,4
2284,K. S. N. ,TRANSPLANTE (AMBULATÓRIO),TELEATENDIMENTO,TELENFERMAGEM EM TX RENAL,Inativo,Segunda,1970-01-01 08:00:00.000,Manhã,Ativo,6
2284,K. S. N. ,TRANSPLANTE (AMBULATÓRIO),TELEATENDIMENTO,TELENFERMAGEM EM TX RENAL,Inativo,Sexta,1970-01-01 08:00:00.000,Manhã,Ativo,6
2286,L. G. D. C. S. ,TRANSPLANTE (AMBULATÓRIO),TELEATENDIMENTO,TELENFERMAGEM EM TX RENAL,Ativo,Segunda,1970-01-01 08:00:00.000,Manhã,Ativo,6
2286,L. G. D. C. S. ,TRANSPLANTE (AMBULATÓRIO),TELEATENDIMENTO,TELENFERMAGEM EM TX RENAL,Ativo,Sexta,1970-01-01 08:00:00.000,Manhã,Ativo,6
2288,M. C. D. A. N. ,UROLOGIA (AMBULATÓRIO),RETORNO,UROLOGIA MARCAÇÃO DE CIRURGIA,Inativo,Quarta,1970-01-01 07:00:00.000,Manhã,Ativo,10
2290,V. L. S. D. M. ,DERMATOLOGIA (AMBULATÓRIO),RETORNO,DERMATOLOGIA - DERMATITE ATOPICA,Inativo,Sexta,1970-01-01 07:00:00.000,Manhã,Inativo,5
2292,M. A. D. D. C. ,PSICOLOGIA (AMBULATÓRIO),,PSICOLOGIA ORGANIZACIONAL E DO TRABALHO,Ativo,,,,,
2294,N. T. P. C. ,CIRURGIA PEDIÁTRICA (AMBULATÓRIO),CONSULTA REGULADA,CIRURGIA PEDIATRICA,Ativo,Quarta,1970-01-01 15:30:00.000,Tarde,Ativo,5
2294,N. T. P. C. ,CIRURGIA PEDIÁTRICA (AMBULATÓRIO),RETORNO,CIRURGIA PEDIATRICA,Ativo,Quarta,1970-01-01 13:00:00.000,Tarde,Ativo,15
2294,N. T. P. C. ,CIRURGIA PEDIÁTRICA (AMBULATÓRIO),INTERCONSULTA,CIRURGIA PEDIATRICA,Ativo,Quarta,1970-01-01 13:00:00.000,Tarde,Ativo,5
2296,V. D. C. B. P. ,NUCLEO DE TELESSAUDE,TELEATENDIMENTO,TELEMEDICINA SINDROMES GRIPAIS,Inativo,Quarta,1970-01-01 08:30:00.000,Manhã,Ativo,16
2298,L. D. D. A. V. ,REUMATOLOGIA (AMBULATÓRIO),RETORNO,REUMATOLOGIA - VACINAS,Ativo,Segunda,1970-01-01 07:00:00.000,Manhã,Ativo,8
2300,N. A. M. D. A. ,HEMODINAMICA (AMBULATORIO),INTERCONSULTA,CARDIOLOGIA INTERVENCIONISTA,Ativo,Segunda,1970-01-01 09:00:00.000,Manhã,Ativo,1
2300,N. A. M. D. A. ,HEMODINAMICA (AMBULATORIO),CONSULTA REGULADA,CARDIOLOGIA INTERVENCIONISTA,Ativo,Segunda,1970-01-01 10:00:00.000,Manhã,Ativo,3
2302,E. V. F. ,HEMODINAMICA (AMBULATORIO),CONSULTA REGULADA,CARDIOLOGIA INTERVENCIONISTA,Ativo,Terça,1970-01-01 10:00:00.000,Manhã,Ativo,3
2302,E. V. F. ,HEMODINAMICA (AMBULATORIO),INTERCONSULTA,CARDIOLOGIA INTERVENCIONISTA,Ativo,Terça,1970-01-01 07:45:00.000,Manhã,Ativo,1
2304,J. N. D. C. N. ,CARDIOLOGIA (AMBULATÓRIO),RETORNO,CARDIOLOGIA,Inativo,Sexta,1970-01-01 13:00:00.000,Tarde,Inativo,10
2304,J. N. D. C. N. ,CARDIOLOGIA (AMBULATÓRIO),RETORNO,CARDIOLOGIA,Inativo,Sexta,1970-01-01 07:00:00.000,Manhã,Inativo,10
2306,D. R. F. B. ,CARDIOLOGIA (AMBULATÓRIO),INTERCONSULTA,CARDIOLOGIA,Ativo,Quinta,1970-01-01 13:00:00.000,Tarde,Ativo,1
2306,D. R. F. B. ,CARDIOLOGIA (AMBULATÓRIO),CONSULTA REGULADA,CARDIOLOGIA,Ativo,Quinta,1970-01-01 15:30:00.000,Tarde,Ativo,3
2306,D. R. F. B. ,CARDIOLOGIA (AMBULATÓRIO),RETORNO,CARDIOLOGIA,Ativo,Quinta,1970-01-01 13:00:00.000,Tarde,Ativo,6
2308,H. C. M. D. S. ,FISIOTERAPIA,RETORNO,FISIOTERAPIA - CUIDADOS PALIATIVOS,Inativo,Sexta,1970-01-01 08:00:00.000,Manhã,Inativo,4
2310,J. S. D. B. ,TERAPIA OCUPACIONAL,RETORNO,TERAPIA OCUPACIONAL - CUIDADOS PALIATIVOS,Ativo,Sexta,1970-01-01 08:00:00.000,Manhã,Ativo,4
2312,T. C. M. G. ,DERMATOLOGIA (AMBULATÓRIO),RETORNO,DERMATOLOGIA PEDIATRICA,Inativo,Sexta,1970-01-01 07:00:00.000,Manhã,Ativo,4
2314,V. D. C. B. P. ,GERIATRIA (AMBULATORIO),,TELETRIAGEM EM GERIATRIA,Inativo,,,,,
2316,L. G. D. C. S. ,NEFROLOGIA (AMBULATÓRIO),,ENFERMAGEM - NEFRO,Ativo,,,,,
2318,K. S. N. ,NEFROLOGIA (AMBULATÓRIO),,ENFERMAGEM - NEFRO,Ativo,,,,,
2320,J. N. D. C. N. ,CARDIOLOGIA (AMBULATÓRIO),INTERCONSULTA,CARDIO - RISCO CIRURGICO,Ativo,Sexta,1970-01-01 13:00:00.000,Tarde,Ativo,3
2322,D. R. F. B. ,CARDIOLOGIA (AMBULATÓRIO),INTERCONSULTA,CARDIO - RISCO CIRURGICO,Ativo,Quinta,1970-01-01 13:00:00.000,Tarde,Ativo,3
2324,D. W. D. B. ,UROLOGIA (AMBULATÓRIO),RETORNO,UROLOGIA AULAS PRATICAS,Inativo,Quinta,1970-01-01 13:00:00.000,Tarde,Ativo,5
2328,G. C. C. N. ,CLÍNICA MÉDICA (AMBULATÓRIO),PRIMEIRA CONSULTA,CLINICA MEDICA,Ativo,Segunda,1970-01-01 07:00:00.000,Manhã,Ativo,
2328,G. C. C. N. ,CLÍNICA MÉDICA (AMBULATÓRIO),PRIMEIRA CONSULTA,CLINICA MEDICA,Ativo,Terça,1970-01-01 07:00:00.000,Manhã,Ativo,
2328,G. C. C. N. ,CLÍNICA MÉDICA (AMBULATÓRIO),PRIMEIRA CONSULTA,CLINICA MEDICA,Ativo,Quarta,1970-01-01 07:00:00.000,Manhã,Ativo,
2328,G. C. C. N. ,CLÍNICA MÉDICA (AMBULATÓRIO),PRIMEIRA CONSULTA,CLINICA MEDICA,Ativo,Quinta,1970-01-01 07:00:00.000,Manhã,Ativo,
2328,G. C. C. N. ,CLÍNICA MÉDICA (AMBULATÓRIO),PRIMEIRA CONSULTA,CLINICA MEDICA,Ativo,Sexta,1970-01-01 07:00:00.000,Manhã,Ativo,
2328,G. C. C. N. ,CLÍNICA MÉDICA (AMBULATÓRIO),PRIMEIRA CONSULTA,CLINICA MEDICA,Ativo,Sábado,1970-01-01 07:00:00.000,Manhã,Ativo,
2330,L. G. N. D. P. ,CLÍNICA MÉDICA (AMBULATÓRIO),PRIMEIRA CONSULTA,CLINICA MEDICA,Ativo,Segunda,1970-01-01 07:00:00.000,Manhã,Ativo,
2330,L. G. N. D. P. ,CLÍNICA MÉDICA (AMBULATÓRIO),PRIMEIRA CONSULTA,CLINICA MEDICA,Ativo,Terça,1970-01-01 07:00:00.000,Manhã,Ativo,
2330,L. G. N. D. P. ,CLÍNICA MÉDICA (AMBULATÓRIO),PRIMEIRA CONSULTA,CLINICA MEDICA,Ativo,Quarta,1970-01-01 07:00:00.000,Manhã,Ativo,
2330,L. G. N. D. P. ,CLÍNICA MÉDICA (AMBULATÓRIO),PRIMEIRA CONSULTA,CLINICA MEDICA,Ativo,Quinta,1970-01-01 07:00:00.000,Manhã,Ativo,
2330,L. G. N. D. P. ,CLÍNICA MÉDICA (AMBULATÓRIO),PRIMEIRA CONSULTA,CLINICA MEDICA,Ativo,Sexta,1970-01-01 07:00:00.000,Manhã,Ativo,
2330,L. G. N. D. P. ,CLÍNICA MÉDICA (AMBULATÓRIO),PRIMEIRA CONSULTA,CLINICA MEDICA,Ativo,Sábado,1970-01-01 07:00:00.000,Manhã,Ativo,
2332,P. F. S. ,CIRURGIA DE CABECA E PESCOCO,RETORNO,CIRURGIA DE CABECA E PESCOCO,Ativo,Terça,1970-01-01 13:00:00.000,Tarde,Ativo,10
2334,J. N. D. C. N. ,CARDIOLOGIA (AMBULATÓRIO),INTERCONSULTA,CARDIOLOGIA - TRIAGEM,Inativo,Sexta,1970-01-01 07:00:00.000,Manhã,Ativo,4
2334,J. N. D. C. N. ,CARDIOLOGIA (AMBULATÓRIO),CONSULTA REGULADA,CARDIOLOGIA - TRIAGEM,Inativo,Sexta,1970-01-01 10:00:00.000,Manhã,Ativo,1
2336,C. M. P. ,CARDIOLOGIA (AMBULATÓRIO),INTERCONSULTA,CARDIOLOGIA - TRIAGEM,Inativo,Quinta,1970-01-01 13:00:00.000,Tarde,Inativo,4
2336,C. M. P. ,CARDIOLOGIA (AMBULATÓRIO),CONSULTA REGULADA,CARDIOLOGIA - TRIAGEM,Inativo,Quinta,1970-01-01 15:30:00.000,Tarde,Inativo,1
2337,D. R. F. B. ,CARDIOLOGIA (AMBULATÓRIO),CONSULTA REGULADA,CARDIOLOGIA - TRIAGEM,Inativo,Quinta,1970-01-01 10:00:00.000,Manhã,Inativo,1
2337,D. R. F. B. ,CARDIOLOGIA (AMBULATÓRIO),INTERCONSULTA,CARDIOLOGIA - TRIAGEM,Inativo,Quinta,1970-01-01 07:00:00.000,Manhã,Inativo,4
2338,S. G. D. L. ,CARDIOLOGIA (AMBULATÓRIO),CONSULTA REGULADA,CARDIOLOGIA - TRIAGEM,Inativo,Sexta,1970-01-01 10:00:00.000,Manhã,Ativo,1
2338,S. G. D. L. ,CARDIOLOGIA (AMBULATÓRIO),INTERCONSULTA,CARDIOLOGIA - TRIAGEM,Inativo,Sexta,1970-01-01 07:00:00.000,Manhã,Ativo,4
2340,A. B. D. M. D. S. L. ,CARDIOLOGIA (AMBULATÓRIO),INTERCONSULTA,CARDIOLOGIA - TRIAGEM,Inativo,Quarta,1970-01-01 07:00:00.000,Manhã,Inativo,4
2340,A. B. D. M. D. S. L. ,CARDIOLOGIA (AMBULATÓRIO),CONSULTA REGULADA,CARDIOLOGIA - TRIAGEM,Inativo,Quarta,1970-01-01 07:00:00.000,Manhã,Inativo,1
2342,A. S. B. D. A. L. ,ANESTESIOLOGIA (AMBULATÓRIO),TELEATENDIMENTO,ANESTESIOLOGIA - TELEMEDICINA,Ativo,Terça,1970-01-01 08:00:00.000,Manhã,Ativo,10
2342,A. S. B. D. A. L. ,ANESTESIOLOGIA (AMBULATÓRIO),TELEATENDIMENTO,ANESTESIOLOGIA - TELEMEDICINA,Ativo,Quarta,1970-01-01 08:00:00.000,Manhã,Ativo,10
2344,B. M. F. ,CARDIOLOGIA (AMBULATÓRIO),PRIMEIRA CONSULTA,CARDIOLOGIA - DAC,Inativo,Terça,1970-01-01 13:00:00.000,Tarde,Inativo,3
2344,B. M. F. ,CARDIOLOGIA (AMBULATÓRIO),RETORNO,CARDIOLOGIA - DAC,Inativo,Terça,1970-01-01 13:00:00.000,Tarde,Inativo,6
2346,A. R. A. M. J. ,CARDIOLOGIA (AMBULATÓRIO),RETORNO,CARDIOLOGIA - VALVULOPATIAS,Inativo,Quarta,1970-01-01 13:00:00.000,Tarde,Ativo,6
2348,D. R. F. B. ,CARDIOLOGIA (AMBULATÓRIO),RETORNO,CARDIOLOGIA - MIOCARDIOPATIAS E IC,Inativo,Quinta,1970-01-01 13:00:00.000,Tarde,Inativo,6
2350,A. C. B. ,TERAPIA OCUPACIONAL,INTERCONSULTA,TERAPIA OCUPACIONAL - TRIAGEM,Ativo,Sexta,1970-01-01 07:00:00.000,Manhã,Ativo,8
2351,S. D. A. ,TERAPIA OCUPACIONAL,RETORNO,TERAPIA OCUPACIONAL - SAUDE MENTAL INFANTIL,Inativo,Terça,1970-01-01 07:00:00.000,Manhã,Ativo,6
2351,S. D. A. ,TERAPIA OCUPACIONAL,RETORNO,TERAPIA OCUPACIONAL - SAUDE MENTAL INFANTIL,Inativo,Terça,1970-01-01 13:00:00.000,Tarde,Ativo,6
2351,S. D. A. ,TERAPIA OCUPACIONAL,RETORNO,TERAPIA OCUPACIONAL - SAUDE MENTAL INFANTIL,Inativo,Quinta,1970-01-01 07:00:00.000,Manhã,Ativo,6
2351,S. D. A. ,TERAPIA OCUPACIONAL,RETORNO,TERAPIA OCUPACIONAL - SAUDE MENTAL INFANTIL,Inativo,Sexta,1970-01-01 07:00:00.000,Manhã,Ativo,6
2351,S. D. A. ,TERAPIA OCUPACIONAL,RETORNO,TERAPIA OCUPACIONAL - SAUDE MENTAL INFANTIL,Inativo,Sexta,1970-01-01 13:00:00.000,Tarde,Ativo,6
2352,K. P. N. D. S. ,FONOAUDIOLOGIA,RETORNO,FONOAUDIOLOGIA - CUIDADOS PALIATIVOS,Ativo,Sexta,1970-01-01 07:00:00.000,Manhã,Ativo,4
2354,P. C. R. ,FONOAUDIOLOGIA,RETORNO,FONOAUDIOLOGIA - PUERICULTURA,Ativo,Quinta,1970-01-01 13:00:00.000,Tarde,Ativo,5
2356,M. M. R. D. A. ,OBSTETRÍCIA (AMBULATÓRIO),RETORNO,OBSTETRÍCIA - ALTO RISCO,Inativo,Segunda,1970-01-01 10:00:00.000,Manhã,Inativo,8
2356,M. M. R. D. A. ,OBSTETRÍCIA (AMBULATÓRIO),RETORNO,OBSTETRÍCIA - ALTO RISCO,Inativo,Segunda,1970-01-01 13:00:00.000,Tarde,Inativo,8
2358,L. L. B. ,HEMODINAMICA (AMBULATORIO),INTERCONSULTA,RADIOLOGIA INTERVENCIONISTA,Ativo,Segunda,1970-01-01 13:00:00.000,Tarde,Ativo,1
2358,L. L. B. ,HEMODINAMICA (AMBULATORIO),CONSULTA REGULADA,RADIOLOGIA INTERVENCIONISTA,Ativo,Segunda,1970-01-01 15:30:00.000,Tarde,Ativo,2
2358,L. L. B. ,HEMODINAMICA (AMBULATORIO),INTERCONSULTA,RADIOLOGIA INTERVENCIONISTA,Ativo,Segunda,1970-01-01 10:00:00.000,Manhã,Ativo,2
2358,L. L. B. ,HEMODINAMICA (AMBULATORIO),CONSULTA REGULADA,RADIOLOGIA INTERVENCIONISTA,Ativo,Quarta,1970-01-01 15:30:00.000,Tarde,Ativo,1
2358,L. L. B. ,HEMODINAMICA (AMBULATORIO),INTERCONSULTA,RADIOLOGIA INTERVENCIONISTA,Ativo,Quarta,1970-01-01 13:00:00.000,Tarde,Ativo,1
2358,L. L. B. ,HEMODINAMICA (AMBULATORIO),INTERCONSULTA,RADIOLOGIA INTERVENCIONISTA,Ativo,Quinta,1970-01-01 07:00:00.000,Manhã,Ativo,1
2358,L. L. B. ,HEMODINAMICA (AMBULATORIO),CONSULTA REGULADA,RADIOLOGIA INTERVENCIONISTA,Ativo,Quinta,1970-01-01 10:00:00.000,Manhã,Ativo,1
2360,J. F. A. ,HEMODINAMICA (AMBULATORIO),CONSULTA REGULADA,RADIOLOGIA INTERVENCIONISTA,Ativo,Quarta,1970-01-01 15:30:00.000,Tarde,Ativo,1
2360,J. F. A. ,HEMODINAMICA (AMBULATORIO),INTERCONSULTA,RADIOLOGIA INTERVENCIONISTA,Ativo,Quarta,1970-01-01 12:00:00.000,Tarde,Ativo,1
2362,C. A. D. A. M. ,HEMODINAMICA (AMBULATORIO),INTERCONSULTA,RADIOLOGIA INTERVENCIONISTA,Ativo,Quinta,1970-01-01 13:00:00.000,Tarde,Ativo,1
2362,C. A. D. A. M. ,HEMODINAMICA (AMBULATORIO),CONSULTA REGULADA,RADIOLOGIA INTERVENCIONISTA,Ativo,Quinta,1970-01-01 10:00:00.000,Manhã,Ativo,1
2364,F. J. D. A. F. ,HEMODINAMICA (AMBULATORIO),INTERCONSULTA,CARDIOLOGIA INTERVENCIONISTA,Ativo,Quarta,1970-01-01 14:00:00.000,Tarde,Ativo,1
2364,F. J. D. A. F. ,HEMODINAMICA (AMBULATORIO),CONSULTA REGULADA,CARDIOLOGIA INTERVENCIONISTA,Ativo,Quarta,1970-01-01 15:30:00.000,Tarde,Ativo,3
2364,F. J. D. A. F. ,HEMODINAMICA (AMBULATORIO),CONSULTA REGULADA,CARDIOLOGIA INTERVENCIONISTA,Ativo,Sexta,1970-01-01 10:00:00.000,Manhã,Ativo,3
2366,A. A. D. M. J. ,HEMODINAMICA (AMBULATORIO),INTERCONSULTA,CARDIOLOGIA INTERVENCIONISTA,Ativo,Quinta,1970-01-01 09:00:00.000,Manhã,Ativo,1
2368,E. F. B. J. ,HEMODINAMICA (AMBULATORIO),INTERCONSULTA,CARDIOLOGIA INTERVENCIONISTA,Ativo,Quinta,1970-01-01 14:00:00.000,Tarde,Ativo,1
2368,E. F. B. J. ,HEMODINAMICA (AMBULATORIO),CONSULTA REGULADA,CARDIOLOGIA INTERVENCIONISTA,Ativo,Quinta,1970-01-01 10:00:00.000,Manhã,Ativo,3
2370,A. R. M. A. ,GERIATRIA (AMBULATORIO),RETORNO,GERIATRIA - PRE OPERATORIO,Ativo,Quinta,1970-01-01 09:00:00.000,Manhã,Ativo,1
2370,A. R. M. A. ,GERIATRIA (AMBULATORIO),INTERCONSULTA,GERIATRIA - PRE OPERATORIO,Ativo,Quinta,1970-01-01 08:00:00.000,Manhã,Ativo,2
2370,A. R. M. A. ,GERIATRIA (AMBULATORIO),INTERCONSULTA,GERIATRIA - PRE OPERATORIO,Ativo,Quinta,1970-01-01 09:00:00.000,Manhã,Ativo,1
2372,J. B. D. J. ,PSIQUIATRIA (AMBULATÓRIO),,PSIQUIATRIA - 1º EPISODIO PSICOTICO,Inativo,,,,,
2374,E. M. E. ,PSIQUIATRIA (AMBULATÓRIO),,PSIQUIATRIA - NUCLEO DE DEPENDENCIAS QUIMICAS,Inativo,,,,,
2378,L. M. V. ,NEFROLOGIA (AMBULATÓRIO),RETORNO,NEFROLOGIA - GLOMERULOPATIA,Inativo,Segunda,1970-01-01 13:00:00.000,Tarde,Inativo,2
2380,S. G. D. L. ,CARDIOLOGIA (AMBULATÓRIO),INTERCONSULTA,CARDIOLOGIA - ENSINO,Ativo,Quarta,1970-01-01 07:00:00.000,Manhã,Ativo,1
2380,S. G. D. L. ,CARDIOLOGIA (AMBULATÓRIO),RETORNO,CARDIOLOGIA - ENSINO,Ativo,Quarta,1970-01-01 07:00:00.000,Manhã,Ativo,1
2381,C. M. P. ,CARDIOLOGIA (AMBULATÓRIO),RETORNO,CARDIOLOGIA - ENSINO,Inativo,Quinta,1970-01-01 07:00:00.000,Manhã,Inativo,5
2382,N. A. M. D. A. ,CARDIOLOGIA (AMBULATÓRIO),INTERCONSULTA,CARDIOLOGIA - ENSINO,Inativo,Quarta,1970-01-01 07:00:00.000,Manhã,Ativo,1
2382,N. A. M. D. A. ,CARDIOLOGIA (AMBULATÓRIO),RETORNO,CARDIOLOGIA - ENSINO,Inativo,Quarta,1970-01-01 07:00:00.000,Manhã,Ativo,5
2384,A. B. D. M. D. S. L. ,CARDIOLOGIA (AMBULATÓRIO),RETORNO,CARDIOLOGIA - ENSINO,Inativo,Quinta,1970-01-01 07:00:00.000,Manhã,Ativo,1
2384,A. B. D. M. D. S. L. ,CARDIOLOGIA (AMBULATÓRIO),INTERCONSULTA,CARDIOLOGIA - ENSINO,Inativo,Quinta,1970-01-01 07:00:00.000,Manhã,Ativo,1
2386,S. P. D. S. ,CARDIOLOGIA (AMBULATÓRIO),RETORNO,CARDIOLOGIA - ENSINO,Ativo,Quinta,1970-01-01 07:00:00.000,Manhã,Ativo,1
2386,S. P. D. S. ,CARDIOLOGIA (AMBULATÓRIO),INTERCONSULTA,CARDIOLOGIA - ENSINO,Ativo,Quinta,1970-01-01 07:00:00.000,Manhã,Ativo,1
2388,E. A. M. C. ,GINECOLOGIA (AMBULATÓRIO),INTERCONSULTA,GINECOLOGIA - TRIAGEM,Ativo,Quarta,1970-01-01 07:00:00.000,Manhã,Ativo,4
2388,E. A. M. C. ,GINECOLOGIA (AMBULATÓRIO),CONSULTA REGULADA,GINECOLOGIA - TRIAGEM,Ativo,Quarta,1970-01-01 10:00:00.000,Manhã,Ativo,8
2390,M. M. V. C. M. ,OFTALMOLOGIA (AMBULATÓRIO),INTERCONSULTA,OFTALMOLOGIA - CATARATA,Ativo,Quinta,1970-01-01 07:00:00.000,Manhã,Ativo,1
2390,M. M. V. C. M. ,OFTALMOLOGIA (AMBULATÓRIO),RETORNO,OFTALMOLOGIA - CATARATA,Ativo,Quinta,1970-01-01 07:00:00.000,Manhã,Ativo,2
2392,A. P. T. S. ,OFTALMOLOGIA (AMBULATÓRIO),RETORNO,OFTALMOLOGIA - UVEITE,Inativo,Quarta,1970-01-01 07:00:00.000,Manhã,Ativo,3
2392,A. P. T. S. ,OFTALMOLOGIA (AMBULATÓRIO),INTERCONSULTA,OFTALMOLOGIA - UVEITE,Inativo,Quarta,1970-01-01 07:00:00.000,Manhã,Ativo,3
2394,M. A. G. D. M. ,OFTALMOLOGIA (AMBULATÓRIO),RETORNO,OFTALMOLOGIA - LASER - FOTOCOAGULACAO,Ativo,Sexta,1970-01-01 13:00:00.000,Tarde,Ativo,3
2394,M. A. G. D. M. ,OFTALMOLOGIA (AMBULATÓRIO),INTERCONSULTA,OFTALMOLOGIA - LASER - FOTOCOAGULACAO,Ativo,Sexta,1970-01-01 13:00:00.000,Tarde,Ativo,3
2395,M. Z. ,OFTALMOLOGIA (AMBULATÓRIO),INTERCONSULTA,OFTALMOLOGIA,Inativo,Terça,1970-01-01 07:00:00.000,Manhã,Inativo,2
2395,M. Z. ,OFTALMOLOGIA (AMBULATÓRIO),CONSULTA REGULADA,OFTALMOLOGIA,Inativo,Terça,1970-01-01 10:00:00.000,Manhã,Inativo,6
2396,B. F. P. D. S. V. ,ANESTESIOLOGIA (AMBULATÓRIO),TELEATENDIMENTO,ANESTESIOLOGIA - TELEMEDICINA,Inativo,Segunda,1970-01-01 07:00:00.000,Manhã,Ativo,13
2396,B. F. P. D. S. V. ,ANESTESIOLOGIA (AMBULATÓRIO),TELEATENDIMENTO,ANESTESIOLOGIA - TELEMEDICINA,Inativo,Segunda,1970-01-01 14:00:00.000,Tarde,Ativo,9
2396,B. F. P. D. S. V. ,ANESTESIOLOGIA (AMBULATÓRIO),TELEATENDIMENTO,ANESTESIOLOGIA - TELEMEDICINA,Inativo,Quarta,1970-01-01 14:00:00.000,Tarde,Ativo,9
2396,B. F. P. D. S. V. ,ANESTESIOLOGIA (AMBULATÓRIO),TELEATENDIMENTO,ANESTESIOLOGIA - TELEMEDICINA,Inativo,Quarta,1970-01-01 07:00:00.000,Manhã,Ativo,13
2398,C. I. X. D. S. C. ,NÚCLEO DO SERVIDOR (AMBULATÓRIO),CONSULTA PRIMEIRA VEZ SERVIDOR(A),NUTRIÇÃO - NASS,Inativo,Terça,1970-01-01 08:30:00.000,Manhã,Ativo,1
2398,C. I. X. D. S. C. ,NÚCLEO DO SERVIDOR (AMBULATÓRIO),CONSULTA RETORNO SERVIDOR(A),NUTRIÇÃO - NASS,Inativo,Terça,1970-01-01 10:00:00.000,Manhã,Ativo,1
2398,C. I. X. D. S. C. ,NÚCLEO DO SERVIDOR (AMBULATÓRIO),CONSULTA PRIMEIRA VEZ SERVIDOR(A),NUTRIÇÃO - NASS,Inativo,Terça,1970-01-01 07:30:00.000,Manhã,Ativo,1
2398,C. I. X. D. S. C. ,NÚCLEO DO SERVIDOR (AMBULATÓRIO),CONSULTA RETORNO SERVIDOR(A),NUTRIÇÃO - NASS,Inativo,Terça,1970-01-01 09:30:00.000,Manhã,Ativo,1
2398,C. I. X. D. S. C. ,NÚCLEO DO SERVIDOR (AMBULATÓRIO),CONSULTA PRIMEIRA VEZ SERVIDOR(A),NUTRIÇÃO - NASS,Inativo,Quarta,1970-01-01 07:30:00.000,Manhã,Ativo,1
2398,C. I. X. D. S. C. ,NÚCLEO DO SERVIDOR (AMBULATÓRIO),CONSULTA RETORNO SERVIDOR(A),NUTRIÇÃO - NASS,Inativo,Quarta,1970-01-01 09:30:00.000,Manhã,Ativo,1
2398,C. I. X. D. S. C. ,NÚCLEO DO SERVIDOR (AMBULATÓRIO),CONSULTA PRIMEIRA VEZ SERVIDOR(A),NUTRIÇÃO - NASS,Inativo,Quarta,1970-01-01 08:30:00.000,Manhã,Ativo,1
2398,C. I. X. D. S. C. ,NÚCLEO DO SERVIDOR (AMBULATÓRIO),CONSULTA RETORNO SERVIDOR(A),NUTRIÇÃO - NASS,Inativo,Quarta,1970-01-01 10:00:00.000,Manhã,Ativo,1
2398,C. I. X. D. S. C. ,NÚCLEO DO SERVIDOR (AMBULATÓRIO),CONSULTA RETORNO SERVIDOR(A),NUTRIÇÃO - NASS,Inativo,Quinta,1970-01-01 09:30:00.000,Manhã,Ativo,1
2398,C. I. X. D. S. C. ,NÚCLEO DO SERVIDOR (AMBULATÓRIO),CONSULTA RETORNO SERVIDOR(A),NUTRIÇÃO - NASS,Inativo,Quinta,1970-01-01 10:00:00.000,Manhã,Ativo,1
2398,C. I. X. D. S. C. ,NÚCLEO DO SERVIDOR (AMBULATÓRIO),CONSULTA PRIMEIRA VEZ SERVIDOR(A),NUTRIÇÃO - NASS,Inativo,Quinta,1970-01-01 08:30:00.000,Manhã,Ativo,1
2398,C. I. X. D. S. C. ,NÚCLEO DO SERVIDOR (AMBULATÓRIO),CONSULTA PRIMEIRA VEZ SERVIDOR(A),NUTRIÇÃO - NASS,Inativo,Quinta,1970-01-01 07:30:00.000,Manhã,Ativo,1
2398,C. I. X. D. S. C. ,NÚCLEO DO SERVIDOR (AMBULATÓRIO),CONSULTA PRIMEIRA VEZ SERVIDOR(A),NUTRIÇÃO - NASS,Inativo,Sexta,1970-01-01 08:30:00.000,Manhã,Ativo,1
2398,C. I. X. D. S. C. ,NÚCLEO DO SERVIDOR (AMBULATÓRIO),CONSULTA RETORNO SERVIDOR(A),NUTRIÇÃO - NASS,Inativo,Sexta,1970-01-01 10:00:00.000,Manhã,Ativo,1
2398,C. I. X. D. S. C. ,NÚCLEO DO SERVIDOR (AMBULATÓRIO),CONSULTA PRIMEIRA VEZ SERVIDOR(A),NUTRIÇÃO - NASS,Inativo,Sexta,1970-01-01 07:30:00.000,Manhã,Ativo,1
2398,C. I. X. D. S. C. ,NÚCLEO DO SERVIDOR (AMBULATÓRIO),CONSULTA RETORNO SERVIDOR(A),NUTRIÇÃO - NASS,Inativo,Sexta,1970-01-01 09:30:00.000,Manhã,Ativo,1
2400,M. I. R. D. A. ,CARDIOLOGIA (AMBULATÓRIO),RETORNO,CARDIOLOGIA,Ativo,Segunda,1970-01-01 13:00:00.000,Tarde,Ativo,5
2402,M. E. R. B. ,NEUROLOGIA (AMBULATÓRIO),RETORNO,NEUROLOGIA - PARKINSON,Ativo,Terça,1970-01-01 13:00:00.000,Tarde,Ativo,10
2406,K. F. F. ,PSIQUIATRIA (AMBULATÓRIO),RETORNO,PSIQUIATRIA - INFANCIA E ADOLESCENCIA (0-18),Ativo,Terça,1970-01-01 13:00:00.000,Tarde,Ativo,5
2406,K. F. F. ,PSIQUIATRIA (AMBULATÓRIO),RETORNO,PSIQUIATRIA - INFANCIA E ADOLESCENCIA (0-18),Ativo,Terça,1970-01-01 07:00:00.000,Manhã,Ativo,4
2406,K. F. F. ,PSIQUIATRIA (AMBULATÓRIO),RETORNO,PSIQUIATRIA - INFANCIA E ADOLESCENCIA (0-18),Ativo,Quarta,1970-01-01 07:00:00.000,Manhã,Ativo,5
2406,K. F. F. ,PSIQUIATRIA (AMBULATÓRIO),INTERCONSULTA,PSIQUIATRIA - INFANCIA E ADOLESCENCIA (0-18),Ativo,Quinta,1970-01-01 07:00:00.000,Manhã,Inativo,2
2406,K. F. F. ,PSIQUIATRIA (AMBULATÓRIO),RETORNO,PSIQUIATRIA - INFANCIA E ADOLESCENCIA (0-18),Ativo,Quinta,1970-01-01 07:00:00.000,Manhã,Ativo,2
2408,J. N. D. C. N. ,CARDIOLOGIA (AMBULATÓRIO),INTERCONSULTA,CARDIO - ARRITMIA,Ativo,Quinta,1970-01-01 12:40:00.000,Tarde,Ativo,2
2408,J. N. D. C. N. ,CARDIOLOGIA (AMBULATÓRIO),RETORNO,CARDIO - ARRITMIA,Ativo,Quinta,1970-01-01 07:00:00.000,Manhã,Ativo,8
2408,J. N. D. C. N. ,CARDIOLOGIA (AMBULATÓRIO),CONSULTA REGULADA,CARDIO - ARRITMIA,Ativo,Sexta,1970-01-01 15:30:00.000,Tarde,Ativo,4
2408,J. N. D. C. N. ,CARDIOLOGIA (AMBULATÓRIO),INTERCONSULTA,CARDIO - ARRITMIA,Ativo,Sexta,1970-01-01 13:00:00.000,Tarde,Ativo,1
2408,J. N. D. C. N. ,CARDIOLOGIA (AMBULATÓRIO),RETORNO,CARDIO - ARRITMIA,Ativo,Sexta,1970-01-01 13:00:00.000,Tarde,Ativo,5
2410,K. M. D. S. ,UROLOGIA (AMBULATÓRIO),CONSULTA REGULADA,UROLOGIA TRIAGEM,Ativo,Quarta,1970-01-01 15:30:00.000,Tarde,Ativo,7
2412,A. C. L. T. ,OBSTETRÍCIA (AMBULATÓRIO),,TRIAGEM OBSTETRICA,Ativo,,,,,
2413,A. A. B. ,OBSTETRÍCIA (AMBULATÓRIO),,TRIAGEM OBSTETRICA,Inativo,,,,,
2414,B. G. C. A. ,OBSTETRÍCIA (AMBULATÓRIO),,TRIAGEM OBSTETRICA,Ativo,,,,,
2415,D. S. D. M. B. G. ,OBSTETRÍCIA (AMBULATÓRIO),,TRIAGEM OBSTETRICA,Inativo,,,,,
2416,D. M. F. D. S. ,OBSTETRÍCIA (AMBULATÓRIO),,TRIAGEM OBSTETRICA,Ativo,,,,,
2417,N. L. D. S. S. ,OBSTETRÍCIA (AMBULATÓRIO),,ENFERMAGEM - TRIAGEM OBSTETRICA,Ativo,,,,,
2418,D. V. A. F. ,OBSTETRÍCIA (AMBULATÓRIO),,TRIAGEM OBSTETRICA,Ativo,,,,,
2419,M. S. C. D. C. M. ,OBSTETRÍCIA (AMBULATÓRIO),,TRIAGEM OBSTETRICA,Ativo,,,,,
2420,E. A. M. C. ,OBSTETRÍCIA (AMBULATÓRIO),,TRIAGEM OBSTETRICA,Inativo,,,,,
2422,G. C. S. D. V. ,OBSTETRÍCIA (AMBULATÓRIO),,TRIAGEM OBSTETRICA,Ativo,,,,,
2423,R. S. D. F. T. ,OBSTETRÍCIA (AMBULATÓRIO),,TRIAGEM OBSTETRICA,Ativo,,,,,
2424,E. S. D. C. M. ,OBSTETRÍCIA (AMBULATÓRIO),,TRIAGEM OBSTETRICA,Ativo,,,,,
2425,K. T. P. L. ,OBSTETRÍCIA (AMBULATÓRIO),,TRIAGEM OBSTETRICA,Ativo,,,,,
2426,N. V. L. ,OBSTETRÍCIA (AMBULATÓRIO),,TRIAGEM OBSTETRICA,Inativo,,,,,
2427,W. C. F. S. ,OBSTETRÍCIA (AMBULATÓRIO),,ENFERMAGEM - TRIAGEM OBSTETRICA,Ativo,,,,,
2428,R. M. R. ,OBSTETRÍCIA (AMBULATÓRIO),,TRIAGEM OBSTETRICA,Ativo,,,,,
2430,T. H. C. M. E. S. ,OBSTETRÍCIA (AMBULATÓRIO),,TRIAGEM OBSTETRICA,Ativo,,,,,
2432,E. D. O. S. ,OBSTETRÍCIA (AMBULATÓRIO),,ENFERMAGEM - TRIAGEM OBSTETRICA,Ativo,,,,,
2433,A. P. P. D. S. ,OBSTETRÍCIA (AMBULATÓRIO),,ENFERMAGEM - TRIAGEM OBSTETRICA,Ativo,,,,,
2434,J. I. S. C. F. ,OBSTETRÍCIA (AMBULATÓRIO),,ENFERMAGEM - TRIAGEM OBSTETRICA,Inativo,,,,,
2436,G. M. S. D. N. ,OTORRINOLARINGOLOGIA (AMBULATÓRIO),EXAME REGULADO,OTORRINOLARINGOLOGIA - VIDEOLARINGOSCOPIA,Ativo,Terça,1970-01-01 10:00:00.000,Manhã,Ativo,8
2438,M. M. A. C. ,OTORRINOLARINGOLOGIA (AMBULATÓRIO),EXAME REGULADO,OTORRINOLARINGOLOGIA - VIDEOLARINGOSCOPIA,Inativo,Terça,1970-01-01 15:30:00.000,Tarde,Ativo,8
2438,M. M. A. C. ,OTORRINOLARINGOLOGIA (AMBULATÓRIO),EXAME REGULADO,OTORRINOLARINGOLOGIA - VIDEOLARINGOSCOPIA,Inativo,Sexta,1970-01-01 10:00:00.000,Manhã,Ativo,8
2440,F. A. A. G. ,CARDIOLOGIA (AMBULATÓRIO),RETORNO,CARDIO - POS-OPERATORIO DE CIRURGIA CARDIACA,Ativo,Terça,1970-01-01 13:00:00.000,Tarde,Ativo,6
2442,N. M. E. P. ,CIRURGIA GERAL (AMBULATÓRIO),INTERCONSULTA,PROCTOLOGIA,Inativo,Segunda,1970-01-01 07:00:00.000,Manhã,Inativo,2
2442,N. M. E. P. ,CIRURGIA GERAL (AMBULATÓRIO),CONSULTA REGULADA,PROCTOLOGIA,Inativo,Segunda,1970-01-01 10:00:00.000,Manhã,Inativo,4
2442,N. M. E. P. ,CIRURGIA GERAL (AMBULATÓRIO),RETORNO,PROCTOLOGIA,Inativo,Segunda,1970-01-01 07:00:00.000,Manhã,Inativo,6
2444,N. V. L. ,GINECOLOGIA (AMBULATÓRIO),RETORNO,GINECOLOGIA (RESIDENTES),Ativo,Quinta,1970-01-01 07:00:00.000,Manhã,Ativo,12
2446,R. D. F. C. ,ASSISTENCIA FARMACEUTICA,,FARMACIA - GINECOLOGIA,Ativo,,,,,
2447,P. J. T. ,PSICOLOGIA (AMBULATÓRIO),RETORNO,PSICOLOGIA - DTG,Ativo,Terça,1970-01-01 13:00:00.000,Tarde,Ativo,10
2448,R. D. F. C. ,ASSISTENCIA FARMACEUTICA,,FARMACIA - OBSTETRICIA,Ativo,,,,,
2450,R. D. F. C. ,ASSISTENCIA FARMACEUTICA,RETORNO,FARMACIA - INFECTOLOGIA,Ativo,Quarta,1970-01-01 13:00:00.000,Tarde,Ativo,5
2450,R. D. F. C. ,ASSISTENCIA FARMACEUTICA,PRIMEIRA CONSULTA,FARMACIA - INFECTOLOGIA,Ativo,Quarta,1970-01-01 13:00:00.000,Tarde,Ativo,2
2452,R. D. F. C. ,ASSISTENCIA FARMACEUTICA,,FARMACIA - ESPACO TRANS,Ativo,,,,,
2454,S. G. D. N. ,OBSTETRÍCIA (AMBULATÓRIO),INTERCONSULTA,SERVICO SOCIAL - OBSTETRICIA (ACOLHIMENTO),Ativo,Sexta,1970-01-01 07:00:00.000,Manhã,Ativo,3
2454,S. G. D. N. ,OBSTETRÍCIA (AMBULATÓRIO),RETORNO,SERVICO SOCIAL - OBSTETRICIA (ACOLHIMENTO),Ativo,Sexta,1970-01-01 07:00:00.000,Manhã,Ativo,2
2456,G. T. D. S. ,CIRURGIA PLÁSTICA (AMBULATÓRIO),CONSULTA REGULADA,CIRURGIA PLASTICA - TRIAGEM,Ativo,Sexta,1970-01-01 10:00:00.000,Manhã,Ativo,4
2456,G. T. D. S. ,CIRURGIA PLÁSTICA (AMBULATÓRIO),INTERCONSULTA,CIRURGIA PLASTICA - TRIAGEM,Ativo,Sexta,1970-01-01 07:00:00.000,Manhã,Ativo,2
2458,I. C. G. L. ,CIRURGIA PLÁSTICA (AMBULATÓRIO),INTERCONSULTA,CIRURGIA PLASTICA - TRIAGEM,Inativo,Quinta,1970-01-01 07:00:00.000,Manhã,Inativo,2
2458,I. C. G. L. ,CIRURGIA PLÁSTICA (AMBULATÓRIO),CONSULTA REGULADA,CIRURGIA PLASTICA - TRIAGEM,Inativo,Quinta,1970-01-01 10:00:00.000,Manhã,Inativo,4
2460,J. Z. D. S. ,CIRURGIA PLÁSTICA (AMBULATÓRIO),INTERCONSULTA,CIRURGIA PLASTICA - TRIAGEM,Ativo,Segunda,1970-01-01 07:00:00.000,Manhã,Ativo,2
2460,J. Z. D. S. ,CIRURGIA PLÁSTICA (AMBULATÓRIO),CONSULTA REGULADA,CIRURGIA PLASTICA - TRIAGEM,Ativo,Segunda,1970-01-01 10:00:00.000,Manhã,Ativo,4
2462,R. B. D. P. ,NEFROLOGIA (AMBULATÓRIO),CONSULTA REGULADA,NEFROLOGIA - ONCOLOGIA,Ativo,Sexta,1970-01-01 10:00:00.000,Manhã,Ativo,1
2462,R. B. D. P. ,NEFROLOGIA (AMBULATÓRIO),INTERCONSULTA,NEFROLOGIA - ONCOLOGIA,Ativo,Sexta,1970-01-01 07:00:00.000,Manhã,Ativo,1
2462,R. B. D. P. ,NEFROLOGIA (AMBULATÓRIO),RETORNO,NEFROLOGIA - ONCOLOGIA,Ativo,Sexta,1970-01-01 07:00:00.000,Manhã,Ativo,6
2464,A. K. T. S. ,OFTALMOLOGIA (AMBULATÓRIO),RETORNO,OFTALMOLOGIA - PLASTICA OCULAR,Inativo,Terça,1970-01-01 07:00:00.000,Manhã,Ativo,3
2464,A. K. T. S. ,OFTALMOLOGIA (AMBULATÓRIO),INTERCONSULTA,OFTALMOLOGIA - PLASTICA OCULAR,Inativo,Terça,1970-01-01 07:00:00.000,Manhã,Ativo,3
2466,R. P. U. N. ,NUCLEO DE TELESSAUDE,TELEATENDIMENTO,TELEMEDICINA SINDROMES GRIPAIS,Ativo,Sexta,1970-01-01 14:00:00.000,Tarde,Ativo,16
2466,R. P. U. N. ,NUCLEO DE TELESSAUDE,TELEATENDIMENTO,TELEMEDICINA SINDROMES GRIPAIS,Ativo,Sexta,1970-01-01 08:00:00.000,Manhã,Ativo,16
2468,T. D. A. S. ,PEDIATRIA (AMBULATÓRIO),RETORNO,PEDIATRIA - ENDOCRINO,Ativo,Terça,1970-01-01 07:00:00.000,Manhã,Ativo,5
2468,T. D. A. S. ,PEDIATRIA (AMBULATÓRIO),RETORNO,PEDIATRIA - ENDOCRINO,Ativo,Terça,1970-01-01 13:00:00.000,Tarde,Ativo,6
2468,T. D. A. S. ,PEDIATRIA (AMBULATÓRIO),CONSULTA REGULADA,PEDIATRIA - ENDOCRINO,Ativo,Terça,1970-01-01 10:00:00.000,Manhã,Ativo,1
2468,T. D. A. S. ,PEDIATRIA (AMBULATÓRIO),INTERCONSULTA,PEDIATRIA - ENDOCRINO,Ativo,Terça,1970-01-01 13:00:00.000,Tarde,Ativo,1
2468,T. D. A. S. ,PEDIATRIA (AMBULATÓRIO),RETORNO,PEDIATRIA - ENDOCRINO,Ativo,Quinta,1970-01-01 07:00:00.000,Manhã,Ativo,3
2468,T. D. A. S. ,PEDIATRIA (AMBULATÓRIO),INTERCONSULTA,PEDIATRIA - ENDOCRINO,Ativo,Quinta,1970-01-01 13:00:00.000,Tarde,Ativo,1
2468,T. D. A. S. ,PEDIATRIA (AMBULATÓRIO),CONSULTA REGULADA,PEDIATRIA - ENDOCRINO,Ativo,Quinta,1970-01-01 10:00:00.000,Manhã,Ativo,1
2470,K. M. F. B. ,ANESTESIOLOGIA (AMBULATÓRIO),TELEATENDIMENTO,ANESTESIOLOGIA - TELEMEDICINA,Inativo,Terça,1970-01-01 13:00:00.000,Tarde,Ativo,12
2470,K. M. F. B. ,ANESTESIOLOGIA (AMBULATÓRIO),TELEATENDIMENTO,ANESTESIOLOGIA - TELEMEDICINA,Inativo,Terça,1970-01-01 08:00:00.000,Manhã,Ativo,9
2470,K. M. F. B. ,ANESTESIOLOGIA (AMBULATÓRIO),TELEATENDIMENTO,ANESTESIOLOGIA - TELEMEDICINA,Inativo,Quarta,1970-01-01 07:00:00.000,Manhã,Ativo,24
2470,K. M. F. B. ,ANESTESIOLOGIA (AMBULATÓRIO),TELEATENDIMENTO,ANESTESIOLOGIA - TELEMEDICINA,Inativo,Sexta,1970-01-01 07:00:00.000,Manhã,Ativo,24
2472,M. T. S. D. S. L. ,PNEUMOLOGIA (AMBULATÓRIO),TELEATENDIMENTO,PNEUMOLOGIA - TELEMEDICINA,Inativo,Terça,1970-01-01 08:00:00.000,Manhã,Ativo,13
2472,M. T. S. D. S. L. ,PNEUMOLOGIA (AMBULATÓRIO),TELEATENDIMENTO,PNEUMOLOGIA - TELEMEDICINA,Inativo,Quinta,1970-01-01 13:00:00.000,Tarde,Ativo,16
2474,V. D. C. B. P. ,PNEUMOLOGIA (AMBULATÓRIO),TELEATENDIMENTO,PNEUMOLOGIA - TELEMEDICINA,Inativo,Quarta,1970-01-01 08:00:00.000,Manhã,Ativo,13
2477,G. D. A. C. ,UROLOGIA (AMBULATÓRIO),RETORNO,UROLOGIA HORMONIOTERAPIA,Inativo,Segunda,1970-01-01 07:00:00.000,Manhã,Ativo,20
2478,G. D. A. C. ,UROLOGIA (AMBULATÓRIO),RETORNO,UROLOGIA ONCO,Inativo,Segunda,1970-01-01 07:00:00.000,Manhã,Ativo,20
2480,C. R. D. M. B. ,OBSTETRÍCIA (AMBULATÓRIO),,ENFERMAGEM - OBSTETRÍCIA (ACOLHIMENTO),Inativo,,,,,
2482,M. A. D. A. E. M. ,NÚCLEO DO SERVIDOR (AMBULATÓRIO),CONSULTA PRIMEIRA VEZ SERVIDOR(A),ENFERMAGEM - NASS,Inativo,Segunda,1970-01-01 15:00:00.000,Tarde,Inativo,6
2482,M. A. D. A. E. M. ,NÚCLEO DO SERVIDOR (AMBULATÓRIO),CONSULTA PRIMEIRA VEZ SERVIDOR(A),ENFERMAGEM - NASS,Inativo,Terça,1970-01-01 15:00:00.000,Tarde,Inativo,6
2482,M. A. D. A. E. M. ,NÚCLEO DO SERVIDOR (AMBULATÓRIO),CONSULTA PRIMEIRA VEZ SERVIDOR(A),ENFERMAGEM - NASS,Inativo,Quarta,1970-01-01 15:00:00.000,Tarde,Inativo,6
2482,M. A. D. A. E. M. ,NÚCLEO DO SERVIDOR (AMBULATÓRIO),CONSULTA PRIMEIRA VEZ SERVIDOR(A),ENFERMAGEM - NASS,Inativo,Quinta,1970-01-01 15:00:00.000,Tarde,Inativo,6
2482,M. A. D. A. E. M. ,NÚCLEO DO SERVIDOR (AMBULATÓRIO),CONSULTA PRIMEIRA VEZ SERVIDOR(A),ENFERMAGEM - NASS,Inativo,Sexta,1970-01-01 15:00:00.000,Tarde,Inativo,6
2484,M. L. C. D. ,CLÍNICA MÉDICA (AMBULATÓRIO),PRIMEIRA CONSULTA,CLINICA MEDICA,Ativo,Segunda,1970-01-01 13:00:00.000,Tarde,Ativo,1
2484,M. L. C. D. ,CLÍNICA MÉDICA (AMBULATÓRIO),RETORNO,CLINICA MEDICA,Ativo,Segunda,1970-01-01 13:00:00.000,Tarde,Ativo,8
2484,M. L. C. D. ,CLÍNICA MÉDICA (AMBULATÓRIO),INTERCONSULTA,CLINICA MEDICA,Ativo,Segunda,1970-01-01 13:00:00.000,Tarde,Ativo,1
2486,E. H. D. C. ,ENDOCRINOLOGIA (AMBULATÓRIO),RETORNO,ENDOCRINOLOGIA,Ativo,Sexta,1970-01-01 07:00:00.000,Manhã,Ativo,5
2488,K. N. S. ,GERIATRIA (AMBULATORIO),RETORNO,GERIATRIA,Ativo,Quarta,1970-01-01 13:00:00.000,Tarde,Ativo,5
2490,L. D. S. L. ,OFTALMOLOGIA (AMBULATÓRIO),RETORNO,ENFERMAGEM - OFTALMOLOGIA,Ativo,Segunda,1970-01-01 07:00:00.000,Manhã,Ativo,1
2490,L. D. S. L. ,OFTALMOLOGIA (AMBULATÓRIO),RETORNO,ENFERMAGEM - OFTALMOLOGIA,Ativo,Terça,1970-01-01 07:00:00.000,Manhã,Ativo,1
2490,L. D. S. L. ,OFTALMOLOGIA (AMBULATÓRIO),RETORNO,ENFERMAGEM - OFTALMOLOGIA,Ativo,Quarta,1970-01-01 07:00:00.000,Manhã,Ativo,1
2490,L. D. S. L. ,OFTALMOLOGIA (AMBULATÓRIO),RETORNO,ENFERMAGEM - OFTALMOLOGIA,Ativo,Quinta,1970-01-01 07:00:00.000,Manhã,Ativo,1
2490,L. D. S. L. ,OFTALMOLOGIA (AMBULATÓRIO),RETORNO,ENFERMAGEM - OFTALMOLOGIA,Ativo,Sexta,1970-01-01 07:00:00.000,Manhã,Ativo,1
2492,S. L. C. ,OFTALMOLOGIA (AMBULATÓRIO),RETORNO,ENFERMAGEM - OFTALMOLOGIA,Ativo,Segunda,1970-01-01 13:00:00.000,Tarde,Ativo,1
2492,S. L. C. ,OFTALMOLOGIA (AMBULATÓRIO),RETORNO,ENFERMAGEM - OFTALMOLOGIA,Ativo,Terça,1970-01-01 13:00:00.000,Tarde,Ativo,1
2492,S. L. C. ,OFTALMOLOGIA (AMBULATÓRIO),RETORNO,ENFERMAGEM - OFTALMOLOGIA,Ativo,Quarta,1970-01-01 13:00:00.000,Tarde,Ativo,1
2492,S. L. C. ,OFTALMOLOGIA (AMBULATÓRIO),RETORNO,ENFERMAGEM - OFTALMOLOGIA,Ativo,Quinta,1970-01-01 13:00:00.000,Tarde,Ativo,1
2492,S. L. C. ,OFTALMOLOGIA (AMBULATÓRIO),RETORNO,ENFERMAGEM - OFTALMOLOGIA,Ativo,Sexta,1970-01-01 13:00:00.000,Tarde,Ativo,1
2494,K. M. D. S. ,UROLOGIA (AMBULATÓRIO),RETORNO,UROLOGIA - PRE-OP,Ativo,Quarta,1970-01-01 13:00:00.000,Tarde,Ativo,13
2496,R. P. U. N. ,PNEUMOLOGIA (AMBULATÓRIO),TELEATENDIMENTO,PNEUMOLOGIA - TELEMEDICINA,Inativo,Sexta,1970-01-01 08:00:00.000,Manhã,Ativo,13
2498,M. Z. ,OFTALMOLOGIA (AMBULATÓRIO),INTERCONSULTA,OFTALMOLOGIA - UVEITE,Ativo,Terça,1970-01-01 07:00:00.000,Manhã,Ativo,3
2498,M. Z. ,OFTALMOLOGIA (AMBULATÓRIO),RETORNO,OFTALMOLOGIA - UVEITE,Ativo,Terça,1970-01-01 07:00:00.000,Manhã,Ativo,3
2500,P. A. B. ,CARDIOLOGIA (AMBULATÓRIO),RETORNO,CARDIOLOGIA - PESQUISA CLINICA,Ativo,Quarta,1970-01-01 07:00:00.000,Manhã,Ativo,8
2500,P. A. B. ,CARDIOLOGIA (AMBULATÓRIO),RETORNO,CARDIOLOGIA - PESQUISA CLINICA,Ativo,Sexta,1970-01-01 07:00:00.000,Manhã,Ativo,8
2502,V. R. D. C. ,OBSTETRÍCIA (AMBULATÓRIO),,ENFERMAGEM - TRIAGEM OBSTETRICA,Ativo,,,,,
2504,I. B. R. M. ,ONCOLOGIA (AMBULATÓRIO),RETORNO,ONCOLOGIA CLINICA,Ativo,Segunda,1970-01-01 07:00:00.000,Manhã,Ativo,10
2504,I. B. R. M. ,ONCOLOGIA (AMBULATÓRIO),INTERCONSULTA,ONCOLOGIA CLINICA,Ativo,Segunda,1970-01-01 07:00:00.000,Manhã,Ativo,2
2504,I. B. R. M. ,ONCOLOGIA (AMBULATÓRIO),INTERCONSULTA,ONCOLOGIA CLINICA,Ativo,Quarta,1970-01-01 13:00:00.000,Tarde,Ativo,2
2504,I. B. R. M. ,ONCOLOGIA (AMBULATÓRIO),RETORNO,ONCOLOGIA CLINICA,Ativo,Quarta,1970-01-01 13:00:00.000,Tarde,Ativo,10
2508,B. J. A. P. B. ,NEUROLOGIA (AMBULATÓRIO),RETORNO,NEUROLOGIA - DEMENCIA,Ativo,Quinta,1970-01-01 13:00:00.000,Tarde,Ativo,8
2512,B. J. A. P. B. ,NEUROLOGIA (AMBULATÓRIO),RETORNO,NEUROLOGIA,Inativo,Segunda,1970-01-01 06:00:00.000,Manhã,Inativo,4
2512,B. J. A. P. B. ,NEUROLOGIA (AMBULATÓRIO),CONSULTA REGULADA,NEUROLOGIA,Inativo,Segunda,1970-01-01 06:00:00.000,Manhã,Inativo,4
2512,B. J. A. P. B. ,NEUROLOGIA (AMBULATÓRIO),INTERCONSULTA,NEUROLOGIA,Inativo,Segunda,1970-01-01 06:00:00.000,Manhã,Inativo,2
2514,T. D. A. S. ,ENDOCRINOLOGIA (AMBULATÓRIO),TELEATENDIMENTO,ENDOCRINOLOGIA PEDIATRICA - TELEMEDICINA,Ativo,Quinta,1970-01-01 13:30:00.000,Tarde,Ativo,9
2516,M. E. P. L. E. S. L. ,ONCOLOGIA (AMBULATÓRIO),RETORNO,ONCOGERIATRIA - DECISAO TERAPEUTICA,Inativo,Sexta,1970-01-01 07:00:00.000,Manhã,Inativo,3
2516,M. E. P. L. E. S. L. ,ONCOLOGIA (AMBULATÓRIO),INTERCONSULTA,ONCOGERIATRIA - DECISAO TERAPEUTICA,Inativo,Sexta,1970-01-01 07:00:00.000,Manhã,Inativo,3
2518,L. M. D. S. ,ENFERMAGEM,PRIMEIRA CONSULTA,ENFERMAGEM - EGRESSO CIRURGICO,Inativo,Segunda,1970-01-01 07:00:00.000,Manhã,Ativo,2
2518,L. M. D. S. ,ENFERMAGEM,PRIMEIRA CONSULTA,ENFERMAGEM - EGRESSO CIRURGICO,Inativo,Segunda,1970-01-01 13:00:00.000,Tarde,Ativo,2
2518,L. M. D. S. ,ENFERMAGEM,RETORNO,ENFERMAGEM - EGRESSO CIRURGICO,Inativo,Segunda,1970-01-01 13:00:00.000,Tarde,Ativo,3
2518,L. M. D. S. ,ENFERMAGEM,INTERCONSULTA,ENFERMAGEM - EGRESSO CIRURGICO,Inativo,Segunda,1970-01-01 13:00:00.000,Tarde,Ativo,3
2518,L. M. D. S. ,ENFERMAGEM,RETORNO,ENFERMAGEM - EGRESSO CIRURGICO,Inativo,Segunda,1970-01-01 07:00:00.000,Manhã,Ativo,3
2518,L. M. D. S. ,ENFERMAGEM,INTERCONSULTA,ENFERMAGEM - EGRESSO CIRURGICO,Inativo,Segunda,1970-01-01 07:00:00.000,Manhã,Ativo,3
2518,L. M. D. S. ,ENFERMAGEM,RETORNO,ENFERMAGEM - EGRESSO CIRURGICO,Inativo,Terça,1970-01-01 07:00:00.000,Manhã,Ativo,3
2518,L. M. D. S. ,ENFERMAGEM,INTERCONSULTA,ENFERMAGEM - EGRESSO CIRURGICO,Inativo,Terça,1970-01-01 07:00:00.000,Manhã,Ativo,3
2518,L. M. D. S. ,ENFERMAGEM,PRIMEIRA CONSULTA,ENFERMAGEM - EGRESSO CIRURGICO,Inativo,Terça,1970-01-01 07:00:00.000,Manhã,Ativo,2
2518,L. M. D. S. ,ENFERMAGEM,RETORNO,ENFERMAGEM - EGRESSO CIRURGICO,Inativo,Quinta,1970-01-01 13:00:00.000,Tarde,Ativo,3
2518,L. M. D. S. ,ENFERMAGEM,PRIMEIRA CONSULTA,ENFERMAGEM - EGRESSO CIRURGICO,Inativo,Quinta,1970-01-01 13:00:00.000,Tarde,Ativo,2
2518,L. M. D. S. ,ENFERMAGEM,INTERCONSULTA,ENFERMAGEM - EGRESSO CIRURGICO,Inativo,Quinta,1970-01-01 13:00:00.000,Tarde,Ativo,3
2518,L. M. D. S. ,ENFERMAGEM,PRIMEIRA CONSULTA,ENFERMAGEM - EGRESSO CIRURGICO,Inativo,Sexta,1970-01-01 13:00:00.000,Tarde,Ativo,2
2518,L. M. D. S. ,ENFERMAGEM,PRIMEIRA CONSULTA,ENFERMAGEM - EGRESSO CIRURGICO,Inativo,Sexta,1970-01-01 07:00:00.000,Manhã,Ativo,2
2518,L. M. D. S. ,ENFERMAGEM,RETORNO,ENFERMAGEM - EGRESSO CIRURGICO,Inativo,Sexta,1970-01-01 13:00:00.000,Tarde,Ativo,3
2518,L. M. D. S. ,ENFERMAGEM,INTERCONSULTA,ENFERMAGEM - EGRESSO CIRURGICO,Inativo,Sexta,1970-01-01 13:00:00.000,Tarde,Ativo,3
2518,L. M. D. S. ,ENFERMAGEM,INTERCONSULTA,ENFERMAGEM - EGRESSO CIRURGICO,Inativo,Sexta,1970-01-01 07:00:00.000,Manhã,Ativo,3
2518,L. M. D. S. ,ENFERMAGEM,RETORNO,ENFERMAGEM - EGRESSO CIRURGICO,Inativo,Sexta,1970-01-01 07:00:00.000,Manhã,Ativo,3
2519,L. G. D. S. ,ENFERMAGEM,,ENFERMAGEM - EGRESSO CIRURGICO,Inativo,,,,,
2520,V. M. C. ,ENFERMAGEM,RETORNO,ENFERMAGEM - EGRESSO CIRURGICO,Inativo,Terça,1970-01-01 07:00:00.000,Manhã,Ativo,3
2520,V. M. C. ,ENFERMAGEM,INTERCONSULTA,ENFERMAGEM - EGRESSO CIRURGICO,Inativo,Terça,1970-01-01 07:00:00.000,Manhã,Ativo,3
2520,V. M. C. ,ENFERMAGEM,PRIMEIRA CONSULTA,ENFERMAGEM - EGRESSO CIRURGICO,Inativo,Terça,1970-01-01 07:00:00.000,Manhã,Ativo,2
2522,R. M. V. G. ,ENFERMAGEM,PRIMEIRA CONSULTA,ENFERMAGEM - EGRESSO CIRURGICO,Inativo,Quarta,1970-01-01 07:00:00.000,Manhã,Ativo,2
2522,R. M. V. G. ,ENFERMAGEM,RETORNO,ENFERMAGEM - EGRESSO CIRURGICO,Inativo,Quarta,1970-01-01 07:00:00.000,Manhã,Ativo,3
2522,R. M. V. G. ,ENFERMAGEM,PRIMEIRA CONSULTA,ENFERMAGEM - EGRESSO CIRURGICO,Inativo,Quarta,1970-01-01 13:00:00.000,Tarde,Ativo,2
2522,R. M. V. G. ,ENFERMAGEM,INTERCONSULTA,ENFERMAGEM - EGRESSO CIRURGICO,Inativo,Quarta,1970-01-01 13:00:00.000,Tarde,Ativo,3
2522,R. M. V. G. ,ENFERMAGEM,RETORNO,ENFERMAGEM - EGRESSO CIRURGICO,Inativo,Quarta,1970-01-01 13:00:00.000,Tarde,Ativo,3
2522,R. M. V. G. ,ENFERMAGEM,INTERCONSULTA,ENFERMAGEM - EGRESSO CIRURGICO,Inativo,Quarta,1970-01-01 07:00:00.000,Manhã,Ativo,3
2524,A. C. C. G. ,ENFERMAGEM,INTERCONSULTA,ENFERMAGEM - EGRESSO CIRURGICO,Inativo,Quinta,1970-01-01 07:00:00.000,Manhã,Ativo,3
2524,A. C. C. G. ,ENFERMAGEM,PRIMEIRA CONSULTA,ENFERMAGEM - EGRESSO CIRURGICO,Inativo,Quinta,1970-01-01 07:00:00.000,Manhã,Ativo,2
2524,A. C. C. G. ,ENFERMAGEM,RETORNO,ENFERMAGEM - EGRESSO CIRURGICO,Inativo,Quinta,1970-01-01 07:00:00.000,Manhã,Ativo,3
2525,P. D. S. B. O. ,ENFERMAGEM,PRIMEIRA CONSULTA,ENFERMAGEM - EGRESSO CIRURGICO,Inativo,Segunda,1970-01-01 07:00:00.000,Manhã,Ativo,2
2525,P. D. S. B. O. ,ENFERMAGEM,INTERCONSULTA,ENFERMAGEM - EGRESSO CIRURGICO,Inativo,Segunda,1970-01-01 07:00:00.000,Manhã,Ativo,3
2525,P. D. S. B. O. ,ENFERMAGEM,RETORNO,ENFERMAGEM - EGRESSO CIRURGICO,Inativo,Segunda,1970-01-01 07:00:00.000,Manhã,Ativo,3
2525,P. D. S. B. O. ,ENFERMAGEM,PRIMEIRA CONSULTA,ENFERMAGEM - EGRESSO CIRURGICO,Inativo,Terça,1970-01-01 07:00:00.000,Manhã,Ativo,2
2525,P. D. S. B. O. ,ENFERMAGEM,RETORNO,ENFERMAGEM - EGRESSO CIRURGICO,Inativo,Terça,1970-01-01 07:00:00.000,Manhã,Ativo,3
2525,P. D. S. B. O. ,ENFERMAGEM,INTERCONSULTA,ENFERMAGEM - EGRESSO CIRURGICO,Inativo,Terça,1970-01-01 07:00:00.000,Manhã,Ativo,3
2525,P. D. S. B. O. ,ENFERMAGEM,INTERCONSULTA,ENFERMAGEM - EGRESSO CIRURGICO,Inativo,Quinta,1970-01-01 07:00:00.000,Manhã,Ativo,3
2525,P. D. S. B. O. ,ENFERMAGEM,RETORNO,ENFERMAGEM - EGRESSO CIRURGICO,Inativo,Quinta,1970-01-01 07:00:00.000,Manhã,Ativo,3
2525,P. D. S. B. O. ,ENFERMAGEM,PRIMEIRA CONSULTA,ENFERMAGEM - EGRESSO CIRURGICO,Inativo,Quinta,1970-01-01 07:00:00.000,Manhã,Ativo,2
2526,G. X. G. ,ENFERMAGEM,RETORNO,ENFERMAGEM - EGRESSO CIRURGICO,Inativo,Segunda,1970-01-01 13:00:00.000,Tarde,Ativo,3
2526,G. X. G. ,ENFERMAGEM,INTERCONSULTA,ENFERMAGEM - EGRESSO CIRURGICO,Inativo,Segunda,1970-01-01 13:00:00.000,Tarde,Ativo,3
2526,G. X. G. ,ENFERMAGEM,PRIMEIRA CONSULTA,ENFERMAGEM - EGRESSO CIRURGICO,Inativo,Segunda,1970-01-01 13:00:00.000,Tarde,Ativo,2
2526,G. X. G. ,ENFERMAGEM,PRIMEIRA CONSULTA,ENFERMAGEM - EGRESSO CIRURGICO,Inativo,Quarta,1970-01-01 13:00:00.000,Tarde,Ativo,2
2526,G. X. G. ,ENFERMAGEM,RETORNO,ENFERMAGEM - EGRESSO CIRURGICO,Inativo,Quarta,1970-01-01 13:00:00.000,Tarde,Ativo,3
2526,G. X. G. ,ENFERMAGEM,INTERCONSULTA,ENFERMAGEM - EGRESSO CIRURGICO,Inativo,Quarta,1970-01-01 13:00:00.000,Tarde,Ativo,3
2528,C. M. T. D. A. ,ENFERMAGEM,PRIMEIRA CONSULTA,ENFERMAGEM - EGRESSO CIRURGICO,Inativo,Quarta,1970-01-01 07:00:00.000,Manhã,Ativo,2
2528,C. M. T. D. A. ,ENFERMAGEM,INTERCONSULTA,ENFERMAGEM - EGRESSO CIRURGICO,Inativo,Quarta,1970-01-01 07:00:00.000,Manhã,Ativo,3
2528,C. M. T. D. A. ,ENFERMAGEM,RETORNO,ENFERMAGEM - EGRESSO CIRURGICO,Inativo,Quarta,1970-01-01 07:00:00.000,Manhã,Ativo,3
2530,L. H. D. O. C. ,ENDOCRINOLOGIA (AMBULATÓRIO),RETORNO,ENDOCRINOLOGIA,Ativo,Segunda,1970-01-01 07:00:00.000,Manhã,Ativo,10
2532,A. M. M. D. C. ,CLINICA DA DOR (AMBULATÓRIO),CONSULTA REGULADA,CLINICA DA DOR,Ativo,Quarta,1970-01-01 15:30:00.000,Tarde,Ativo,1
2532,A. M. M. D. C. ,CLINICA DA DOR (AMBULATÓRIO),RETORNO,CLINICA DA DOR,Ativo,Quarta,1970-01-01 14:00:00.000,Tarde,Ativo,3
2532,A. M. M. D. C. ,CLINICA DA DOR (AMBULATÓRIO),RETORNO,CLINICA DA DOR,Ativo,Sexta,1970-01-01 14:00:00.000,Tarde,Ativo,4
2532,A. M. M. D. C. ,CLINICA DA DOR (AMBULATÓRIO),INTERCONSULTA,CLINICA DA DOR,Ativo,Sexta,1970-01-01 14:00:00.000,Tarde,Ativo,1
2532,A. M. M. D. C. ,CLINICA DA DOR (AMBULATÓRIO),CONSULTA REGULADA,CLINICA DA DOR,Ativo,Sexta,1970-01-01 15:30:00.000,Tarde,Ativo,1
2534,D. G. E. S. ,GERIATRIA (AMBULATORIO),RETORNO,GERIATRIA,Ativo,Terça,1970-01-01 07:00:00.000,Manhã,Ativo,8
2534,D. G. E. S. ,GERIATRIA (AMBULATORIO),CONSULTA REGULADA,GERIATRIA,Ativo,Terça,1970-01-01 10:00:00.000,Manhã,Ativo,2
2534,D. G. E. S. ,GERIATRIA (AMBULATORIO),CONSULTA REGULADA,GERIATRIA,Ativo,Sexta,1970-01-01 10:00:00.000,Manhã,Ativo,1
2536,J. G. D. A. S. ,DERMATOLOGIA (AMBULATÓRIO),RETORNO,DERMATOLOGIA,Ativo,Sábado,1970-01-01 07:00:00.000,Manhã,Inativo,15
2538,A. P. C. D. A. B. F. L. ,OTORRINOLARINGOLOGIA (AMBULATÓRIO),RETORNO,OTORRINOLARINGOLOGIA,Ativo,Quinta,1970-01-01 07:00:00.000,Manhã,Ativo,5
2540,M. C. F. A. D. N. ,NÚCLEO DO SERVIDOR (AMBULATÓRIO),CONSULTA PRIMEIRA VEZ SERVIDOR(A),NUTRIÇÃO - NASS,Ativo,Segunda,1970-01-01 13:30:00.000,Tarde,Inativo,1
2540,M. C. F. A. D. N. ,NÚCLEO DO SERVIDOR (AMBULATÓRIO),CONSULTA RETORNO SERVIDOR(A),NUTRIÇÃO - NASS,Ativo,Segunda,1970-01-01 15:30:00.000,Tarde,Inativo,1
2540,M. C. F. A. D. N. ,NÚCLEO DO SERVIDOR (AMBULATÓRIO),CONSULTA RETORNO SERVIDOR(A),NUTRIÇÃO - NASS,Ativo,Segunda,1970-01-01 16:00:00.000,Tarde,Inativo,1
2540,M. C. F. A. D. N. ,NÚCLEO DO SERVIDOR (AMBULATÓRIO),CONSULTA PRIMEIRA VEZ SERVIDOR(A),NUTRIÇÃO - NASS,Ativo,Segunda,1970-01-01 14:30:00.000,Tarde,Inativo,1
2540,M. C. F. A. D. N. ,NÚCLEO DO SERVIDOR (AMBULATÓRIO),CONSULTA PRIMEIRA VEZ SERVIDOR(A),NUTRIÇÃO - NASS,Ativo,Terça,1970-01-01 13:30:00.000,Tarde,Inativo,1
2540,M. C. F. A. D. N. ,NÚCLEO DO SERVIDOR (AMBULATÓRIO),CONSULTA PRIMEIRA VEZ SERVIDOR(A),NUTRIÇÃO - NASS,Ativo,Terça,1970-01-01 14:30:00.000,Tarde,Inativo,1
2540,M. C. F. A. D. N. ,NÚCLEO DO SERVIDOR (AMBULATÓRIO),CONSULTA RETORNO SERVIDOR(A),NUTRIÇÃO - NASS,Ativo,Terça,1970-01-01 16:00:00.000,Tarde,Inativo,1
2540,M. C. F. A. D. N. ,NÚCLEO DO SERVIDOR (AMBULATÓRIO),CONSULTA RETORNO SERVIDOR(A),NUTRIÇÃO - NASS,Ativo,Terça,1970-01-01 15:30:00.000,Tarde,Inativo,1
2540,M. C. F. A. D. N. ,NÚCLEO DO SERVIDOR (AMBULATÓRIO),CONSULTA PRIMEIRA VEZ SERVIDOR(A),NUTRIÇÃO - NASS,Ativo,Terça,1970-01-01 11:00:00.000,Manhã,Ativo,1
2540,M. C. F. A. D. N. ,NÚCLEO DO SERVIDOR (AMBULATÓRIO),CONSULTA RETORNO SERVIDOR(A),NUTRIÇÃO - NASS,Ativo,Terça,1970-01-01 10:00:00.000,Manhã,Ativo,1
2540,M. C. F. A. D. N. ,NÚCLEO DO SERVIDOR (AMBULATÓRIO),CONSULTA RETORNO SERVIDOR(A),NUTRIÇÃO - NASS,Ativo,Quarta,1970-01-01 10:00:00.000,Manhã,Ativo,1
2540,M. C. F. A. D. N. ,NÚCLEO DO SERVIDOR (AMBULATÓRIO),CONSULTA PRIMEIRA VEZ SERVIDOR(A),NUTRIÇÃO - NASS,Ativo,Quarta,1970-01-01 11:00:00.000,Manhã,Ativo,1
2540,M. C. F. A. D. N. ,NÚCLEO DO SERVIDOR (AMBULATÓRIO),CONSULTA PRIMEIRA VEZ SERVIDOR(A),NUTRIÇÃO - NASS,Ativo,Quarta,1970-01-01 13:30:00.000,Tarde,Inativo,1
2540,M. C. F. A. D. N. ,NÚCLEO DO SERVIDOR (AMBULATÓRIO),CONSULTA PRIMEIRA VEZ SERVIDOR(A),NUTRIÇÃO - NASS,Ativo,Quarta,1970-01-01 14:30:00.000,Tarde,Inativo,1
2540,M. C. F. A. D. N. ,NÚCLEO DO SERVIDOR (AMBULATÓRIO),CONSULTA RETORNO SERVIDOR(A),NUTRIÇÃO - NASS,Ativo,Quarta,1970-01-01 16:00:00.000,Tarde,Inativo,1
2540,M. C. F. A. D. N. ,NÚCLEO DO SERVIDOR (AMBULATÓRIO),CONSULTA RETORNO SERVIDOR(A),NUTRIÇÃO - NASS,Ativo,Quarta,1970-01-01 15:30:00.000,Tarde,Inativo,1
2540,M. C. F. A. D. N. ,NÚCLEO DO SERVIDOR (AMBULATÓRIO),CONSULTA PRIMEIRA VEZ SERVIDOR(A),NUTRIÇÃO - NASS,Ativo,Quinta,1970-01-01 11:00:00.000,Manhã,Ativo,1
2540,M. C. F. A. D. N. ,NÚCLEO DO SERVIDOR (AMBULATÓRIO),CONSULTA RETORNO SERVIDOR(A),NUTRIÇÃO - NASS,Ativo,Quinta,1970-01-01 10:00:00.000,Manhã,Ativo,1
2540,M. C. F. A. D. N. ,NÚCLEO DO SERVIDOR (AMBULATÓRIO),CONSULTA PRIMEIRA VEZ SERVIDOR(A),NUTRIÇÃO - NASS,Ativo,Quinta,1970-01-01 14:30:00.000,Tarde,Inativo,1
2540,M. C. F. A. D. N. ,NÚCLEO DO SERVIDOR (AMBULATÓRIO),CONSULTA RETORNO SERVIDOR(A),NUTRIÇÃO - NASS,Ativo,Quinta,1970-01-01 15:30:00.000,Tarde,Inativo,1
2540,M. C. F. A. D. N. ,NÚCLEO DO SERVIDOR (AMBULATÓRIO),CONSULTA RETORNO SERVIDOR(A),NUTRIÇÃO - NASS,Ativo,Quinta,1970-01-01 16:00:00.000,Tarde,Inativo,1
2540,M. C. F. A. D. N. ,NÚCLEO DO SERVIDOR (AMBULATÓRIO),CONSULTA PRIMEIRA VEZ SERVIDOR(A),NUTRIÇÃO - NASS,Ativo,Quinta,1970-01-01 13:30:00.000,Tarde,Inativo,1
2540,M. C. F. A. D. N. ,NÚCLEO DO SERVIDOR (AMBULATÓRIO),CONSULTA PRIMEIRA VEZ SERVIDOR(A),NUTRIÇÃO - NASS,Ativo,Sexta,1970-01-01 14:30:00.000,Tarde,Inativo,1
2540,M. C. F. A. D. N. ,NÚCLEO DO SERVIDOR (AMBULATÓRIO),CONSULTA RETORNO SERVIDOR(A),NUTRIÇÃO - NASS,Ativo,Sexta,1970-01-01 16:00:00.000,Tarde,Inativo,1
2540,M. C. F. A. D. N. ,NÚCLEO DO SERVIDOR (AMBULATÓRIO),CONSULTA RETORNO SERVIDOR(A),NUTRIÇÃO - NASS,Ativo,Sexta,1970-01-01 15:30:00.000,Tarde,Inativo,1
2540,M. C. F. A. D. N. ,NÚCLEO DO SERVIDOR (AMBULATÓRIO),CONSULTA PRIMEIRA VEZ SERVIDOR(A),NUTRIÇÃO - NASS,Ativo,Sexta,1970-01-01 13:30:00.000,Tarde,Inativo,1
2542,M. M. P. G. ,PEDIATRIA (AMBULATÓRIO),,PUERICULTURA - ADOLESCENTE,Inativo,,,,,
2546,K. J. C. F. D. A. ,PUERICULTURA (AMBULATÓRIO),,PUERICULTURA - EGRESSO,Inativo,,,,,
2548,J. D. R. N. ,PUERICULTURA (AMBULATÓRIO),,PUERICULTURA - EGRESSO,Inativo,,,,,
2550,F. C. D. A. S. ,ONCOLOGIA (AMBULATÓRIO),RETORNO,ONCOLOGIA CLINICA,Ativo,Segunda,1970-01-01 07:00:00.000,Manhã,Ativo,10
2550,F. C. D. A. S. ,ONCOLOGIA (AMBULATÓRIO),INTERCONSULTA,ONCOLOGIA CLINICA,Ativo,Segunda,1970-01-01 07:00:00.000,Manhã,Ativo,2
2550,F. C. D. A. S. ,ONCOLOGIA (AMBULATÓRIO),RETORNO,ONCOLOGIA CLINICA,Ativo,Quinta,1970-01-01 13:00:00.000,Tarde,Ativo,12
2552,M. K. S. ,ONCOLOGIA (AMBULATÓRIO),INTERCONSULTA,ONCOLOGIA CLINICA,Ativo,Segunda,1970-01-01 13:00:00.000,Tarde,Ativo,2
2552,M. K. S. ,ONCOLOGIA (AMBULATÓRIO),RETORNO,ONCOLOGIA CLINICA,Ativo,Segunda,1970-01-01 13:00:00.000,Tarde,Ativo,10
2554,A. P. C. D. A. B. F. L. ,OTORRINOLARINGOLOGIA (AMBULATÓRIO),RETORNO,OTORRINOLARINGOLOGIA - OTONEURO,Inativo,Terça,1970-01-01 07:00:00.000,Manhã,Ativo,10
2556,C. H. Z. ,ONCOLOGIA (AMBULATÓRIO),TELEATENDIMENTO,ONCOLOGIA CLINICA - TELEMEDICINA,Ativo,Terça,1970-01-01 14:00:00.000,Tarde,Ativo,10
2556,C. H. Z. ,ONCOLOGIA (AMBULATÓRIO),TELEATENDIMENTO,ONCOLOGIA CLINICA - TELEMEDICINA,Ativo,Quarta,1970-01-01 14:00:00.000,Tarde,Ativo,10
2558,K. J. C. F. D. A. ,PEDIATRIA (AMBULATÓRIO),RETORNO,PEDIATRIA,Ativo,Segunda,1970-01-01 07:00:00.000,Manhã,Ativo,4
2558,K. J. C. F. D. A. ,PEDIATRIA (AMBULATÓRIO),RETORNO,PEDIATRIA,Ativo,Quinta,1970-01-01 07:00:00.000,Manhã,Ativo,4
2558,K. J. C. F. D. A. ,PEDIATRIA (AMBULATÓRIO),RETORNO,PEDIATRIA,Ativo,Sexta,1970-01-01 07:00:00.000,Manhã,Ativo,4
2560,K. J. C. F. D. A. ,PUERICULTURA (AMBULATÓRIO),RETORNO,PUERICULTURA - ADOLESCENTE,Inativo,Quinta,1970-01-01 13:00:00.000,Tarde,Ativo,3
2562,M. O. P. D. A. ,ENDOCRINOLOGIA (AMBULATÓRIO),CONSULTA REGULADA,ENDOCRINOLOGIA - TRIAGEM,Inativo,Sexta,1970-01-01 10:00:00.000,Manhã,Inativo,4
2562,M. O. P. D. A. ,ENDOCRINOLOGIA (AMBULATÓRIO),INTERCONSULTA,ENDOCRINOLOGIA - TRIAGEM,Inativo,Sexta,1970-01-01 07:00:00.000,Manhã,Inativo,13
2564,M. O. P. D. A. ,ENDOCRINOLOGIA (AMBULATÓRIO),RETORNO,ENDOCRINOLOGIA - TIREOIDE,Ativo,Segunda,1970-01-01 13:00:00.000,Tarde,Ativo,10
2564,M. O. P. D. A. ,ENDOCRINOLOGIA (AMBULATÓRIO),RETORNO,ENDOCRINOLOGIA - TIREOIDE,Ativo,Quinta,1970-01-01 07:00:00.000,Manhã,Ativo,10
2564,M. O. P. D. A. ,ENDOCRINOLOGIA (AMBULATÓRIO),RETORNO,ENDOCRINOLOGIA - TIREOIDE,Ativo,Sexta,1970-01-01 13:00:00.000,Tarde,Ativo,10
2568,E. V. D. S. ,TERAPIA OCUPACIONAL,RETORNO,TERAPIA OCUPACIONAL - SAUDE MENTAL INFANTIL,Inativo,Terça,1970-01-01 13:00:00.000,Tarde,Ativo,6
2568,E. V. D. S. ,TERAPIA OCUPACIONAL,RETORNO,TERAPIA OCUPACIONAL - SAUDE MENTAL INFANTIL,Inativo,Quarta,1970-01-01 13:00:00.000,Tarde,Ativo,6
2568,E. V. D. S. ,TERAPIA OCUPACIONAL,RETORNO,TERAPIA OCUPACIONAL - SAUDE MENTAL INFANTIL,Inativo,Quarta,1970-01-01 07:00:00.000,Manhã,Ativo,6
2568,E. V. D. S. ,TERAPIA OCUPACIONAL,RETORNO,TERAPIA OCUPACIONAL - SAUDE MENTAL INFANTIL,Inativo,Sexta,1970-01-01 13:00:00.000,Tarde,Ativo,4
2568,E. V. D. S. ,TERAPIA OCUPACIONAL,RETORNO,TERAPIA OCUPACIONAL - SAUDE MENTAL INFANTIL,Inativo,Sexta,1970-01-01 07:00:00.000,Manhã,Ativo,3
2570,L. D. F. L. P. D. L. ,ONCOLOGIA (AMBULATÓRIO),INTERCONSULTA,MASTOLOGIA,Inativo,Sexta,1970-01-01 07:00:00.000,Manhã,Ativo,2
2570,L. D. F. L. P. D. L. ,ONCOLOGIA (AMBULATÓRIO),RETORNO,MASTOLOGIA,Inativo,Sexta,1970-01-01 07:00:00.000,Manhã,Ativo,10
2572,M. B. R. G. ,PSIQUIATRIA (AMBULATÓRIO),,PSIQUIATRIA,Inativo,,,,,
2574,M. C. M. C. L. ,HEMATOLOGIA (AMBULATÓRIO),RETORNO,HEMATOLOGIA - MIELOGRAMA,Ativo,Quarta,1970-01-01 07:00:00.000,Manhã,Ativo,8
2576,G. S. B. D. S. ,PNEUMOLOGIA (AMBULATÓRIO),RETORNO,PNEUMOLOGIA,Ativo,Quarta,1970-01-01 07:00:00.000,Manhã,Ativo,2
2576,G. S. B. D. S. ,PNEUMOLOGIA (AMBULATÓRIO),CONSULTA REGULADA,PNEUMOLOGIA,Ativo,Quarta,1970-01-01 10:00:00.000,Manhã,Ativo,2
2578,G. S. B. D. S. ,PNEUMOLOGIA (AMBULATÓRIO),INTERCONSULTA,PNEUMOLOGIA - PARECER,Inativo,Terça,1970-01-01 13:00:00.000,Tarde,Inativo,1
2580,M. B. R. G. ,ESPAÇO TRANS (AMBULATÓRIO),RETORNO,PSIQUIATRIA - ESPAÇO TRANS,Ativo,Terça,1970-01-01 13:00:00.000,Tarde,Ativo,4
2580,M. B. R. G. ,ESPAÇO TRANS (AMBULATÓRIO),INTERCONSULTA,PSIQUIATRIA - ESPAÇO TRANS,Ativo,Terça,1970-01-01 13:00:00.000,Tarde,Ativo,4
2580,M. B. R. G. ,ESPAÇO TRANS (AMBULATÓRIO),RETORNO,PSIQUIATRIA - ESPAÇO TRANS,Ativo,Quinta,1970-01-01 13:00:00.000,Tarde,Ativo,4
2580,M. B. R. G. ,ESPAÇO TRANS (AMBULATÓRIO),INTERCONSULTA,PSIQUIATRIA - ESPAÇO TRANS,Ativo,Quinta,1970-01-01 13:00:00.000,Tarde,Ativo,4
2580,M. B. R. G. ,ESPAÇO TRANS (AMBULATÓRIO),RETORNO,PSIQUIATRIA - ESPAÇO TRANS,Ativo,Sexta,1970-01-01 07:00:00.000,Manhã,Ativo,5
2580,M. B. R. G. ,ESPAÇO TRANS (AMBULATÓRIO),RETORNO,PSIQUIATRIA - ESPAÇO TRANS,Ativo,Sexta,1970-01-01 13:00:00.000,Tarde,Ativo,4
2580,M. B. R. G. ,ESPAÇO TRANS (AMBULATÓRIO),INTERCONSULTA,PSIQUIATRIA - ESPAÇO TRANS,Ativo,Sexta,1970-01-01 13:00:00.000,Tarde,Ativo,4
2582,M. F. A. ,ESPAÇO TRANS (AMBULATÓRIO),INTERCONSULTA,SERVIÇO SOCIAL - ESPAÇO TRANS,Ativo,Terça,1970-01-01 07:00:00.000,Manhã,Ativo,2
2582,M. F. A. ,ESPAÇO TRANS (AMBULATÓRIO),RETORNO,SERVIÇO SOCIAL - ESPAÇO TRANS,Ativo,Terça,1970-01-01 07:00:00.000,Manhã,Ativo,2
2582,M. F. A. ,ESPAÇO TRANS (AMBULATÓRIO),RETORNO,SERVIÇO SOCIAL - ESPAÇO TRANS,Ativo,Quarta,1970-01-01 07:00:00.000,Manhã,Ativo,2
2582,M. F. A. ,ESPAÇO TRANS (AMBULATÓRIO),INTERCONSULTA,SERVIÇO SOCIAL - ESPAÇO TRANS,Ativo,Quarta,1970-01-01 07:00:00.000,Manhã,Ativo,1
2582,M. F. A. ,ESPAÇO TRANS (AMBULATÓRIO),INTERCONSULTA,SERVIÇO SOCIAL - ESPAÇO TRANS,Ativo,Quinta,1970-01-01 07:00:00.000,Manhã,Ativo,2
2582,M. F. A. ,ESPAÇO TRANS (AMBULATÓRIO),RETORNO,SERVIÇO SOCIAL - ESPAÇO TRANS,Ativo,Quinta,1970-01-01 07:00:00.000,Manhã,Ativo,2
2582,M. F. A. ,ESPAÇO TRANS (AMBULATÓRIO),INTERCONSULTA,SERVIÇO SOCIAL - ESPAÇO TRANS,Ativo,Sexta,1970-01-01 07:00:00.000,Manhã,Ativo,2
2582,M. F. A. ,ESPAÇO TRANS (AMBULATÓRIO),RETORNO,SERVIÇO SOCIAL - ESPAÇO TRANS,Ativo,Sexta,1970-01-01 07:00:00.000,Manhã,Ativo,2
2584,D. W. D. B. ,UROLOGIA (AMBULATÓRIO),CONSULTA REGULADA,UROLOGIA TRIAGEM,Ativo,Segunda,1970-01-01 15:30:00.000,Tarde,Ativo,7
2584,D. W. D. B. ,UROLOGIA (AMBULATÓRIO),RETORNO,UROLOGIA TRIAGEM,Ativo,Segunda,1970-01-01 13:00:00.000,Tarde,Ativo,13
2586,F. A. C. ,GINECOLOGIA (AMBULATÓRIO),INTERCONSULTA,GINECOLOGIA - HISTEROSCOPIA CIRÚRGICA,Ativo,Terça,1970-01-01 13:00:00.000,Tarde,Ativo,5
2586,F. A. C. ,GINECOLOGIA (AMBULATÓRIO),RETORNO,GINECOLOGIA - HISTEROSCOPIA CIRÚRGICA,Ativo,Terça,1970-01-01 13:00:00.000,Tarde,Ativo,5
2586,F. A. C. ,GINECOLOGIA (AMBULATÓRIO),RETORNO,GINECOLOGIA - HISTEROSCOPIA CIRÚRGICA,Ativo,Quinta,1970-01-01 07:00:00.000,Manhã,Ativo,6
2586,F. A. C. ,GINECOLOGIA (AMBULATÓRIO),INTERCONSULTA,GINECOLOGIA - HISTEROSCOPIA CIRÚRGICA,Ativo,Quinta,1970-01-01 07:00:00.000,Manhã,Ativo,4
2588,T. M. S. D. L. ,NEFROLOGIA (AMBULATÓRIO),CONSULTA REGULADA,NEFROLOGIA,Ativo,Quarta,1970-01-01 10:00:00.000,Manhã,Ativo,1
2588,T. M. S. D. L. ,NEFROLOGIA (AMBULATÓRIO),RETORNO,NEFROLOGIA,Ativo,Quarta,1970-01-01 07:00:00.000,Manhã,Ativo,8
2588,T. M. S. D. L. ,NEFROLOGIA (AMBULATÓRIO),INTERCONSULTA,NEFROLOGIA,Ativo,Sexta,1970-01-01 13:00:00.000,Tarde,Ativo,1
2588,T. M. S. D. L. ,NEFROLOGIA (AMBULATÓRIO),CONSULTA REGULADA,NEFROLOGIA,Ativo,Sexta,1970-01-01 15:30:00.000,Tarde,Ativo,1
2588,T. M. S. D. L. ,NEFROLOGIA (AMBULATÓRIO),RETORNO,NEFROLOGIA,Ativo,Sexta,1970-01-01 13:00:00.000,Tarde,Ativo,8
2591,T. M. S. D. L. ,NEFROLOGIA (AMBULATÓRIO),CONSULTA REGULADA,NEFROLOGIA - DOENCAS RENAIS RARAS - GENETICAS,Ativo,Quarta,1970-01-01 15:30:00.000,Tarde,Ativo,1
2591,T. M. S. D. L. ,NEFROLOGIA (AMBULATÓRIO),RETORNO,NEFROLOGIA - DOENCAS RENAIS RARAS - GENETICAS,Ativo,Quarta,1970-01-01 13:00:00.000,Tarde,Ativo,9
2592,M. A. D. C. G. ,PEDIATRIA (AMBULATÓRIO),RETORNO,PEDIATRIA - GASTRO,Ativo,Terça,1970-01-01 07:00:00.000,Manhã,Ativo,5
2592,M. A. D. C. G. ,PEDIATRIA (AMBULATÓRIO),RETORNO,PEDIATRIA - GASTRO,Ativo,Quarta,1970-01-01 07:00:00.000,Manhã,Ativo,1
2592,M. A. D. C. G. ,PEDIATRIA (AMBULATÓRIO),CONSULTA REGULADA,PEDIATRIA - GASTRO,Ativo,Quinta,1970-01-01 10:00:00.000,Manhã,Ativo,1
2592,M. A. D. C. G. ,PEDIATRIA (AMBULATÓRIO),RETORNO,PEDIATRIA - GASTRO,Ativo,Quinta,1970-01-01 07:00:00.000,Manhã,Ativo,7
2592,M. A. D. C. G. ,PEDIATRIA (AMBULATÓRIO),RETORNO,PEDIATRIA - GASTRO,Ativo,Sexta,1970-01-01 07:00:00.000,Manhã,Ativo,5
2594,M. A. D. C. G. ,PEDIATRIA (AMBULATÓRIO),CONSULTA REGULADA,PEDIATRIA - DISFAGIA,Inativo,Quarta,1970-01-01 10:00:00.000,Manhã,Inativo,1
2594,M. A. D. C. G. ,PEDIATRIA (AMBULATÓRIO),RETORNO,PEDIATRIA - DISFAGIA,Inativo,Quinta,1970-01-01 07:00:00.000,Manhã,Inativo,5
2594,M. A. D. C. G. ,PEDIATRIA (AMBULATÓRIO),CONSULTA REGULADA,PEDIATRIA - DISFAGIA,Inativo,Quinta,1970-01-01 10:00:00.000,Manhã,Inativo,1
2598,M. D. F. L. C. ,CLÍNICA MÉDICA (AMBULATÓRIO),INTERCONSULTA,CLINICA MEDICA - ENSINO,Ativo,Quinta,1970-01-01 10:00:00.000,Manhã,Ativo,1
2600,C. A. D. A. D. C. A. ,REUMATOLOGIA (AMBULATÓRIO),TELEATENDIMENTO,TELEMEDICINA REUMATOLOGIA,Inativo,Terça,1970-01-01 08:30:00.000,Manhã,Ativo,7
2600,C. A. D. A. D. C. A. ,REUMATOLOGIA (AMBULATÓRIO),TELEATENDIMENTO,TELEMEDICINA REUMATOLOGIA,Inativo,Quarta,1970-01-01 08:30:00.000,Manhã,Ativo,7
2600,C. A. D. A. D. C. A. ,REUMATOLOGIA (AMBULATÓRIO),TELEATENDIMENTO,TELEMEDICINA REUMATOLOGIA,Inativo,Quinta,1970-01-01 13:30:00.000,Tarde,Ativo,8
2600,C. A. D. A. D. C. A. ,REUMATOLOGIA (AMBULATÓRIO),TELEATENDIMENTO,TELEMEDICINA REUMATOLOGIA,Inativo,Quinta,1970-01-01 08:30:00.000,Manhã,Ativo,7
2602,G. S. B. D. S. ,PNEUMOLOGIA (AMBULATÓRIO),PRIMEIRA CONSULTA,PNEUMOLOGIA - TUBERCULOSE (MDR),Ativo,Segunda,1970-01-01 13:00:00.000,Tarde,Ativo,2
2602,G. S. B. D. S. ,PNEUMOLOGIA (AMBULATÓRIO),RETORNO,PNEUMOLOGIA - TUBERCULOSE (MDR),Ativo,Segunda,1970-01-01 13:00:00.000,Tarde,Ativo,8
2602,G. S. B. D. S. ,PNEUMOLOGIA (AMBULATÓRIO),PRIMEIRA CONSULTA,PNEUMOLOGIA - TUBERCULOSE (MDR),Ativo,Terça,1970-01-01 13:00:00.000,Tarde,Ativo,2
2602,G. S. B. D. S. ,PNEUMOLOGIA (AMBULATÓRIO),RETORNO,PNEUMOLOGIA - TUBERCULOSE (MDR),Ativo,Terça,1970-01-01 13:00:00.000,Tarde,Ativo,8
2604,R. D. M. V. ,ENFERMAGEM,TELEATENDIMENTO,TELENFERMAGEM - CINTILOGRAFIA,Ativo,Quinta,1970-01-01 08:00:00.000,Manhã,Ativo,8
2606,V. L. D. M. P. ,ENFERMAGEM,TELEATENDIMENTO,TELENFERMAGEM - CINTILOGRAFIA,Ativo,Quinta,1970-01-01 13:30:00.000,Tarde,Ativo,8
2608,J. C. D. S. C. ,CIRURGIA VASCULAR (AMBULATÓRIO),RETORNO,CIRURGIA VASCULAR - ESCLEROTERAPIA COM ESPUMA,Ativo,Terça,1970-01-01 07:00:00.000,Manhã,Ativo,8
2608,J. C. D. S. C. ,CIRURGIA VASCULAR (AMBULATÓRIO),CONSULTA REGULADA,CIRURGIA VASCULAR - ESCLEROTERAPIA COM ESPUMA,Ativo,Terça,1970-01-01 15:30:00.000,Tarde,Ativo,1
2608,J. C. D. S. C. ,CIRURGIA VASCULAR (AMBULATÓRIO),RETORNO,CIRURGIA VASCULAR - ESCLEROTERAPIA COM ESPUMA,Ativo,Terça,1970-01-01 13:00:00.000,Tarde,Ativo,6
2610,S. C. S. B. ,MEDICINA NUCLEAR (AMBULATORIO),RETORNO,MEDICINA NUCLEAR,Inativo,Segunda,1970-01-01 07:00:00.000,Manhã,Ativo,8
2610,S. C. S. B. ,MEDICINA NUCLEAR (AMBULATORIO),CONSULTA PRIMEIRA VEZ SERVIDOR(A),MEDICINA NUCLEAR,Inativo,Segunda,1970-01-01 07:00:00.000,Manhã,Ativo,8
2610,S. C. S. B. ,MEDICINA NUCLEAR (AMBULATORIO),CONSULTA PRIMEIRA VEZ SERVIDOR(A),MEDICINA NUCLEAR,Inativo,Terça,1970-01-01 07:00:00.000,Manhã,Ativo,8
2610,S. C. S. B. ,MEDICINA NUCLEAR (AMBULATORIO),RETORNO,MEDICINA NUCLEAR,Inativo,Terça,1970-01-01 07:00:00.000,Manhã,Ativo,16
2610,S. C. S. B. ,MEDICINA NUCLEAR (AMBULATORIO),CONSULTA PRIMEIRA VEZ SERVIDOR(A),MEDICINA NUCLEAR,Inativo,Quarta,1970-01-01 07:00:00.000,Manhã,Ativo,8
2610,S. C. S. B. ,MEDICINA NUCLEAR (AMBULATORIO),RETORNO,MEDICINA NUCLEAR,Inativo,Quarta,1970-01-01 07:00:00.000,Manhã,Ativo,16
2610,S. C. S. B. ,MEDICINA NUCLEAR (AMBULATORIO),CONSULTA PRIMEIRA VEZ SERVIDOR(A),MEDICINA NUCLEAR,Inativo,Quinta,1970-01-01 07:00:00.000,Manhã,Ativo,8
2610,S. C. S. B. ,MEDICINA NUCLEAR (AMBULATORIO),RETORNO,MEDICINA NUCLEAR,Inativo,Quinta,1970-01-01 07:00:00.000,Manhã,Ativo,16
2610,S. C. S. B. ,MEDICINA NUCLEAR (AMBULATORIO),RETORNO,MEDICINA NUCLEAR,Inativo,Sexta,1970-01-01 07:00:00.000,Manhã,Ativo,16
2610,S. C. S. B. ,MEDICINA NUCLEAR (AMBULATORIO),CONSULTA PRIMEIRA VEZ SERVIDOR(A),MEDICINA NUCLEAR,Inativo,Sexta,1970-01-01 07:00:00.000,Manhã,Ativo,8
2612,G. G. M. F. ,ANESTESIOLOGIA (AMBULATÓRIO),TELEATENDIMENTO,ANESTESIOLOGIA - TELEMEDICINA,Ativo,Terça,1970-01-01 11:40:00.000,Manhã,Inativo,2
2612,G. G. M. F. ,ANESTESIOLOGIA (AMBULATÓRIO),TELEATENDIMENTO,ANESTESIOLOGIA - TELEMEDICINA,Ativo,Terça,1970-01-01 08:00:00.000,Manhã,Inativo,11
2612,G. G. M. F. ,ANESTESIOLOGIA (AMBULATÓRIO),TELEATENDIMENTO,ANESTESIOLOGIA - TELEMEDICINA,Ativo,Terça,1970-01-01 13:30:00.000,Tarde,Ativo,12
2612,G. G. M. F. ,ANESTESIOLOGIA (AMBULATÓRIO),TELEATENDIMENTO,ANESTESIOLOGIA - TELEMEDICINA,Ativo,Quarta,1970-01-01 13:30:00.000,Tarde,Ativo,12
2612,G. G. M. F. ,ANESTESIOLOGIA (AMBULATÓRIO),TELEATENDIMENTO,ANESTESIOLOGIA - TELEMEDICINA,Ativo,Quinta,1970-01-01 11:40:00.000,Manhã,Inativo,2
2612,G. G. M. F. ,ANESTESIOLOGIA (AMBULATÓRIO),TELEATENDIMENTO,ANESTESIOLOGIA - TELEMEDICINA,Ativo,Quinta,1970-01-01 08:00:00.000,Manhã,Inativo,11
2612,G. G. M. F. ,ANESTESIOLOGIA (AMBULATÓRIO),TELEATENDIMENTO,ANESTESIOLOGIA - TELEMEDICINA,Ativo,Quinta,1970-01-01 13:40:00.000,Tarde,Inativo,8
2612,G. G. M. F. ,ANESTESIOLOGIA (AMBULATÓRIO),TELEATENDIMENTO,ANESTESIOLOGIA - TELEMEDICINA,Ativo,Sexta,1970-01-01 11:40:00.000,Manhã,Inativo,2
2612,G. G. M. F. ,ANESTESIOLOGIA (AMBULATÓRIO),TELEATENDIMENTO,ANESTESIOLOGIA - TELEMEDICINA,Ativo,Sexta,1970-01-01 13:40:00.000,Tarde,Inativo,9
2612,G. G. M. F. ,ANESTESIOLOGIA (AMBULATÓRIO),TELEATENDIMENTO,ANESTESIOLOGIA - TELEMEDICINA,Ativo,Sexta,1970-01-01 08:00:00.000,Manhã,Inativo,11
2614,A. F. D. M. ,ENFERMAGEM,TELEATENDIMENTO,TELENFERMAGEM EM IODOTERAPIA,Ativo,Segunda,1970-01-01 13:30:00.000,Tarde,Ativo,8
2614,A. F. D. M. ,ENFERMAGEM,TELEATENDIMENTO,TELENFERMAGEM EM IODOTERAPIA,Ativo,Terça,1970-01-01 13:30:00.000,Tarde,Ativo,8
2614,A. F. D. M. ,ENFERMAGEM,TELEATENDIMENTO,TELENFERMAGEM EM IODOTERAPIA,Ativo,Quarta,1970-01-01 13:30:00.000,Tarde,Ativo,8
2614,A. F. D. M. ,ENFERMAGEM,TELEATENDIMENTO,TELENFERMAGEM EM IODOTERAPIA,Ativo,Quinta,1970-01-01 13:30:00.000,Tarde,Ativo,8
2614,A. F. D. M. ,ENFERMAGEM,TELEATENDIMENTO,TELENFERMAGEM EM IODOTERAPIA,Ativo,Sexta,1970-01-01 13:30:00.000,Tarde,Ativo,8
2616,G. V. F. ,NEFROLOGIA (AMBULATÓRIO),RETORNO,NEFROLOGIA - PESQUISA,Ativo,Segunda,1970-01-01 08:00:00.000,Manhã,Ativo,1
2616,G. V. F. ,NEFROLOGIA (AMBULATÓRIO),RETORNO,NEFROLOGIA - PESQUISA,Ativo,Terça,1970-01-01 08:00:00.000,Manhã,Ativo,1
2616,G. V. F. ,NEFROLOGIA (AMBULATÓRIO),RETORNO,NEFROLOGIA - PESQUISA,Ativo,Quarta,1970-01-01 08:00:00.000,Manhã,Ativo,1
2616,G. V. F. ,NEFROLOGIA (AMBULATÓRIO),RETORNO,NEFROLOGIA - PESQUISA,Ativo,Quinta,1970-01-01 08:00:00.000,Manhã,Ativo,1
2616,G. V. F. ,NEFROLOGIA (AMBULATÓRIO),RETORNO,NEFROLOGIA - PESQUISA,Ativo,Sexta,1970-01-01 08:00:00.000,Manhã,Ativo,1
2617,C. B. M. F. ,NEFROLOGIA (AMBULATÓRIO),RETORNO,NEFROLOGIA - PESQUISA,Ativo,Segunda,1970-01-01 08:00:00.000,Manhã,Ativo,1
2617,C. B. M. F. ,NEFROLOGIA (AMBULATÓRIO),RETORNO,NEFROLOGIA - PESQUISA,Ativo,Terça,1970-01-01 08:00:00.000,Manhã,Ativo,1
2617,C. B. M. F. ,NEFROLOGIA (AMBULATÓRIO),RETORNO,NEFROLOGIA - PESQUISA,Ativo,Quarta,1970-01-01 08:00:00.000,Manhã,Ativo,1
2617,C. B. M. F. ,NEFROLOGIA (AMBULATÓRIO),RETORNO,NEFROLOGIA - PESQUISA,Ativo,Quinta,1970-01-01 08:00:00.000,Manhã,Ativo,1
2617,C. B. M. F. ,NEFROLOGIA (AMBULATÓRIO),RETORNO,NEFROLOGIA - PESQUISA,Ativo,Sexta,1970-01-01 08:00:00.000,Manhã,Ativo,1
2618,M. C. S. ,NEFROLOGIA (AMBULATÓRIO),RETORNO,NEFROLOGIA - PESQUISA,Ativo,Segunda,1970-01-01 08:00:00.000,Manhã,Ativo,1
2618,M. C. S. ,NEFROLOGIA (AMBULATÓRIO),RETORNO,NEFROLOGIA - PESQUISA,Ativo,Terça,1970-01-01 08:00:00.000,Manhã,Ativo,1
2618,M. C. S. ,NEFROLOGIA (AMBULATÓRIO),RETORNO,NEFROLOGIA - PESQUISA,Ativo,Quarta,1970-01-01 08:00:00.000,Manhã,Ativo,1
2618,M. C. S. ,NEFROLOGIA (AMBULATÓRIO),RETORNO,NEFROLOGIA - PESQUISA,Ativo,Quinta,1970-01-01 08:00:00.000,Manhã,Ativo,1
2618,M. C. S. ,NEFROLOGIA (AMBULATÓRIO),RETORNO,NEFROLOGIA - PESQUISA,Ativo,Sexta,1970-01-01 08:00:00.000,Manhã,Ativo,1
2620,K. F. F. ,NUCLEO DE ATENCAO A SAUDE DO ESTUDANTE,PRIMEIRA CONSULTA,PSIQUIATRIA - NASE,Ativo,Segunda,1970-01-01 17:00:00.000,Tarde,Ativo,1
2620,K. F. F. ,NUCLEO DE ATENCAO A SAUDE DO ESTUDANTE,INTERCONSULTA,PSIQUIATRIA - NASE,Ativo,Segunda,1970-01-01 12:00:00.000,Tarde,Ativo,1
2620,K. F. F. ,NUCLEO DE ATENCAO A SAUDE DO ESTUDANTE,PRIMEIRA CONSULTA,PSIQUIATRIA - NASE,Ativo,Segunda,1970-01-01 11:00:00.000,Manhã,Ativo,1
2620,K. F. F. ,NUCLEO DE ATENCAO A SAUDE DO ESTUDANTE,INTERCONSULTA,PSIQUIATRIA - NASE,Ativo,Segunda,1970-01-01 18:00:00.000,Noite,Ativo,1
2620,K. F. F. ,NUCLEO DE ATENCAO A SAUDE DO ESTUDANTE,RETORNO,PSIQUIATRIA - NASE,Ativo,Segunda,1970-01-01 13:00:00.000,Tarde,Ativo,4
2620,K. F. F. ,NUCLEO DE ATENCAO A SAUDE DO ESTUDANTE,RETORNO,PSIQUIATRIA - NASE,Ativo,Segunda,1970-01-01 07:00:00.000,Manhã,Ativo,4
2620,K. F. F. ,NUCLEO DE ATENCAO A SAUDE DO ESTUDANTE,PRIMEIRA CONSULTA,PSIQUIATRIA - NASE,Ativo,Quarta,1970-01-01 17:00:00.000,Tarde,Ativo,1
2620,K. F. F. ,NUCLEO DE ATENCAO A SAUDE DO ESTUDANTE,INTERCONSULTA,PSIQUIATRIA - NASE,Ativo,Quarta,1970-01-01 18:00:00.000,Noite,Ativo,1
2620,K. F. F. ,NUCLEO DE ATENCAO A SAUDE DO ESTUDANTE,RETORNO,PSIQUIATRIA - NASE,Ativo,Quarta,1970-01-01 13:00:00.000,Tarde,Ativo,4
2620,K. F. F. ,NUCLEO DE ATENCAO A SAUDE DO ESTUDANTE,RETORNO,PSIQUIATRIA - NASE,Ativo,Quinta,1970-01-01 13:00:00.000,Tarde,Ativo,4
2620,K. F. F. ,NUCLEO DE ATENCAO A SAUDE DO ESTUDANTE,PRIMEIRA CONSULTA,PSIQUIATRIA - NASE,Ativo,Quinta,1970-01-01 17:00:00.000,Tarde,Ativo,1
2620,K. F. F. ,NUCLEO DE ATENCAO A SAUDE DO ESTUDANTE,INTERCONSULTA,PSIQUIATRIA - NASE,Ativo,Quinta,1970-01-01 18:00:00.000,Noite,Ativo,1
2622,M. M. B. D. O. ,NUCLEO DE ATENCAO A SAUDE DO ESTUDANTE,PRIMEIRA CONSULTA,PSIQUIATRIA - NASE,Ativo,Terça,1970-01-01 11:00:00.000,Manhã,Ativo,1
2622,M. M. B. D. O. ,NUCLEO DE ATENCAO A SAUDE DO ESTUDANTE,INTERCONSULTA,PSIQUIATRIA - NASE,Ativo,Terça,1970-01-01 12:00:00.000,Tarde,Ativo,1
2622,M. M. B. D. O. ,NUCLEO DE ATENCAO A SAUDE DO ESTUDANTE,RETORNO,PSIQUIATRIA - NASE,Ativo,Terça,1970-01-01 07:00:00.000,Manhã,Ativo,4
2622,M. M. B. D. O. ,NUCLEO DE ATENCAO A SAUDE DO ESTUDANTE,RETORNO,PSIQUIATRIA - NASE,Ativo,Quinta,1970-01-01 07:00:00.000,Manhã,Ativo,4
2622,M. M. B. D. O. ,NUCLEO DE ATENCAO A SAUDE DO ESTUDANTE,INTERCONSULTA,PSIQUIATRIA - NASE,Ativo,Quinta,1970-01-01 12:00:00.000,Tarde,Ativo,1
2622,M. M. B. D. O. ,NUCLEO DE ATENCAO A SAUDE DO ESTUDANTE,PRIMEIRA CONSULTA,PSIQUIATRIA - NASE,Ativo,Quinta,1970-01-01 11:00:00.000,Manhã,Ativo,1
2622,M. M. B. D. O. ,NUCLEO DE ATENCAO A SAUDE DO ESTUDANTE,RETORNO,PSIQUIATRIA - NASE,Ativo,Sexta,1970-01-01 07:00:00.000,Manhã,Ativo,4
2622,M. M. B. D. O. ,NUCLEO DE ATENCAO A SAUDE DO ESTUDANTE,PRIMEIRA CONSULTA,PSIQUIATRIA - NASE,Ativo,Sexta,1970-01-01 17:00:00.000,Tarde,Ativo,1
2622,M. M. B. D. O. ,NUCLEO DE ATENCAO A SAUDE DO ESTUDANTE,RETORNO,PSIQUIATRIA - NASE,Ativo,Sexta,1970-01-01 13:00:00.000,Tarde,Ativo,4
2622,M. M. B. D. O. ,NUCLEO DE ATENCAO A SAUDE DO ESTUDANTE,PRIMEIRA CONSULTA,PSIQUIATRIA - NASE,Ativo,Sexta,1970-01-01 11:00:00.000,Manhã,Ativo,1
2622,M. M. B. D. O. ,NUCLEO DE ATENCAO A SAUDE DO ESTUDANTE,INTERCONSULTA,PSIQUIATRIA - NASE,Ativo,Sexta,1970-01-01 18:00:00.000,Noite,Ativo,1
2622,M. M. B. D. O. ,NUCLEO DE ATENCAO A SAUDE DO ESTUDANTE,INTERCONSULTA,PSIQUIATRIA - NASE,Ativo,Sexta,1970-01-01 12:00:00.000,Tarde,Ativo,1
2623,P. M. D. A. C. F. ,NUCLEO DE ATENCAO A SAUDE DO ESTUDANTE,PRIMEIRA CONSULTA,ENFERMAGEM - NASE,Ativo,Segunda,1970-01-01 17:00:00.000,Tarde,Ativo,1
2623,P. M. D. A. C. F. ,NUCLEO DE ATENCAO A SAUDE DO ESTUDANTE,INTERCONSULTA,ENFERMAGEM - NASE,Ativo,Segunda,1970-01-01 18:00:00.000,Noite,Ativo,1
2623,P. M. D. A. C. F. ,NUCLEO DE ATENCAO A SAUDE DO ESTUDANTE,RETORNO,ENFERMAGEM - NASE,Ativo,Segunda,1970-01-01 13:00:00.000,Tarde,Ativo,4
2623,P. M. D. A. C. F. ,NUCLEO DE ATENCAO A SAUDE DO ESTUDANTE,RETORNO,ENFERMAGEM - NASE,Ativo,Terça,1970-01-01 13:00:00.000,Tarde,Ativo,4
2623,P. M. D. A. C. F. ,NUCLEO DE ATENCAO A SAUDE DO ESTUDANTE,PRIMEIRA CONSULTA,ENFERMAGEM - NASE,Ativo,Terça,1970-01-01 17:00:00.000,Tarde,Ativo,1
2623,P. M. D. A. C. F. ,NUCLEO DE ATENCAO A SAUDE DO ESTUDANTE,INTERCONSULTA,ENFERMAGEM - NASE,Ativo,Terça,1970-01-01 18:00:00.000,Noite,Ativo,1
2623,P. M. D. A. C. F. ,NUCLEO DE ATENCAO A SAUDE DO ESTUDANTE,PRIMEIRA CONSULTA,ENFERMAGEM - NASE,Ativo,Quarta,1970-01-01 17:00:00.000,Tarde,Ativo,1
2623,P. M. D. A. C. F. ,NUCLEO DE ATENCAO A SAUDE DO ESTUDANTE,INTERCONSULTA,ENFERMAGEM - NASE,Ativo,Quarta,1970-01-01 18:00:00.000,Noite,Ativo,1
2623,P. M. D. A. C. F. ,NUCLEO DE ATENCAO A SAUDE DO ESTUDANTE,RETORNO,ENFERMAGEM - NASE,Ativo,Quarta,1970-01-01 13:00:00.000,Tarde,Ativo,4
2623,P. M. D. A. C. F. ,NUCLEO DE ATENCAO A SAUDE DO ESTUDANTE,RETORNO,ENFERMAGEM - NASE,Ativo,Quinta,1970-01-01 13:00:00.000,Tarde,Ativo,4
2623,P. M. D. A. C. F. ,NUCLEO DE ATENCAO A SAUDE DO ESTUDANTE,INTERCONSULTA,ENFERMAGEM - NASE,Ativo,Quinta,1970-01-01 18:00:00.000,Noite,Ativo,1
2623,P. M. D. A. C. F. ,NUCLEO DE ATENCAO A SAUDE DO ESTUDANTE,PRIMEIRA CONSULTA,ENFERMAGEM - NASE,Ativo,Quinta,1970-01-01 17:00:00.000,Tarde,Ativo,1
2623,P. M. D. A. C. F. ,NUCLEO DE ATENCAO A SAUDE DO ESTUDANTE,INTERCONSULTA,ENFERMAGEM - NASE,Ativo,Sexta,1970-01-01 18:00:00.000,Noite,Ativo,1
2623,P. M. D. A. C. F. ,NUCLEO DE ATENCAO A SAUDE DO ESTUDANTE,RETORNO,ENFERMAGEM - NASE,Ativo,Sexta,1970-01-01 13:00:00.000,Tarde,Ativo,4
2623,P. M. D. A. C. F. ,NUCLEO DE ATENCAO A SAUDE DO ESTUDANTE,PRIMEIRA CONSULTA,ENFERMAGEM - NASE,Ativo,Sexta,1970-01-01 17:00:00.000,Tarde,Ativo,1
2624,N. P. A. ,NUCLEO DE ATENCAO A SAUDE DO ESTUDANTE,INTERCONSULTA,DERMATOLOGIA - NASE,Ativo,Quarta,1970-01-01 18:00:00.000,Noite,Ativo,1
2624,N. P. A. ,NUCLEO DE ATENCAO A SAUDE DO ESTUDANTE,RETORNO,DERMATOLOGIA - NASE,Ativo,Quarta,1970-01-01 07:00:00.000,Manhã,Ativo,4
2624,N. P. A. ,NUCLEO DE ATENCAO A SAUDE DO ESTUDANTE,PRIMEIRA CONSULTA,DERMATOLOGIA - NASE,Ativo,Quarta,1970-01-01 17:00:00.000,Tarde,Ativo,1
2624,N. P. A. ,NUCLEO DE ATENCAO A SAUDE DO ESTUDANTE,PRIMEIRA CONSULTA,DERMATOLOGIA - NASE,Ativo,Quarta,1970-01-01 11:00:00.000,Manhã,Ativo,1
2624,N. P. A. ,NUCLEO DE ATENCAO A SAUDE DO ESTUDANTE,INTERCONSULTA,DERMATOLOGIA - NASE,Ativo,Quarta,1970-01-01 12:00:00.000,Tarde,Ativo,1
2624,N. P. A. ,NUCLEO DE ATENCAO A SAUDE DO ESTUDANTE,RETORNO,DERMATOLOGIA - NASE,Ativo,Quarta,1970-01-01 13:00:00.000,Tarde,Ativo,4
2624,N. P. A. ,NUCLEO DE ATENCAO A SAUDE DO ESTUDANTE,PRIMEIRA CONSULTA,DERMATOLOGIA - NASE,Ativo,Quinta,1970-01-01 11:00:00.000,Manhã,Ativo,1
2624,N. P. A. ,NUCLEO DE ATENCAO A SAUDE DO ESTUDANTE,INTERCONSULTA,DERMATOLOGIA - NASE,Ativo,Quinta,1970-01-01 18:00:00.000,Noite,Ativo,1
2624,N. P. A. ,NUCLEO DE ATENCAO A SAUDE DO ESTUDANTE,RETORNO,DERMATOLOGIA - NASE,Ativo,Quinta,1970-01-01 07:00:00.000,Manhã,Ativo,4
2624,N. P. A. ,NUCLEO DE ATENCAO A SAUDE DO ESTUDANTE,INTERCONSULTA,DERMATOLOGIA - NASE,Ativo,Quinta,1970-01-01 12:00:00.000,Tarde,Ativo,1
2624,N. P. A. ,NUCLEO DE ATENCAO A SAUDE DO ESTUDANTE,PRIMEIRA CONSULTA,DERMATOLOGIA - NASE,Ativo,Quinta,1970-01-01 17:00:00.000,Tarde,Ativo,1
2624,N. P. A. ,NUCLEO DE ATENCAO A SAUDE DO ESTUDANTE,RETORNO,DERMATOLOGIA - NASE,Ativo,Quinta,1970-01-01 13:00:00.000,Tarde,Ativo,4
2626,M. A. F. ,NUCLEO DE ATENCAO A SAUDE DO ESTUDANTE,RETORNO,PSICOLOGIA - NASE,Ativo,Segunda,1970-01-01 13:00:00.000,Tarde,Ativo,4
2626,M. A. F. ,NUCLEO DE ATENCAO A SAUDE DO ESTUDANTE,INTERCONSULTA,PSICOLOGIA - NASE,Ativo,Segunda,1970-01-01 18:00:00.000,Noite,Ativo,1
2626,M. A. F. ,NUCLEO DE ATENCAO A SAUDE DO ESTUDANTE,PRIMEIRA CONSULTA,PSICOLOGIA - NASE,Ativo,Segunda,1970-01-01 17:00:00.000,Tarde,Ativo,1
2626,M. A. F. ,NUCLEO DE ATENCAO A SAUDE DO ESTUDANTE,INTERCONSULTA,PSICOLOGIA - NASE,Ativo,Terça,1970-01-01 18:00:00.000,Noite,Ativo,1
2626,M. A. F. ,NUCLEO DE ATENCAO A SAUDE DO ESTUDANTE,RETORNO,PSICOLOGIA - NASE,Ativo,Terça,1970-01-01 13:00:00.000,Tarde,Ativo,4
2626,M. A. F. ,NUCLEO DE ATENCAO A SAUDE DO ESTUDANTE,PRIMEIRA CONSULTA,PSICOLOGIA - NASE,Ativo,Terça,1970-01-01 17:00:00.000,Tarde,Ativo,1
2626,M. A. F. ,NUCLEO DE ATENCAO A SAUDE DO ESTUDANTE,RETORNO,PSICOLOGIA - NASE,Ativo,Quarta,1970-01-01 13:00:00.000,Tarde,Ativo,4
2626,M. A. F. ,NUCLEO DE ATENCAO A SAUDE DO ESTUDANTE,INTERCONSULTA,PSICOLOGIA - NASE,Ativo,Quarta,1970-01-01 18:00:00.000,Noite,Ativo,1
2626,M. A. F. ,NUCLEO DE ATENCAO A SAUDE DO ESTUDANTE,PRIMEIRA CONSULTA,PSICOLOGIA - NASE,Ativo,Quarta,1970-01-01 17:00:00.000,Tarde,Ativo,1
2626,M. A. F. ,NUCLEO DE ATENCAO A SAUDE DO ESTUDANTE,PRIMEIRA CONSULTA,PSICOLOGIA - NASE,Ativo,Quinta,1970-01-01 17:00:00.000,Tarde,Ativo,1
2626,M. A. F. ,NUCLEO DE ATENCAO A SAUDE DO ESTUDANTE,INTERCONSULTA,PSICOLOGIA - NASE,Ativo,Quinta,1970-01-01 18:00:00.000,Noite,Ativo,1
2626,M. A. F. ,NUCLEO DE ATENCAO A SAUDE DO ESTUDANTE,RETORNO,PSICOLOGIA - NASE,Ativo,Quinta,1970-01-01 13:00:00.000,Tarde,Ativo,4
2626,M. A. F. ,NUCLEO DE ATENCAO A SAUDE DO ESTUDANTE,PRIMEIRA CONSULTA,PSICOLOGIA - NASE,Ativo,Sexta,1970-01-01 17:00:00.000,Tarde,Ativo,1
2626,M. A. F. ,NUCLEO DE ATENCAO A SAUDE DO ESTUDANTE,RETORNO,PSICOLOGIA - NASE,Ativo,Sexta,1970-01-01 13:00:00.000,Tarde,Ativo,4
2626,M. A. F. ,NUCLEO DE ATENCAO A SAUDE DO ESTUDANTE,INTERCONSULTA,PSICOLOGIA - NASE,Ativo,Sexta,1970-01-01 18:00:00.000,Noite,Ativo,1
2628,V. L. D. M. P. ,CARDIOLOGIA (AMBULATÓRIO),RETORNO,ENFERMAGEM - CARDIOLOGIA,Ativo,Segunda,1970-01-01 07:00:00.000,Manhã,Ativo,1
2628,V. L. D. M. P. ,CARDIOLOGIA (AMBULATÓRIO),RETORNO,ENFERMAGEM - CARDIOLOGIA,Ativo,Segunda,1970-01-01 13:00:00.000,Tarde,Ativo,1
2628,V. L. D. M. P. ,CARDIOLOGIA (AMBULATÓRIO),RETORNO,ENFERMAGEM - CARDIOLOGIA,Ativo,Terça,1970-01-01 13:00:00.000,Tarde,Ativo,1
2628,V. L. D. M. P. ,CARDIOLOGIA (AMBULATÓRIO),RETORNO,ENFERMAGEM - CARDIOLOGIA,Ativo,Terça,1970-01-01 07:00:00.000,Manhã,Ativo,1
2628,V. L. D. M. P. ,CARDIOLOGIA (AMBULATÓRIO),RETORNO,ENFERMAGEM - CARDIOLOGIA,Ativo,Quarta,1970-01-01 13:00:00.000,Tarde,Ativo,1
2628,V. L. D. M. P. ,CARDIOLOGIA (AMBULATÓRIO),RETORNO,ENFERMAGEM - CARDIOLOGIA,Ativo,Quarta,1970-01-01 07:00:00.000,Manhã,Ativo,1
2628,V. L. D. M. P. ,CARDIOLOGIA (AMBULATÓRIO),RETORNO,ENFERMAGEM - CARDIOLOGIA,Ativo,Quinta,1970-01-01 07:00:00.000,Manhã,Ativo,1
2628,V. L. D. M. P. ,CARDIOLOGIA (AMBULATÓRIO),RETORNO,ENFERMAGEM - CARDIOLOGIA,Ativo,Quinta,1970-01-01 13:00:00.000,Tarde,Ativo,1
2628,V. L. D. M. P. ,CARDIOLOGIA (AMBULATÓRIO),RETORNO,ENFERMAGEM - CARDIOLOGIA,Ativo,Sexta,1970-01-01 07:00:00.000,Manhã,Ativo,1
2628,V. L. D. M. P. ,CARDIOLOGIA (AMBULATÓRIO),RETORNO,ENFERMAGEM - CARDIOLOGIA,Ativo,Sexta,1970-01-01 13:00:00.000,Tarde,Ativo,1
2630,R. D. M. V. ,CARDIOLOGIA (AMBULATÓRIO),RETORNO,ENFERMAGEM - CARDIOLOGIA,Ativo,Segunda,1970-01-01 13:00:00.000,Tarde,Ativo,1
2630,R. D. M. V. ,CARDIOLOGIA (AMBULATÓRIO),RETORNO,ENFERMAGEM - CARDIOLOGIA,Ativo,Segunda,1970-01-01 07:00:00.000,Manhã,Ativo,1
2630,R. D. M. V. ,CARDIOLOGIA (AMBULATÓRIO),RETORNO,ENFERMAGEM - CARDIOLOGIA,Ativo,Terça,1970-01-01 07:00:00.000,Manhã,Ativo,1
2630,R. D. M. V. ,CARDIOLOGIA (AMBULATÓRIO),RETORNO,ENFERMAGEM - CARDIOLOGIA,Ativo,Terça,1970-01-01 13:00:00.000,Tarde,Ativo,1
2630,R. D. M. V. ,CARDIOLOGIA (AMBULATÓRIO),RETORNO,ENFERMAGEM - CARDIOLOGIA,Ativo,Quarta,1970-01-01 07:00:00.000,Manhã,Ativo,1
2630,R. D. M. V. ,CARDIOLOGIA (AMBULATÓRIO),RETORNO,ENFERMAGEM - CARDIOLOGIA,Ativo,Quarta,1970-01-01 13:00:00.000,Tarde,Ativo,1
2630,R. D. M. V. ,CARDIOLOGIA (AMBULATÓRIO),RETORNO,ENFERMAGEM - CARDIOLOGIA,Ativo,Quinta,1970-01-01 07:00:00.000,Manhã,Ativo,1
2630,R. D. M. V. ,CARDIOLOGIA (AMBULATÓRIO),RETORNO,ENFERMAGEM - CARDIOLOGIA,Ativo,Quinta,1970-01-01 13:00:00.000,Tarde,Ativo,1
2630,R. D. M. V. ,CARDIOLOGIA (AMBULATÓRIO),RETORNO,ENFERMAGEM - CARDIOLOGIA,Ativo,Sexta,1970-01-01 07:00:00.000,Manhã,Ativo,1
2630,R. D. M. V. ,CARDIOLOGIA (AMBULATÓRIO),RETORNO,ENFERMAGEM - CARDIOLOGIA,Ativo,Sexta,1970-01-01 13:00:00.000,Tarde,Ativo,1
2632,M. L. D. M. ,PSIQUIATRIA (AMBULATÓRIO),RETORNO,PSIQUIATRIA - EGRESSO ENFERMARIA,Ativo,Segunda,1970-01-01 07:00:00.000,Manhã,Ativo,5
2634,M. L. D. M. ,PSIQUIATRIA (AMBULATÓRIO),RETORNO,PSIQUIATRIA - SEXUALIDADE E PSIQ PERINATAL,Ativo,Sexta,1970-01-01 07:00:00.000,Manhã,Ativo,5
2636,I. D. F. P. D. A. ,PSIQUIATRIA (AMBULATÓRIO),RETORNO,PSIQUIATRIA - TRANSTORNO BIPOLAR,Inativo,Quinta,1970-01-01 13:00:00.000,Tarde,Inativo,5
2638,L. C. N. ,NUCLEO DE ATENCAO A SAUDE DO ESTUDANTE,PRIMEIRA CONSULTA,GINECOLOGIA - NASE,Ativo,Segunda,1970-01-01 11:00:00.000,Manhã,Ativo,1
2638,L. C. N. ,NUCLEO DE ATENCAO A SAUDE DO ESTUDANTE,RETORNO,GINECOLOGIA - NASE,Ativo,Segunda,1970-01-01 07:00:00.000,Manhã,Ativo,4
2638,L. C. N. ,NUCLEO DE ATENCAO A SAUDE DO ESTUDANTE,INTERCONSULTA,GINECOLOGIA - NASE,Ativo,Segunda,1970-01-01 12:00:00.000,Tarde,Ativo,1
2638,L. C. N. ,NUCLEO DE ATENCAO A SAUDE DO ESTUDANTE,PRIMEIRA CONSULTA,GINECOLOGIA - NASE,Ativo,Quarta,1970-01-01 11:00:00.000,Manhã,Ativo,1
2638,L. C. N. ,NUCLEO DE ATENCAO A SAUDE DO ESTUDANTE,INTERCONSULTA,GINECOLOGIA - NASE,Ativo,Quarta,1970-01-01 12:00:00.000,Tarde,Ativo,1
2638,L. C. N. ,NUCLEO DE ATENCAO A SAUDE DO ESTUDANTE,PRIMEIRA CONSULTA,GINECOLOGIA - NASE,Ativo,Quarta,1970-01-01 17:00:00.000,Tarde,Ativo,1
2638,L. C. N. ,NUCLEO DE ATENCAO A SAUDE DO ESTUDANTE,RETORNO,GINECOLOGIA - NASE,Ativo,Quarta,1970-01-01 07:00:00.000,Manhã,Ativo,4
2638,L. C. N. ,NUCLEO DE ATENCAO A SAUDE DO ESTUDANTE,RETORNO,GINECOLOGIA - NASE,Ativo,Quarta,1970-01-01 13:00:00.000,Tarde,Ativo,4
2638,L. C. N. ,NUCLEO DE ATENCAO A SAUDE DO ESTUDANTE,INTERCONSULTA,GINECOLOGIA - NASE,Ativo,Quarta,1970-01-01 18:00:00.000,Noite,Ativo,1
2638,L. C. N. ,NUCLEO DE ATENCAO A SAUDE DO ESTUDANTE,RETORNO,GINECOLOGIA - NASE,Ativo,Sexta,1970-01-01 07:00:00.000,Manhã,Ativo,4
2638,L. C. N. ,NUCLEO DE ATENCAO A SAUDE DO ESTUDANTE,PRIMEIRA CONSULTA,GINECOLOGIA - NASE,Ativo,Sexta,1970-01-01 11:00:00.000,Manhã,Ativo,1
2638,L. C. N. ,NUCLEO DE ATENCAO A SAUDE DO ESTUDANTE,INTERCONSULTA,GINECOLOGIA - NASE,Ativo,Sexta,1970-01-01 12:00:00.000,Tarde,Ativo,1
2642,M. F. P. ,ANESTESIOLOGIA (AMBULATÓRIO),TELEATENDIMENTO,ANESTESIOLOGIA - TELEMEDICINA,Ativo,Segunda,1970-01-01 13:40:00.000,Tarde,Ativo,12
2642,M. F. P. ,ANESTESIOLOGIA (AMBULATÓRIO),TELEATENDIMENTO,ANESTESIOLOGIA - TELEMEDICINA,Ativo,Segunda,1970-01-01 08:00:00.000,Manhã,Ativo,11
2642,M. F. P. ,ANESTESIOLOGIA (AMBULATÓRIO),TELEATENDIMENTO,ANESTESIOLOGIA - TELEMEDICINA,Ativo,Quarta,1970-01-01 08:00:00.000,Manhã,Ativo,11
2642,M. F. P. ,ANESTESIOLOGIA (AMBULATÓRIO),TELEATENDIMENTO,ANESTESIOLOGIA - TELEMEDICINA,Ativo,Quarta,1970-01-01 13:40:00.000,Tarde,Ativo,12
2642,M. F. P. ,ANESTESIOLOGIA (AMBULATÓRIO),TELEATENDIMENTO,ANESTESIOLOGIA - TELEMEDICINA,Ativo,Quinta,1970-01-01 13:40:00.000,Tarde,Ativo,12
2642,M. F. P. ,ANESTESIOLOGIA (AMBULATÓRIO),TELEATENDIMENTO,ANESTESIOLOGIA - TELEMEDICINA,Ativo,Quinta,1970-01-01 08:00:00.000,Manhã,Ativo,11
2642,M. F. P. ,ANESTESIOLOGIA (AMBULATÓRIO),TELEATENDIMENTO,ANESTESIOLOGIA - TELEMEDICINA,Ativo,Sexta,1970-01-01 08:00:00.000,Manhã,Ativo,11
2642,M. F. P. ,ANESTESIOLOGIA (AMBULATÓRIO),TELEATENDIMENTO,ANESTESIOLOGIA - TELEMEDICINA,Ativo,Sexta,1970-01-01 13:40:00.000,Tarde,Ativo,12
2644,A. L. M. ,CIRURGIA VASCULAR (AMBULATÓRIO),INTERCONSULTA,CIRURGIA VASCULAR - FAV,Ativo,Segunda,1970-01-01 13:00:00.000,Tarde,Ativo,2
2646,P. M. R. B. ,PSIQUIATRIA (AMBULATÓRIO),RETORNO,ENFERMAGEM - PSIQUIATRIA - ADM DE MEDICAMENTO,Inativo,Segunda,1970-01-01 07:00:00.000,Manhã,Ativo,10
2646,P. M. R. B. ,PSIQUIATRIA (AMBULATÓRIO),RETORNO,ENFERMAGEM - PSIQUIATRIA - ADM DE MEDICAMENTO,Inativo,Segunda,1970-01-01 13:00:00.000,Tarde,Ativo,10
2646,P. M. R. B. ,PSIQUIATRIA (AMBULATÓRIO),RETORNO,ENFERMAGEM - PSIQUIATRIA - ADM DE MEDICAMENTO,Inativo,Terça,1970-01-01 13:00:00.000,Tarde,Ativo,10
2646,P. M. R. B. ,PSIQUIATRIA (AMBULATÓRIO),RETORNO,ENFERMAGEM - PSIQUIATRIA - ADM DE MEDICAMENTO,Inativo,Terça,1970-01-01 07:00:00.000,Manhã,Ativo,10
2646,P. M. R. B. ,PSIQUIATRIA (AMBULATÓRIO),RETORNO,ENFERMAGEM - PSIQUIATRIA - ADM DE MEDICAMENTO,Inativo,Quarta,1970-01-01 07:00:00.000,Manhã,Ativo,10
2646,P. M. R. B. ,PSIQUIATRIA (AMBULATÓRIO),RETORNO,ENFERMAGEM - PSIQUIATRIA - ADM DE MEDICAMENTO,Inativo,Quarta,1970-01-01 13:00:00.000,Tarde,Ativo,10
2646,P. M. R. B. ,PSIQUIATRIA (AMBULATÓRIO),RETORNO,ENFERMAGEM - PSIQUIATRIA - ADM DE MEDICAMENTO,Inativo,Quinta,1970-01-01 13:00:00.000,Tarde,Ativo,10
2646,P. M. R. B. ,PSIQUIATRIA (AMBULATÓRIO),RETORNO,ENFERMAGEM - PSIQUIATRIA - ADM DE MEDICAMENTO,Inativo,Quinta,1970-01-01 07:00:00.000,Manhã,Ativo,10
2646,P. M. R. B. ,PSIQUIATRIA (AMBULATÓRIO),RETORNO,ENFERMAGEM - PSIQUIATRIA - ADM DE MEDICAMENTO,Inativo,Sexta,1970-01-01 07:00:00.000,Manhã,Ativo,10
2646,P. M. R. B. ,PSIQUIATRIA (AMBULATÓRIO),RETORNO,ENFERMAGEM - PSIQUIATRIA - ADM DE MEDICAMENTO,Inativo,Sexta,1970-01-01 13:00:00.000,Tarde,Ativo,10
2648,J. F. C. ,PUERICULTURA (AMBULATÓRIO),RETORNO,ENFERMAGEM - PUERICULTURA,Inativo,Segunda,1970-01-01 07:00:00.000,Manhã,Ativo,5
2648,J. F. C. ,PUERICULTURA (AMBULATÓRIO),RETORNO,ENFERMAGEM - PUERICULTURA,Inativo,Terça,1970-01-01 13:00:00.000,Tarde,Ativo,4
2648,J. F. C. ,PUERICULTURA (AMBULATÓRIO),RETORNO,ENFERMAGEM - PUERICULTURA,Inativo,Quarta,1970-01-01 07:00:00.000,Manhã,Ativo,5
2648,J. F. C. ,PUERICULTURA (AMBULATÓRIO),RETORNO,ENFERMAGEM - PUERICULTURA,Inativo,Quinta,1970-01-01 13:00:00.000,Tarde,Ativo,4
2648,J. F. C. ,PUERICULTURA (AMBULATÓRIO),RETORNO,ENFERMAGEM - PUERICULTURA,Inativo,Sexta,1970-01-01 07:00:00.000,Manhã,Ativo,5
2650,V. L. S. D. M. ,DERMATOLOGIA (AMBULATÓRIO),RETORNO,DERMATOLOGIA - DERMATITE ATOPICA,Ativo,Sexta,1970-01-01 07:00:00.000,Manhã,Ativo,4
2652,V. L. S. D. M. ,DERMATOLOGIA (AMBULATÓRIO),RETORNO,DERMATOLOGIA PEDIATRICA,Ativo,Sexta,1970-01-01 07:00:00.000,Manhã,Ativo,4
2654,I. C. F. D. O. ,DERMATOLOGIA (AMBULATÓRIO),RETORNO,DERMATOLOGIA - LEISHMANIOSE,Ativo,Quinta,1970-01-01 07:00:00.000,Manhã,Ativo,2
2656,C. E. F. S. ,DERMATOLOGIA (AMBULATÓRIO),RETORNO,DERMATOLOGIA - MICOSES TROPICAIS,Ativo,Quinta,1970-01-01 07:00:00.000,Manhã,Ativo,12
2660,D. V. D. M. ,ENFERMAGEM,REGISTRO EM PRONTUARIO,ENFERMAGEM - LISTA CIRURGICA,Ativo,Segunda,1970-01-01 07:00:00.000,Manhã,Ativo,2
2660,D. V. D. M. ,ENFERMAGEM,RETORNO,ENFERMAGEM - LISTA CIRURGICA,Ativo,Segunda,1970-01-01 07:00:00.000,Manhã,Ativo,1
2660,D. V. D. M. ,ENFERMAGEM,RETORNO,ENFERMAGEM - LISTA CIRURGICA,Ativo,Terça,1970-01-01 07:00:00.000,Manhã,Ativo,1
2660,D. V. D. M. ,ENFERMAGEM,REGISTRO EM PRONTUARIO,ENFERMAGEM - LISTA CIRURGICA,Ativo,Terça,1970-01-01 07:00:00.000,Manhã,Ativo,2
2660,D. V. D. M. ,ENFERMAGEM,REGISTRO EM PRONTUARIO,ENFERMAGEM - LISTA CIRURGICA,Ativo,Quarta,1970-01-01 07:00:00.000,Manhã,Ativo,2
2660,D. V. D. M. ,ENFERMAGEM,RETORNO,ENFERMAGEM - LISTA CIRURGICA,Ativo,Quarta,1970-01-01 07:00:00.000,Manhã,Ativo,1
2660,D. V. D. M. ,ENFERMAGEM,RETORNO,ENFERMAGEM - LISTA CIRURGICA,Ativo,Quinta,1970-01-01 07:00:00.000,Manhã,Ativo,1
2660,D. V. D. M. ,ENFERMAGEM,REGISTRO EM PRONTUARIO,ENFERMAGEM - LISTA CIRURGICA,Ativo,Quinta,1970-01-01 07:00:00.000,Manhã,Ativo,2
2660,D. V. D. M. ,ENFERMAGEM,REGISTRO EM PRONTUARIO,ENFERMAGEM - LISTA CIRURGICA,Ativo,Sexta,1970-01-01 07:00:00.000,Manhã,Ativo,2
2660,D. V. D. M. ,ENFERMAGEM,RETORNO,ENFERMAGEM - LISTA CIRURGICA,Ativo,Sexta,1970-01-01 07:00:00.000,Manhã,Ativo,1
2662,P. R. D. C. S. ,ENFERMAGEM,REGISTRO EM PRONTUARIO,ENFERMAGEM - LISTA CIRURGICA,Ativo,Segunda,1970-01-01 07:00:00.000,Manhã,Ativo,2
2662,P. R. D. C. S. ,ENFERMAGEM,REGISTRO EM PRONTUARIO,ENFERMAGEM - LISTA CIRURGICA,Ativo,Terça,1970-01-01 07:00:00.000,Manhã,Ativo,2
2662,P. R. D. C. S. ,ENFERMAGEM,REGISTRO EM PRONTUARIO,ENFERMAGEM - LISTA CIRURGICA,Ativo,Quarta,1970-01-01 07:00:00.000,Manhã,Ativo,2
2662,P. R. D. C. S. ,ENFERMAGEM,REGISTRO EM PRONTUARIO,ENFERMAGEM - LISTA CIRURGICA,Ativo,Quinta,1970-01-01 07:00:00.000,Manhã,Ativo,2
2662,P. R. D. C. S. ,ENFERMAGEM,REGISTRO EM PRONTUARIO,ENFERMAGEM - LISTA CIRURGICA,Ativo,Sexta,1970-01-01 07:00:00.000,Manhã,Ativo,2
2664,E. D. S. F. ,NUTRIÇÃO,TELEATENDIMENTO,TELENUTRICAO - CIRURGIA BARIATRICA,Inativo,Terça,1970-01-01 14:00:00.000,Tarde,Inativo,4
2664,E. D. S. F. ,NUTRIÇÃO,TELEATENDIMENTO,TELENUTRICAO - CIRURGIA BARIATRICA,Inativo,Quinta,1970-01-01 14:00:00.000,Tarde,Inativo,4
2666,C. D. F. C. C. ,PNEUMOLOGIA (AMBULATÓRIO),CONSULTA REGULADA,PNEUMOLOGIA - ASMA,Ativo,Quinta,1970-01-01 15:30:00.000,Tarde,Ativo,1
2666,C. D. F. C. C. ,PNEUMOLOGIA (AMBULATÓRIO),RETORNO,PNEUMOLOGIA - ASMA,Ativo,Quinta,1970-01-01 13:00:00.000,Tarde,Ativo,8
2666,C. D. F. C. C. ,PNEUMOLOGIA (AMBULATÓRIO),INTERCONSULTA,PNEUMOLOGIA - ASMA,Ativo,Quinta,1970-01-01 13:00:00.000,Tarde,Ativo,1
2668,E. A. M. C. ,GINECOLOGIA (AMBULATÓRIO),RETORNO,GINECOLOGIA - DISFUNÇÃO DO ASSOALHO PÉLVICO,Ativo,Terça,1970-01-01 07:00:00.000,Manhã,Ativo,8
2668,E. A. M. C. ,GINECOLOGIA (AMBULATÓRIO),INTERCONSULTA,GINECOLOGIA - DISFUNÇÃO DO ASSOALHO PÉLVICO,Ativo,Terça,1970-01-01 07:00:00.000,Manhã,Ativo,2
2670,N. V. L. ,GINECOLOGIA (AMBULATÓRIO),RETORNO,GINECOLOGIA - MARCACAO CIRURGICA,Ativo,Segunda,1970-01-01 07:00:00.000,Manhã,Ativo,12
2672,G. D. D. S. ,OBSTETRÍCIA (AMBULATÓRIO),,TRIAGEM OBSTETRICA,Ativo,,,,,
2673,L. M. D. O. ,OBSTETRÍCIA (AMBULATÓRIO),,TRIAGEM OBSTETRICA,Ativo,,,,,
2674,F. G. D. M. S. ,OBSTETRÍCIA (AMBULATÓRIO),,TRIAGEM OBSTETRICA,Ativo,,,,,
2676,R. P. F. D. M. ,OBSTETRÍCIA (AMBULATÓRIO),,TRIAGEM OBSTETRICA,Ativo,,,,,
2678,L. M. V. D. O. S. ,CARDIOLOGIA (AMBULATÓRIO),INTERCONSULTA,CARDIO - RISCO CIRURGICO INFANTIL,Ativo,Sexta,1970-01-01 07:00:00.000,Manhã,Ativo,3
2680,V. D. C. B. P. ,GERIATRIA (AMBULATORIO),INTERCONSULTA,GERIATRIA - TRIAGEM,Inativo,Quinta,1970-01-01 09:00:00.000,Manhã,Ativo,4
2682,J. L. D. F. A. ,ENDOCRINOLOGIA (AMBULATÓRIO),RETORNO,ENDOCRINOLOGIA - ADRENAL,Ativo,Segunda,1970-01-01 07:00:00.000,Manhã,Ativo,10
2684,A. C. D. F. T. G. ,ENDOCRINOLOGIA (AMBULATÓRIO),RETORNO,ENDOCRINOLOGIA - ADRENAL,Ativo,Segunda,1970-01-01 07:00:00.000,Manhã,Ativo,10
2686,P. S. G. ,ENDOCRINOLOGIA (AMBULATÓRIO),RETORNO,ENDOCRINOLOGIA - NEURO,Ativo,Segunda,1970-01-01 07:00:00.000,Manhã,Ativo,10
2687,J. L. D. F. A. ,ENDOCRINOLOGIA (AMBULATÓRIO),RETORNO,ENDOCRINOLOGIA - OSTEOPOROSE,Ativo,Quarta,1970-01-01 07:00:00.000,Manhã,Ativo,10
2688,P. S. G. ,ENDOCRINOLOGIA (AMBULATÓRIO),RETORNO,ENDOCRINOLOGIA - OBSTETRICIA,Ativo,Terça,1970-01-01 13:00:00.000,Tarde,Ativo,10
2690,A. T. B. D. M. ,ENDOCRINOLOGIA (AMBULATÓRIO),RETORNO,ENDOCRINOLOGIA - DIABETES TIPO 1,Ativo,Quarta,1970-01-01 07:00:00.000,Manhã,Ativo,10
2692,J. L. D. F. A. ,ENDOCRINOLOGIA (AMBULATÓRIO),RETORNO,ENDOCRINOLOGIA - DIABETES,Ativo,Quarta,1970-01-01 13:00:00.000,Tarde,Ativo,10
2694,M. I. R. D. A. ,CARDIOLOGIA (AMBULATÓRIO),,CARDIOLOGIA,Inativo,,,,,
2696,C. M. S. D. L. L. ,NEUROLOGIA (AMBULATÓRIO),TELEATENDIMENTO,NEUROLOGIA - TELEMEDICINA,Ativo,Terça,1970-01-01 14:00:00.000,Tarde,Ativo,7
2696,C. M. S. D. L. L. ,NEUROLOGIA (AMBULATÓRIO),TELEATENDIMENTO,NEUROLOGIA - TELEMEDICINA,Ativo,Quarta,1970-01-01 14:00:00.000,Tarde,Ativo,7
2696,C. M. S. D. L. L. ,NEUROLOGIA (AMBULATÓRIO),TELEATENDIMENTO,NEUROLOGIA - TELEMEDICINA,Ativo,Quarta,1970-01-01 08:00:00.000,Manhã,Ativo,9
2696,C. M. S. D. L. L. ,NEUROLOGIA (AMBULATÓRIO),TELEATENDIMENTO,NEUROLOGIA - TELEMEDICINA,Ativo,Quinta,1970-01-01 08:00:00.000,Manhã,Ativo,9
2696,C. M. S. D. L. L. ,NEUROLOGIA (AMBULATÓRIO),TELEATENDIMENTO,NEUROLOGIA - TELEMEDICINA,Ativo,Quinta,1970-01-01 14:00:00.000,Tarde,Ativo,7
2696,C. M. S. D. L. L. ,NEUROLOGIA (AMBULATÓRIO),TELEATENDIMENTO,NEUROLOGIA - TELEMEDICINA,Ativo,Sexta,1970-01-01 14:00:00.000,Tarde,Ativo,7
2698,S. M. B. R. D. M. ,MEDICINA NUCLEAR (AMBULATORIO),RETORNO,ENFERMAGEM - MEDICINA NUCLEAR,Ativo,Segunda,1970-01-01 15:00:00.000,Tarde,Ativo,15
2698,S. M. B. R. D. M. ,MEDICINA NUCLEAR (AMBULATORIO),RETORNO,ENFERMAGEM - MEDICINA NUCLEAR,Ativo,Terça,1970-01-01 15:00:00.000,Tarde,Ativo,15
2698,S. M. B. R. D. M. ,MEDICINA NUCLEAR (AMBULATORIO),RETORNO,ENFERMAGEM - MEDICINA NUCLEAR,Ativo,Quarta,1970-01-01 15:00:00.000,Tarde,Ativo,15
2698,S. M. B. R. D. M. ,MEDICINA NUCLEAR (AMBULATORIO),RETORNO,ENFERMAGEM - MEDICINA NUCLEAR,Ativo,Quinta,1970-01-01 15:00:00.000,Tarde,Ativo,15
2698,S. M. B. R. D. M. ,MEDICINA NUCLEAR (AMBULATORIO),RETORNO,ENFERMAGEM - MEDICINA NUCLEAR,Ativo,Sexta,1970-01-01 15:00:00.000,Tarde,Ativo,15
2700,F. A. A. D. O. ,NEUROLOGIA (AMBULATÓRIO),RETORNO,NEUROLOGIA,Ativo,Quarta,1970-01-01 07:00:00.000,Manhã,Ativo,5
2700,F. A. A. D. O. ,NEUROLOGIA (AMBULATÓRIO),CONSULTA REGULADA,NEUROLOGIA,Ativo,Quarta,1970-01-01 10:00:00.000,Manhã,Ativo,4
2700,F. A. A. D. O. ,NEUROLOGIA (AMBULATÓRIO),INTERCONSULTA,NEUROLOGIA,Ativo,Quarta,1970-01-01 07:00:00.000,Manhã,Ativo,1
2702,M. D. C. G. C. ,NEUROLOGIA (AMBULATÓRIO),RETORNO,NEUROLOGIA - TRANSICAO,Ativo,Quinta,1970-01-01 08:00:00.000,Manhã,Ativo,5
2704,B. A. N. J. ,CIRURGIA PLÁSTICA (AMBULATÓRIO),RETORNO,CIRURGIA PLASTICA,Ativo,Quarta,1970-01-01 07:00:00.000,Manhã,Ativo,6
2706,B. A. N. J. ,CIRURGIA PLÁSTICA (AMBULATÓRIO),INTERCONSULTA,CIRURGIA PLASTICA - TRIAGEM,Ativo,Quarta,1970-01-01 07:00:00.000,Manhã,Ativo,2
2706,B. A. N. J. ,CIRURGIA PLÁSTICA (AMBULATÓRIO),CONSULTA REGULADA,CIRURGIA PLASTICA - TRIAGEM,Ativo,Quarta,1970-01-01 10:00:00.000,Manhã,Ativo,4
2708,C. C. G. F. ,ONCOLOGIA (AMBULATÓRIO),INTERCONSULTA,ONCOLOGIA CLINICA,Inativo,Terça,1970-01-01 07:00:00.000,Manhã,Inativo,2
2708,C. C. G. F. ,ONCOLOGIA (AMBULATÓRIO),RETORNO,ONCOLOGIA CLINICA,Inativo,Terça,1970-01-01 07:00:00.000,Manhã,Inativo,12
2708,C. C. G. F. ,ONCOLOGIA (AMBULATÓRIO),INTERCONSULTA,ONCOLOGIA CLINICA,Inativo,Quinta,1970-01-01 13:00:00.000,Tarde,Inativo,2
2708,C. C. G. F. ,ONCOLOGIA (AMBULATÓRIO),RETORNO,ONCOLOGIA CLINICA,Inativo,Quinta,1970-01-01 13:00:00.000,Tarde,Inativo,12
2710,L. T. D. M. F. ,GASTROENTEROLOGIA (AMBULATÓRIO),CONSULTA REGULADA,GASTROENTEROLOGIA - HEPATOLOGIA,Ativo,Terça,1970-01-01 15:30:00.000,Tarde,Ativo,1
2710,L. T. D. M. F. ,GASTROENTEROLOGIA (AMBULATÓRIO),RETORNO,GASTROENTEROLOGIA - HEPATOLOGIA,Ativo,Terça,1970-01-01 13:00:00.000,Tarde,Ativo,8
2710,L. T. D. M. F. ,GASTROENTEROLOGIA (AMBULATÓRIO),RETORNO,GASTROENTEROLOGIA - HEPATOLOGIA,Ativo,Quinta,1970-01-01 07:00:00.000,Manhã,Ativo,6
2710,L. T. D. M. F. ,GASTROENTEROLOGIA (AMBULATÓRIO),INTERCONSULTA,GASTROENTEROLOGIA - HEPATOLOGIA,Ativo,Quinta,1970-01-01 07:00:00.000,Manhã,Ativo,1
2710,L. T. D. M. F. ,GASTROENTEROLOGIA (AMBULATÓRIO),CONSULTA REGULADA,GASTROENTEROLOGIA - HEPATOLOGIA,Ativo,Quinta,1970-01-01 15:30:00.000,Tarde,Ativo,1
2710,L. T. D. M. F. ,GASTROENTEROLOGIA (AMBULATÓRIO),INTERCONSULTA,GASTROENTEROLOGIA - HEPATOLOGIA,Ativo,Quinta,1970-01-01 13:00:00.000,Tarde,Ativo,1
2710,L. T. D. M. F. ,GASTROENTEROLOGIA (AMBULATÓRIO),RETORNO,GASTROENTEROLOGIA - HEPATOLOGIA,Ativo,Quinta,1970-01-01 13:00:00.000,Tarde,Ativo,8
2710,L. T. D. M. F. ,GASTROENTEROLOGIA (AMBULATÓRIO),RETORNO,GASTROENTEROLOGIA - HEPATOLOGIA,Ativo,Sexta,1970-01-01 07:00:00.000,Manhã,Ativo,6
2710,L. T. D. M. F. ,GASTROENTEROLOGIA (AMBULATÓRIO),CONSULTA REGULADA,GASTROENTEROLOGIA - HEPATOLOGIA,Ativo,Sexta,1970-01-01 10:00:00.000,Manhã,Ativo,1
2710,L. T. D. M. F. ,GASTROENTEROLOGIA (AMBULATÓRIO),INTERCONSULTA,GASTROENTEROLOGIA - HEPATOLOGIA,Ativo,Sexta,1970-01-01 07:00:00.000,Manhã,Ativo,1
2712,I. S. C. M. ,TERAPIA OCUPACIONAL,RETORNO,TERAPIA OCUPACIONAL - SAUDE MENTAL INFANTIL,Ativo,Segunda,1970-01-01 13:00:00.000,Tarde,Ativo,6
2712,I. S. C. M. ,TERAPIA OCUPACIONAL,RETORNO,TERAPIA OCUPACIONAL - SAUDE MENTAL INFANTIL,Ativo,Terça,1970-01-01 13:00:00.000,Tarde,Ativo,6
2712,I. S. C. M. ,TERAPIA OCUPACIONAL,RETORNO,TERAPIA OCUPACIONAL - SAUDE MENTAL INFANTIL,Ativo,Quinta,1970-01-01 13:00:00.000,Tarde,Ativo,6
2712,I. S. C. M. ,TERAPIA OCUPACIONAL,RETORNO,TERAPIA OCUPACIONAL - SAUDE MENTAL INFANTIL,Ativo,Quinta,1970-01-01 07:00:00.000,Manhã,Ativo,6
2714,M. L. C. D. ,GERIATRIA (AMBULATORIO),TELEATENDIMENTO,TELETRIAGEM EM GERIATRIA,Inativo,Segunda,1970-01-01 08:00:00.000,Manhã,Ativo,7
2714,M. L. C. D. ,GERIATRIA (AMBULATORIO),TELEATENDIMENTO,TELETRIAGEM EM GERIATRIA,Inativo,Sexta,1970-01-01 08:00:00.000,Manhã,Ativo,7
2716,M. J. D. S. M. ,ESPAÇO TRANS (AMBULATÓRIO),RETORNO,PSICOLOGIA - ESPAÇO TRANS,Ativo,Segunda,1970-01-01 13:00:00.000,Tarde,Ativo,4
2716,M. J. D. S. M. ,ESPAÇO TRANS (AMBULATÓRIO),RETORNO,PSICOLOGIA - ESPAÇO TRANS,Ativo,Segunda,1970-01-01 07:00:00.000,Manhã,Ativo,4
2716,M. J. D. S. M. ,ESPAÇO TRANS (AMBULATÓRIO),INTERCONSULTA,PSICOLOGIA - ESPAÇO TRANS,Ativo,Segunda,1970-01-01 07:00:00.000,Manhã,Ativo,2
2716,M. J. D. S. M. ,ESPAÇO TRANS (AMBULATÓRIO),INTERCONSULTA,PSICOLOGIA - ESPAÇO TRANS,Ativo,Segunda,1970-01-01 13:00:00.000,Tarde,Ativo,2
2716,M. J. D. S. M. ,ESPAÇO TRANS (AMBULATÓRIO),INTERCONSULTA,PSICOLOGIA - ESPAÇO TRANS,Ativo,Terça,1970-01-01 07:00:00.000,Manhã,Ativo,2
2716,M. J. D. S. M. ,ESPAÇO TRANS (AMBULATÓRIO),RETORNO,PSICOLOGIA - ESPAÇO TRANS,Ativo,Terça,1970-01-01 07:00:00.000,Manhã,Ativo,4
2716,M. J. D. S. M. ,ESPAÇO TRANS (AMBULATÓRIO),INTERCONSULTA,PSICOLOGIA - ESPAÇO TRANS,Ativo,Terça,1970-01-01 13:00:00.000,Tarde,Ativo,2
2716,M. J. D. S. M. ,ESPAÇO TRANS (AMBULATÓRIO),RETORNO,PSICOLOGIA - ESPAÇO TRANS,Ativo,Terça,1970-01-01 13:00:00.000,Tarde,Ativo,4
2716,M. J. D. S. M. ,ESPAÇO TRANS (AMBULATÓRIO),INTERCONSULTA,PSICOLOGIA - ESPAÇO TRANS,Ativo,Quarta,1970-01-01 07:00:00.000,Manhã,Ativo,2
2716,M. J. D. S. M. ,ESPAÇO TRANS (AMBULATÓRIO),RETORNO,PSICOLOGIA - ESPAÇO TRANS,Ativo,Quarta,1970-01-01 07:00:00.000,Manhã,Ativo,4
2716,M. J. D. S. M. ,ESPAÇO TRANS (AMBULATÓRIO),RETORNO,PSICOLOGIA - ESPAÇO TRANS,Ativo,Quinta,1970-01-01 07:00:00.000,Manhã,Ativo,4
2716,M. J. D. S. M. ,ESPAÇO TRANS (AMBULATÓRIO),INTERCONSULTA,PSICOLOGIA - ESPAÇO TRANS,Ativo,Quinta,1970-01-01 07:00:00.000,Manhã,Ativo,2
2716,M. J. D. S. M. ,ESPAÇO TRANS (AMBULATÓRIO),INTERCONSULTA,PSICOLOGIA - ESPAÇO TRANS,Ativo,Quinta,1970-01-01 13:00:00.000,Tarde,Ativo,2
2716,M. J. D. S. M. ,ESPAÇO TRANS (AMBULATÓRIO),RETORNO,PSICOLOGIA - ESPAÇO TRANS,Ativo,Quinta,1970-01-01 13:00:00.000,Tarde,Ativo,4
2716,M. J. D. S. M. ,ESPAÇO TRANS (AMBULATÓRIO),RETORNO,PSICOLOGIA - ESPAÇO TRANS,Ativo,Sexta,1970-01-01 13:00:00.000,Tarde,Ativo,4
2716,M. J. D. S. M. ,ESPAÇO TRANS (AMBULATÓRIO),INTERCONSULTA,PSICOLOGIA - ESPAÇO TRANS,Ativo,Sexta,1970-01-01 07:00:00.000,Manhã,Ativo,2
2716,M. J. D. S. M. ,ESPAÇO TRANS (AMBULATÓRIO),RETORNO,PSICOLOGIA - ESPAÇO TRANS,Ativo,Sexta,1970-01-01 07:00:00.000,Manhã,Ativo,4
2716,M. J. D. S. M. ,ESPAÇO TRANS (AMBULATÓRIO),INTERCONSULTA,PSICOLOGIA - ESPAÇO TRANS,Ativo,Sexta,1970-01-01 13:00:00.000,Tarde,Ativo,2
2718,L. M. D. S. O. ,ESPAÇO TRANS (AMBULATÓRIO),RETORNO,PSICOLOGIA - ESPAÇO TRANS,Ativo,Segunda,1970-01-01 07:00:00.000,Manhã,Ativo,2
2718,L. M. D. S. O. ,ESPAÇO TRANS (AMBULATÓRIO),INTERCONSULTA,PSICOLOGIA - ESPAÇO TRANS,Ativo,Segunda,1970-01-01 07:00:00.000,Manhã,Ativo,2
2718,L. M. D. S. O. ,ESPAÇO TRANS (AMBULATÓRIO),RETORNO,PSICOLOGIA - ESPAÇO TRANS,Ativo,Segunda,1970-01-01 13:00:00.000,Tarde,Ativo,2
2718,L. M. D. S. O. ,ESPAÇO TRANS (AMBULATÓRIO),INTERCONSULTA,PSICOLOGIA - ESPAÇO TRANS,Ativo,Segunda,1970-01-01 13:00:00.000,Tarde,Ativo,2
2718,L. M. D. S. O. ,ESPAÇO TRANS (AMBULATÓRIO),RETORNO,PSICOLOGIA - ESPAÇO TRANS,Ativo,Quarta,1970-01-01 13:00:00.000,Tarde,Ativo,2
2718,L. M. D. S. O. ,ESPAÇO TRANS (AMBULATÓRIO),RETORNO,PSICOLOGIA - ESPAÇO TRANS,Ativo,Quarta,1970-01-01 07:00:00.000,Manhã,Ativo,2
2718,L. M. D. S. O. ,ESPAÇO TRANS (AMBULATÓRIO),INTERCONSULTA,PSICOLOGIA - ESPAÇO TRANS,Ativo,Quarta,1970-01-01 13:00:00.000,Tarde,Ativo,2
2718,L. M. D. S. O. ,ESPAÇO TRANS (AMBULATÓRIO),INTERCONSULTA,PSICOLOGIA - ESPAÇO TRANS,Ativo,Quarta,1970-01-01 07:00:00.000,Manhã,Ativo,2
2718,L. M. D. S. O. ,ESPAÇO TRANS (AMBULATÓRIO),RETORNO,PSICOLOGIA - ESPAÇO TRANS,Ativo,Sexta,1970-01-01 07:00:00.000,Manhã,Ativo,2
2718,L. M. D. S. O. ,ESPAÇO TRANS (AMBULATÓRIO),INTERCONSULTA,PSICOLOGIA - ESPAÇO TRANS,Ativo,Sexta,1970-01-01 13:00:00.000,Tarde,Ativo,2
2718,L. M. D. S. O. ,ESPAÇO TRANS (AMBULATÓRIO),INTERCONSULTA,PSICOLOGIA - ESPAÇO TRANS,Ativo,Sexta,1970-01-01 07:00:00.000,Manhã,Ativo,2
2718,L. M. D. S. O. ,ESPAÇO TRANS (AMBULATÓRIO),RETORNO,PSICOLOGIA - ESPAÇO TRANS,Ativo,Sexta,1970-01-01 13:00:00.000,Tarde,Ativo,2
2720,A. D. S. C. ,REUMATOLOGIA (AMBULATÓRIO),RETORNO,REUMATOLOGIA - PESQUISA,Ativo,Segunda,1970-01-01 08:00:00.000,Manhã,Ativo,1
2720,A. D. S. C. ,REUMATOLOGIA (AMBULATÓRIO),RETORNO,REUMATOLOGIA - PESQUISA,Ativo,Terça,1970-01-01 08:00:00.000,Manhã,Ativo,1
2720,A. D. S. C. ,REUMATOLOGIA (AMBULATÓRIO),RETORNO,REUMATOLOGIA - PESQUISA,Ativo,Quarta,1970-01-01 08:00:00.000,Manhã,Ativo,1
2720,A. D. S. C. ,REUMATOLOGIA (AMBULATÓRIO),RETORNO,REUMATOLOGIA - PESQUISA,Ativo,Quinta,1970-01-01 08:00:00.000,Manhã,Ativo,1
2720,A. D. S. C. ,REUMATOLOGIA (AMBULATÓRIO),RETORNO,REUMATOLOGIA - PESQUISA,Ativo,Sexta,1970-01-01 08:00:00.000,Manhã,Ativo,1
2721,C. B. M. F. ,REUMATOLOGIA (AMBULATÓRIO),RETORNO,REUMATOLOGIA - PESQUISA,Ativo,Segunda,1970-01-01 08:00:00.000,Manhã,Ativo,1
2721,C. B. M. F. ,REUMATOLOGIA (AMBULATÓRIO),RETORNO,REUMATOLOGIA - PESQUISA,Ativo,Terça,1970-01-01 08:00:00.000,Manhã,Ativo,1
2721,C. B. M. F. ,REUMATOLOGIA (AMBULATÓRIO),RETORNO,REUMATOLOGIA - PESQUISA,Ativo,Quarta,1970-01-01 08:00:00.000,Manhã,Ativo,1
2721,C. B. M. F. ,REUMATOLOGIA (AMBULATÓRIO),RETORNO,REUMATOLOGIA - PESQUISA,Ativo,Quinta,1970-01-01 08:00:00.000,Manhã,Ativo,1
2721,C. B. M. F. ,REUMATOLOGIA (AMBULATÓRIO),RETORNO,REUMATOLOGIA - PESQUISA,Ativo,Sexta,1970-01-01 08:00:00.000,Manhã,Ativo,1
2722,M. C. S. ,REUMATOLOGIA (AMBULATÓRIO),RETORNO,REUMATOLOGIA - PESQUISA,Ativo,Segunda,1970-01-01 08:00:00.000,Manhã,Ativo,1
2722,M. C. S. ,REUMATOLOGIA (AMBULATÓRIO),RETORNO,REUMATOLOGIA - PESQUISA,Ativo,Terça,1970-01-01 08:00:00.000,Manhã,Ativo,1
2722,M. C. S. ,REUMATOLOGIA (AMBULATÓRIO),RETORNO,REUMATOLOGIA - PESQUISA,Ativo,Quarta,1970-01-01 08:00:00.000,Manhã,Ativo,1
2722,M. C. S. ,REUMATOLOGIA (AMBULATÓRIO),RETORNO,REUMATOLOGIA - PESQUISA,Ativo,Quinta,1970-01-01 08:00:00.000,Manhã,Ativo,1
2722,M. C. S. ,REUMATOLOGIA (AMBULATÓRIO),RETORNO,REUMATOLOGIA - PESQUISA,Ativo,Sexta,1970-01-01 08:00:00.000,Manhã,Ativo,1
2724,H. D. A. M. ,REUMATOLOGIA (AMBULATÓRIO),RETORNO,REUMATOLOGIA - PESQUISA,Ativo,Segunda,1970-01-01 08:00:00.000,Manhã,Ativo,1
2724,H. D. A. M. ,REUMATOLOGIA (AMBULATÓRIO),RETORNO,REUMATOLOGIA - PESQUISA,Ativo,Terça,1970-01-01 08:00:00.000,Manhã,Ativo,1
2724,H. D. A. M. ,REUMATOLOGIA (AMBULATÓRIO),RETORNO,REUMATOLOGIA - PESQUISA,Ativo,Quarta,1970-01-01 08:00:00.000,Manhã,Ativo,1
2724,H. D. A. M. ,REUMATOLOGIA (AMBULATÓRIO),RETORNO,REUMATOLOGIA - PESQUISA,Ativo,Quinta,1970-01-01 08:00:00.000,Manhã,Ativo,1
2724,H. D. A. M. ,REUMATOLOGIA (AMBULATÓRIO),RETORNO,REUMATOLOGIA - PESQUISA,Ativo,Sexta,1970-01-01 08:00:00.000,Manhã,Ativo,1
2726,V. D. C. B. P. ,NÚCLEO DO SERVIDOR (AMBULATÓRIO),,GERIATRIA - NASS,Inativo,,,,,
2728,J. D. S. B. ,CARDIOLOGIA (AMBULATÓRIO),TELEATENDIMENTO,TELEMEDICINA - INR,Ativo,Terça,1970-01-01 13:40:00.000,Tarde,Ativo,12
2730,T. C. N. D. M. ,PNEUMOLOGIA (AMBULATÓRIO),INTERCONSULTA,PNEUMOLOGIA - PARECER,Ativo,Sexta,1970-01-01 07:00:00.000,Manhã,Ativo,1
2732,A. C. G. S. ,CIRURGIA PEDIÁTRICA (AMBULATÓRIO),INTERCONSULTA,CIRURGIA PEDIATRICA,Ativo,Quarta,1970-01-01 13:00:00.000,Tarde,Ativo,2
2732,A. C. G. S. ,CIRURGIA PEDIÁTRICA (AMBULATÓRIO),CONSULTA REGULADA,CIRURGIA PEDIATRICA,Ativo,Quarta,1970-01-01 15:30:00.000,Tarde,Ativo,4
2732,A. C. G. S. ,CIRURGIA PEDIÁTRICA (AMBULATÓRIO),RETORNO,CIRURGIA PEDIATRICA,Ativo,Quarta,1970-01-01 13:00:00.000,Tarde,Ativo,4
2734,F. O. F. ,CIRURGIA PEDIÁTRICA (AMBULATÓRIO),RETORNO,CIRURGIA PEDIATRICA,Inativo,Sexta,1970-01-01 13:00:00.000,Tarde,Inativo,4
2734,F. O. F. ,CIRURGIA PEDIÁTRICA (AMBULATÓRIO),INTERCONSULTA,CIRURGIA PEDIATRICA,Inativo,Sexta,1970-01-01 13:00:00.000,Tarde,Inativo,2
2734,F. O. F. ,CIRURGIA PEDIÁTRICA (AMBULATÓRIO),CONSULTA REGULADA,CIRURGIA PEDIATRICA,Inativo,Sexta,1970-01-01 15:30:00.000,Tarde,Inativo,4
2736,V. D. C. B. P. ,NÚCLEO DO SERVIDOR (AMBULATÓRIO),CONSULTA PRIMEIRA VEZ SERVIDOR(A),GERIATRIA - NASS,Ativo,Segunda,1970-01-01 13:00:00.000,Tarde,Ativo,2
2736,V. D. C. B. P. ,NÚCLEO DO SERVIDOR (AMBULATÓRIO),CONSULTA RETORNO SERVIDOR(A),GERIATRIA - NASS,Ativo,Segunda,1970-01-01 15:00:00.000,Tarde,Ativo,3
2736,V. D. C. B. P. ,NÚCLEO DO SERVIDOR (AMBULATÓRIO),CONSULTA RETORNO SERVIDOR(A),GERIATRIA - NASS,Ativo,Quarta,1970-01-01 15:00:00.000,Tarde,Ativo,3
2736,V. D. C. B. P. ,NÚCLEO DO SERVIDOR (AMBULATÓRIO),CONSULTA PRIMEIRA VEZ SERVIDOR(A),GERIATRIA - NASS,Ativo,Quarta,1970-01-01 13:00:00.000,Tarde,Ativo,2
2736,V. D. C. B. P. ,NÚCLEO DO SERVIDOR (AMBULATÓRIO),CONSULTA PRIMEIRA VEZ SERVIDOR(A),GERIATRIA - NASS,Ativo,Quinta,1970-01-01 14:00:00.000,Tarde,Ativo,1
2736,V. D. C. B. P. ,NÚCLEO DO SERVIDOR (AMBULATÓRIO),CONSULTA PRIMEIRA VEZ SERVIDOR(A),GERIATRIA - NASS,Ativo,Quinta,1970-01-01 13:00:00.000,Tarde,Ativo,1
2738,J. N. D. C. N. ,HEMODINAMICA (AMBULATORIO),INTERCONSULTA,CARDIOLOGIA INTERVENCIONISTA,Ativo,Sexta,1970-01-01 07:00:00.000,Manhã,Ativo,1
2740,C. A. D. A. M. ,CIRURGIA VASCULAR (AMBULATÓRIO),CONSULTA REGULADA,CIRURGIA VASCULAR,Ativo,Quinta,1970-01-01 15:30:00.000,Tarde,Ativo,2
2742,S. D. O. B. V. V. ,CARDIOLOGIA (AMBULATÓRIO),INTERCONSULTA,CARDIO - RISCO CIRURGICO INFANTIL,Ativo,Quinta,1970-01-01 13:00:00.000,Tarde,Ativo,3
2744,E. D. A. M. ,NÚCLEO DO SERVIDOR (AMBULATÓRIO),CONSULTA PRIMEIRA VEZ SERVIDOR(A),DERMATOLOGIA - NASS,Ativo,Segunda,1970-01-01 08:00:00.000,Manhã,Ativo,2
2744,E. D. A. M. ,NÚCLEO DO SERVIDOR (AMBULATÓRIO),CONSULTA PRIMEIRA VEZ SERVIDOR(A),DERMATOLOGIA - NASS,Ativo,Segunda,1970-01-01 07:00:00.000,Manhã,Ativo,1
2744,E. D. A. M. ,NÚCLEO DO SERVIDOR (AMBULATÓRIO),CONSULTA RETORNO SERVIDOR(A),DERMATOLOGIA - NASS,Ativo,Segunda,1970-01-01 10:00:00.000,Manhã,Ativo,1
2744,E. D. A. M. ,NÚCLEO DO SERVIDOR (AMBULATÓRIO),CONSULTA RETORNO SERVIDOR(A),DERMATOLOGIA - NASS,Ativo,Segunda,1970-01-01 09:00:00.000,Manhã,Ativo,2
2744,E. D. A. M. ,NÚCLEO DO SERVIDOR (AMBULATÓRIO),CONSULTA RETORNO SERVIDOR(A),DERMATOLOGIA - NASS,Ativo,Terça,1970-01-01 09:00:00.000,Manhã,Ativo,2
2744,E. D. A. M. ,NÚCLEO DO SERVIDOR (AMBULATÓRIO),CONSULTA RETORNO SERVIDOR(A),DERMATOLOGIA - NASS,Ativo,Terça,1970-01-01 10:00:00.000,Manhã,Ativo,1
2744,E. D. A. M. ,NÚCLEO DO SERVIDOR (AMBULATÓRIO),CONSULTA PRIMEIRA VEZ SERVIDOR(A),DERMATOLOGIA - NASS,Ativo,Terça,1970-01-01 07:00:00.000,Manhã,Ativo,1
2744,E. D. A. M. ,NÚCLEO DO SERVIDOR (AMBULATÓRIO),CONSULTA PRIMEIRA VEZ SERVIDOR(A),DERMATOLOGIA - NASS,Ativo,Terça,1970-01-01 08:00:00.000,Manhã,Ativo,2
2744,E. D. A. M. ,NÚCLEO DO SERVIDOR (AMBULATÓRIO),CONSULTA PRIMEIRA VEZ SERVIDOR(A),DERMATOLOGIA - NASS,Ativo,Quinta,1970-01-01 13:00:00.000,Tarde,Ativo,1
2744,E. D. A. M. ,NÚCLEO DO SERVIDOR (AMBULATÓRIO),CONSULTA RETORNO SERVIDOR(A),DERMATOLOGIA - NASS,Ativo,Quinta,1970-01-01 15:00:00.000,Tarde,Ativo,2
2744,E. D. A. M. ,NÚCLEO DO SERVIDOR (AMBULATÓRIO),CONSULTA PRIMEIRA VEZ SERVIDOR(A),DERMATOLOGIA - NASS,Ativo,Quinta,1970-01-01 14:00:00.000,Tarde,Ativo,2
2744,E. D. A. M. ,NÚCLEO DO SERVIDOR (AMBULATÓRIO),CONSULTA RETORNO SERVIDOR(A),DERMATOLOGIA - NASS,Ativo,Quinta,1970-01-01 16:00:00.000,Tarde,Ativo,1
2746,J. A. D. S. C. ,NÚCLEO DO SERVIDOR (AMBULATÓRIO),CONSULTA PRIMEIRA VEZ SERVIDOR(A),PEDIATRIA - NASS,Ativo,Terça,1970-01-01 15:30:00.000,Tarde,Ativo,1
2746,J. A. D. S. C. ,NÚCLEO DO SERVIDOR (AMBULATÓRIO),CONSULTA RETORNO SERVIDOR(A),PEDIATRIA - NASS,Ativo,Terça,1970-01-01 17:30:00.000,Tarde,Ativo,1
2746,J. A. D. S. C. ,NÚCLEO DO SERVIDOR (AMBULATÓRIO),CONSULTA RETORNO SERVIDOR(A),PEDIATRIA - NASS,Ativo,Terça,1970-01-01 16:30:00.000,Tarde,Ativo,1
2746,J. A. D. S. C. ,NÚCLEO DO SERVIDOR (AMBULATÓRIO),CONSULTA PRIMEIRA VEZ SERVIDOR(A),PEDIATRIA - NASS,Ativo,Terça,1970-01-01 13:30:00.000,Tarde,Ativo,1
2746,J. A. D. S. C. ,NÚCLEO DO SERVIDOR (AMBULATÓRIO),CONSULTA PRIMEIRA VEZ SERVIDOR(A),PEDIATRIA - NASS,Ativo,Terça,1970-01-01 14:30:00.000,Tarde,Ativo,1
2746,J. A. D. S. C. ,NÚCLEO DO SERVIDOR (AMBULATÓRIO),CONSULTA PRIMEIRA VEZ SERVIDOR(A),PEDIATRIA - NASS,Ativo,Quarta,1970-01-01 14:30:00.000,Tarde,Ativo,1
2746,J. A. D. S. C. ,NÚCLEO DO SERVIDOR (AMBULATÓRIO),CONSULTA PRIMEIRA VEZ SERVIDOR(A),PEDIATRIA - NASS,Ativo,Quarta,1970-01-01 08:30:00.000,Manhã,Ativo,1
2746,J. A. D. S. C. ,NÚCLEO DO SERVIDOR (AMBULATÓRIO),CONSULTA RETORNO SERVIDOR(A),PEDIATRIA - NASS,Ativo,Quarta,1970-01-01 10:30:00.000,Manhã,Ativo,1
2746,J. A. D. S. C. ,NÚCLEO DO SERVIDOR (AMBULATÓRIO),CONSULTA PRIMEIRA VEZ SERVIDOR(A),PEDIATRIA - NASS,Ativo,Quarta,1970-01-01 15:30:00.000,Tarde,Ativo,1
2746,J. A. D. S. C. ,NÚCLEO DO SERVIDOR (AMBULATÓRIO),CONSULTA RETORNO SERVIDOR(A),PEDIATRIA - NASS,Ativo,Quarta,1970-01-01 16:30:00.000,Tarde,Ativo,1
2746,J. A. D. S. C. ,NÚCLEO DO SERVIDOR (AMBULATÓRIO),CONSULTA RETORNO SERVIDOR(A),PEDIATRIA - NASS,Ativo,Quarta,1970-01-01 11:30:00.000,Manhã,Ativo,1
2746,J. A. D. S. C. ,NÚCLEO DO SERVIDOR (AMBULATÓRIO),CONSULTA PRIMEIRA VEZ SERVIDOR(A),PEDIATRIA - NASS,Ativo,Quarta,1970-01-01 09:30:00.000,Manhã,Ativo,1
2746,J. A. D. S. C. ,NÚCLEO DO SERVIDOR (AMBULATÓRIO),CONSULTA PRIMEIRA VEZ SERVIDOR(A),PEDIATRIA - NASS,Ativo,Quarta,1970-01-01 07:30:00.000,Manhã,Ativo,1
2746,J. A. D. S. C. ,NÚCLEO DO SERVIDOR (AMBULATÓRIO),CONSULTA PRIMEIRA VEZ SERVIDOR(A),PEDIATRIA - NASS,Ativo,Quarta,1970-01-01 13:30:00.000,Tarde,Ativo,1
2746,J. A. D. S. C. ,NÚCLEO DO SERVIDOR (AMBULATÓRIO),CONSULTA RETORNO SERVIDOR(A),PEDIATRIA - NASS,Ativo,Quarta,1970-01-01 17:30:00.000,Tarde,Ativo,1
2748,F. A. A. D. O. ,NEUROLOGIA (AMBULATÓRIO),RETORNO,NEUROLOGIA - MUSCULAR,Ativo,Quarta,1970-01-01 13:00:00.000,Tarde,Ativo,8
2748,F. A. A. D. O. ,NEUROLOGIA (AMBULATÓRIO),CONSULTA REGULADA,NEUROLOGIA - MUSCULAR,Ativo,Quarta,1970-01-01 15:30:00.000,Tarde,Ativo,2
2750,N. R. M. D. S. ,TERAPIA OCUPACIONAL,RETORNO,TERAPIA OCUPACIONAL E SAUDE MENTAL PEP,Ativo,Terça,1970-01-01 13:00:00.000,Tarde,Ativo,6
2752,J. T. D. D. S. ,CIRURGIA GERAL (AMBULATÓRIO),RETORNO,CIRURGIA GERAL,Ativo,Quinta,1970-01-01 13:00:00.000,Tarde,Ativo,6
2752,J. T. D. D. S. ,CIRURGIA GERAL (AMBULATÓRIO),CONSULTA REGULADA,CIRURGIA GERAL,Ativo,Quinta,1970-01-01 15:30:00.000,Tarde,Ativo,4
2752,J. T. D. D. S. ,CIRURGIA GERAL (AMBULATÓRIO),INTERCONSULTA,CIRURGIA GERAL,Ativo,Quinta,1970-01-01 13:00:00.000,Tarde,Ativo,2
2754,J. B. L. A. C. ,CIRURGIA PEDIÁTRICA (AMBULATÓRIO),INTERCONSULTA,CIRURGIA PEDIATRICA,Ativo,Quinta,1970-01-01 07:00:00.000,Manhã,Ativo,2
2754,J. B. L. A. C. ,CIRURGIA PEDIÁTRICA (AMBULATÓRIO),CONSULTA REGULADA,CIRURGIA PEDIATRICA,Ativo,Quinta,1970-01-01 10:00:00.000,Manhã,Ativo,4
2754,J. B. L. A. C. ,CIRURGIA PEDIÁTRICA (AMBULATÓRIO),RETORNO,CIRURGIA PEDIATRICA,Ativo,Quinta,1970-01-01 07:00:00.000,Manhã,Ativo,4
2756,V. L. D. M. P. ,OFTALMOLOGIA (AMBULATÓRIO),RETORNO,ENFERMAGEM - OFTALMOLOGIA,Ativo,Quarta,1970-01-01 13:00:00.000,Tarde,Ativo,5
2758,G. L. D. P. ,PEDIATRIA (AMBULATÓRIO),CONSULTA REGULADA,PEDIATRIA - GASTRO - APLV,Inativo,Quarta,1970-01-01 15:30:00.000,Tarde,Ativo,2
2760,A. G. D. S. R. ,HEMODINAMICA (AMBULATORIO),INTERCONSULTA,CARDIOLOGIA INTERVENCIONISTA,Ativo,Sexta,1970-01-01 07:00:00.000,Manhã,Ativo,1
2762,A. J. D. L. P. ,NÚCLEO DO SERVIDOR (AMBULATÓRIO),CONSULTA PRIMEIRA VEZ SERVIDOR(A),GERIATRIA - NASS,Ativo,Terça,1970-01-01 07:00:00.000,Manhã,Ativo,1
2762,A. J. D. L. P. ,NÚCLEO DO SERVIDOR (AMBULATÓRIO),CONSULTA RETORNO SERVIDOR(A),GERIATRIA - NASS,Ativo,Terça,1970-01-01 10:00:00.000,Manhã,Ativo,1
2762,A. J. D. L. P. ,NÚCLEO DO SERVIDOR (AMBULATÓRIO),CONSULTA RETORNO SERVIDOR(A),GERIATRIA - NASS,Ativo,Terça,1970-01-01 11:00:00.000,Manhã,Ativo,1
2762,A. J. D. L. P. ,NÚCLEO DO SERVIDOR (AMBULATÓRIO),CONSULTA PRIMEIRA VEZ SERVIDOR(A),GERIATRIA - NASS,Ativo,Terça,1970-01-01 08:00:00.000,Manhã,Ativo,1
2762,A. J. D. L. P. ,NÚCLEO DO SERVIDOR (AMBULATÓRIO),CONSULTA RETORNO SERVIDOR(A),GERIATRIA - NASS,Ativo,Terça,1970-01-01 09:00:00.000,Manhã,Ativo,1
2762,A. J. D. L. P. ,NÚCLEO DO SERVIDOR (AMBULATÓRIO),CONSULTA RETORNO SERVIDOR(A),GERIATRIA - NASS,Ativo,Quarta,1970-01-01 15:00:00.000,Tarde,Ativo,1
2762,A. J. D. L. P. ,NÚCLEO DO SERVIDOR (AMBULATÓRIO),CONSULTA PRIMEIRA VEZ SERVIDOR(A),GERIATRIA - NASS,Ativo,Quarta,1970-01-01 13:00:00.000,Tarde,Ativo,1
2762,A. J. D. L. P. ,NÚCLEO DO SERVIDOR (AMBULATÓRIO),CONSULTA RETORNO SERVIDOR(A),GERIATRIA - NASS,Ativo,Quarta,1970-01-01 17:00:00.000,Tarde,Ativo,1
2762,A. J. D. L. P. ,NÚCLEO DO SERVIDOR (AMBULATÓRIO),CONSULTA PRIMEIRA VEZ SERVIDOR(A),GERIATRIA - NASS,Ativo,Quarta,1970-01-01 14:00:00.000,Tarde,Ativo,1
2762,A. J. D. L. P. ,NÚCLEO DO SERVIDOR (AMBULATÓRIO),CONSULTA RETORNO SERVIDOR(A),GERIATRIA - NASS,Ativo,Quarta,1970-01-01 16:00:00.000,Tarde,Ativo,1
2762,A. J. D. L. P. ,NÚCLEO DO SERVIDOR (AMBULATÓRIO),CONSULTA PRIMEIRA VEZ SERVIDOR(A),GERIATRIA - NASS,Ativo,Quinta,1970-01-01 07:00:00.000,Manhã,Ativo,1
2762,A. J. D. L. P. ,NÚCLEO DO SERVIDOR (AMBULATÓRIO),CONSULTA PRIMEIRA VEZ SERVIDOR(A),GERIATRIA - NASS,Ativo,Quinta,1970-01-01 08:00:00.000,Manhã,Ativo,1
2762,A. J. D. L. P. ,NÚCLEO DO SERVIDOR (AMBULATÓRIO),CONSULTA RETORNO SERVIDOR(A),GERIATRIA - NASS,Ativo,Quinta,1970-01-01 10:00:00.000,Manhã,Ativo,1
2762,A. J. D. L. P. ,NÚCLEO DO SERVIDOR (AMBULATÓRIO),CONSULTA RETORNO SERVIDOR(A),GERIATRIA - NASS,Ativo,Quinta,1970-01-01 09:00:00.000,Manhã,Ativo,1
2762,A. J. D. L. P. ,NÚCLEO DO SERVIDOR (AMBULATÓRIO),CONSULTA RETORNO SERVIDOR(A),GERIATRIA - NASS,Ativo,Quinta,1970-01-01 11:00:00.000,Manhã,Ativo,1
2764,A. J. M. L. ,NEUROLOGIA (AMBULATÓRIO),INTERCONSULTA,NEUROCIRURGIA,Ativo,Quinta,1970-01-01 07:00:00.000,Manhã,Ativo,2
2764,A. J. M. L. ,NEUROLOGIA (AMBULATÓRIO),RETORNO,NEUROCIRURGIA,Ativo,Quinta,1970-01-01 07:00:00.000,Manhã,Ativo,6
2764,A. J. M. L. ,NEUROLOGIA (AMBULATÓRIO),CONSULTA REGULADA,NEUROCIRURGIA,Ativo,Quinta,1970-01-01 10:00:00.000,Manhã,Ativo,2
2766,P. F. P. E. S. ,CIRURGIA PLÁSTICA (AMBULATÓRIO),RETORNO,CIRURGIA PLASTICA,Ativo,Terça,1970-01-01 13:00:00.000,Tarde,Ativo,6
2768,D. W. D. B. ,UROLOGIA (AMBULATÓRIO),RETORNO,UROLOGIA HORMONIOTERAPIA,Inativo,Segunda,1970-01-01 07:00:00.000,Manhã,Ativo,20
2770,D. W. D. B. ,UROLOGIA (AMBULATÓRIO),RETORNO,UROLOGIA ONCO,Inativo,Segunda,1970-01-01 07:00:00.000,Manhã,Ativo,20
2772,C. C. G. F. ,ONCOLOGIA (AMBULATÓRIO),INTERCONSULTA,ONCOLOGIA CLINICA,Ativo,Terça,1970-01-01 07:00:00.000,Manhã,Ativo,2
2772,C. C. G. F. ,ONCOLOGIA (AMBULATÓRIO),RETORNO,ONCOLOGIA CLINICA,Ativo,Terça,1970-01-01 07:00:00.000,Manhã,Ativo,12
2772,C. C. G. F. ,ONCOLOGIA (AMBULATÓRIO),INTERCONSULTA,ONCOLOGIA CLINICA,Ativo,Quinta,1970-01-01 13:00:00.000,Tarde,Ativo,2
2772,C. C. G. F. ,ONCOLOGIA (AMBULATÓRIO),RETORNO,ONCOLOGIA CLINICA,Ativo,Quinta,1970-01-01 13:00:00.000,Tarde,Ativo,12
2774,E. F. D. M. J. ,OBSTETRÍCIA (AMBULATÓRIO),RETORNO,OBSTETRÍCIA - DIABETES,Ativo,Terça,1970-01-01 07:00:00.000,Manhã,Ativo,10
2776,K. O. D. A. F. ,OBSTETRÍCIA (AMBULATÓRIO),RETORNO,OBSTETRÍCIA - PREVENÇÃO DE PRÉ-ECLÂMPSIA,Ativo,Terça,1970-01-01 13:00:00.000,Tarde,Ativo,8
2778,J. D. S. B. ,PROCTOLOGIA (AMBULATORIO),INTERCONSULTA,PROCTOLOGIA - CITOLOGIA E COLPOSCOPIA ANAL,Ativo,Segunda,1970-01-01 07:00:00.000,Manhã,Ativo,1
2780,P. F. P. E. S. ,CIRURGIA PLÁSTICA (AMBULATÓRIO),INTERCONSULTA,CIRURGIA PLASTICA - TRIAGEM,Ativo,Terça,1970-01-01 13:00:00.000,Tarde,Ativo,2
2780,P. F. P. E. S. ,CIRURGIA PLÁSTICA (AMBULATÓRIO),CONSULTA REGULADA,CIRURGIA PLASTICA - TRIAGEM,Ativo,Terça,1970-01-01 15:30:00.000,Tarde,Ativo,4
2782,M. M. V. G. ,ONCOLOGIA (AMBULATÓRIO),RETORNO,CUIDADOS PALIATIVOS,Ativo,Sexta,1970-01-01 07:00:00.000,Manhã,Ativo,10
2782,M. M. V. G. ,ONCOLOGIA (AMBULATÓRIO),INTERCONSULTA,CUIDADOS PALIATIVOS,Ativo,Sexta,1970-01-01 07:00:00.000,Manhã,Ativo,2
2784,M. G. P. D. M. P. ,CARDIOLOGIA (AMBULATÓRIO),CONSULTA REGULADA,CARDIO - PEDIATRIA,Ativo,Terça,1970-01-01 10:00:00.000,Manhã,Ativo,3
2784,M. G. P. D. M. P. ,CARDIOLOGIA (AMBULATÓRIO),RETORNO,CARDIO - PEDIATRIA,Ativo,Terça,1970-01-01 07:00:00.000,Manhã,Ativo,6
2784,M. G. P. D. M. P. ,CARDIOLOGIA (AMBULATÓRIO),RETORNO,CARDIO - PEDIATRIA,Ativo,Sexta,1970-01-01 07:00:00.000,Manhã,Ativo,12
2785,M. G. P. D. M. P. ,CARDIOLOGIA (AMBULATÓRIO),INTERCONSULTA,CARDIO - RISCO CIRURGICO INFANTIL,Ativo,Terça,1970-01-01 07:00:00.000,Manhã,Inativo,2
2785,M. G. P. D. M. P. ,CARDIOLOGIA (AMBULATÓRIO),PRONTO-ATENDIMENTO,CARDIO - RISCO CIRURGICO INFANTIL,Ativo,Terça,1970-01-01 07:00:00.000,Manhã,Inativo,1
2786,M. C. T. F. ,ONCOLOGIA (AMBULATÓRIO),RETORNO,ONCOLOGIA CLINICA,Inativo,Terça,1970-01-01 07:00:00.000,Manhã,Ativo,12
2786,M. C. T. F. ,ONCOLOGIA (AMBULATÓRIO),INTERCONSULTA,ONCOLOGIA CLINICA,Inativo,Terça,1970-01-01 07:00:00.000,Manhã,Ativo,2
2786,M. C. T. F. ,ONCOLOGIA (AMBULATÓRIO),RETORNO,ONCOLOGIA CLINICA,Inativo,Sexta,1970-01-01 13:00:00.000,Tarde,Ativo,12
2786,M. C. T. F. ,ONCOLOGIA (AMBULATÓRIO),INTERCONSULTA,ONCOLOGIA CLINICA,Inativo,Sexta,1970-01-01 13:00:00.000,Tarde,Ativo,2
2788,A. C. F. P. ,ONCOLOGIA (AMBULATÓRIO),INTERCONSULTA,ONCOLOGIA - MASTOLOGIA,Inativo,Terça,1970-01-01 07:00:00.000,Manhã,Ativo,2
2788,A. C. F. P. ,ONCOLOGIA (AMBULATÓRIO),RETORNO,ONCOLOGIA - MASTOLOGIA,Inativo,Terça,1970-01-01 07:00:00.000,Manhã,Ativo,12
2788,A. C. F. P. ,ONCOLOGIA (AMBULATÓRIO),INTERCONSULTA,ONCOLOGIA - MASTOLOGIA,Inativo,Quarta,1970-01-01 07:00:00.000,Manhã,Ativo,2
2788,A. C. F. P. ,ONCOLOGIA (AMBULATÓRIO),RETORNO,ONCOLOGIA - MASTOLOGIA,Inativo,Quarta,1970-01-01 07:00:00.000,Manhã,Ativo,12
2788,A. C. F. P. ,ONCOLOGIA (AMBULATÓRIO),RETORNO,ONCOLOGIA - MASTOLOGIA,Inativo,Quinta,1970-01-01 07:00:00.000,Manhã,Ativo,12
2792,J. L. D. S. ,SAUDE OCUPACIONAL E SEGURANCA DO TRABALHO,RETORNO,PSIQUIATRIA DO TRABALHO,Ativo,Quarta,1970-01-01 10:00:00.000,Manhã,Ativo,4
2792,J. L. D. S. ,SAUDE OCUPACIONAL E SEGURANCA DO TRABALHO,PRIMEIRA CONSULTA,PSIQUIATRIA DO TRABALHO,Ativo,Quarta,1970-01-01 08:00:00.000,Manhã,Ativo,2
2792,J. L. D. S. ,SAUDE OCUPACIONAL E SEGURANCA DO TRABALHO,RETORNO,PSIQUIATRIA DO TRABALHO,Ativo,Quinta,1970-01-01 10:00:00.000,Manhã,Ativo,4
2792,J. L. D. S. ,SAUDE OCUPACIONAL E SEGURANCA DO TRABALHO,PRIMEIRA CONSULTA,PSIQUIATRIA DO TRABALHO,Ativo,Quinta,1970-01-01 08:00:00.000,Manhã,Ativo,2
2794,K. D. S. A. ,GINECOLOGIA (AMBULATÓRIO),RETORNO,GINECOLOGIA - TGI - COLPOSCOPIA,Inativo,Quinta,1970-01-01 13:00:00.000,Tarde,Ativo,3
2794,K. D. S. A. ,GINECOLOGIA (AMBULATÓRIO),RETORNO,GINECOLOGIA - TGI - COLPOSCOPIA,Inativo,Quinta,1970-01-01 07:00:00.000,Manhã,Ativo,3
2794,K. D. S. A. ,GINECOLOGIA (AMBULATÓRIO),PRIMEIRA CONSULTA,GINECOLOGIA - TGI - COLPOSCOPIA,Inativo,Quinta,1970-01-01 13:00:00.000,Tarde,Ativo,2
2794,K. D. S. A. ,GINECOLOGIA (AMBULATÓRIO),PRIMEIRA CONSULTA,GINECOLOGIA - TGI - COLPOSCOPIA,Inativo,Quinta,1970-01-01 07:00:00.000,Manhã,Ativo,2
2796,F. N. A. D. A. ,ANESTESIOLOGIA (AMBULATÓRIO),TELEATENDIMENTO,ANESTESIOLOGIA - TELEMEDICINA,Ativo,Terça,1970-01-01 13:30:00.000,Tarde,Ativo,17
2796,F. N. A. D. A. ,ANESTESIOLOGIA (AMBULATÓRIO),TELEATENDIMENTO,ANESTESIOLOGIA - TELEMEDICINA,Ativo,Terça,1970-01-01 08:00:00.000,Manhã,Ativo,17
2796,F. N. A. D. A. ,ANESTESIOLOGIA (AMBULATÓRIO),TELEATENDIMENTO,ANESTESIOLOGIA - TELEMEDICINA,Ativo,Quarta,1970-01-01 08:00:00.000,Manhã,Ativo,17
2796,F. N. A. D. A. ,ANESTESIOLOGIA (AMBULATÓRIO),TELEATENDIMENTO,ANESTESIOLOGIA - TELEMEDICINA,Ativo,Quarta,1970-01-01 13:30:00.000,Tarde,Ativo,17
2798,S. K. L. ,PSICOLOGIA (AMBULATÓRIO),RETORNO,EXTENSAO - TRANSTORNOS ALIMENTARES,Ativo,Sexta,1970-01-01 13:00:00.000,Tarde,Ativo,3
2798,S. K. L. ,PSICOLOGIA (AMBULATÓRIO),INTERCONSULTA,EXTENSAO - TRANSTORNOS ALIMENTARES,Ativo,Sexta,1970-01-01 13:00:00.000,Tarde,Ativo,3
2800,I. A. D. O. P. ,SERVICO SOCIAL,INTERCONSULTA,SERVICO SOCIAL - HEMODIALISE,Ativo,Segunda,1970-01-01 13:00:00.000,Tarde,Ativo,2
2800,I. A. D. O. P. ,SERVICO SOCIAL,RETORNO,SERVICO SOCIAL - HEMODIALISE,Ativo,Segunda,1970-01-01 13:00:00.000,Tarde,Ativo,4
2800,I. A. D. O. P. ,SERVICO SOCIAL,RETORNO,SERVICO SOCIAL - HEMODIALISE,Ativo,Segunda,1970-01-01 07:00:00.000,Manhã,Ativo,4
2800,I. A. D. O. P. ,SERVICO SOCIAL,INTERCONSULTA,SERVICO SOCIAL - HEMODIALISE,Ativo,Segunda,1970-01-01 07:00:00.000,Manhã,Ativo,2
2800,I. A. D. O. P. ,SERVICO SOCIAL,INTERCONSULTA,SERVICO SOCIAL - HEMODIALISE,Ativo,Terça,1970-01-01 07:00:00.000,Manhã,Ativo,2
2800,I. A. D. O. P. ,SERVICO SOCIAL,RETORNO,SERVICO SOCIAL - HEMODIALISE,Ativo,Terça,1970-01-01 07:00:00.000,Manhã,Ativo,4
2800,I. A. D. O. P. ,SERVICO SOCIAL,INTERCONSULTA,SERVICO SOCIAL - HEMODIALISE,Ativo,Terça,1970-01-01 13:00:00.000,Tarde,Ativo,2
2800,I. A. D. O. P. ,SERVICO SOCIAL,RETORNO,SERVICO SOCIAL - HEMODIALISE,Ativo,Terça,1970-01-01 13:00:00.000,Tarde,Ativo,4
2800,I. A. D. O. P. ,SERVICO SOCIAL,INTERCONSULTA,SERVICO SOCIAL - HEMODIALISE,Ativo,Quarta,1970-01-01 07:00:00.000,Manhã,Ativo,2
2800,I. A. D. O. P. ,SERVICO SOCIAL,RETORNO,SERVICO SOCIAL - HEMODIALISE,Ativo,Quarta,1970-01-01 07:00:00.000,Manhã,Ativo,4
2800,I. A. D. O. P. ,SERVICO SOCIAL,INTERCONSULTA,SERVICO SOCIAL - HEMODIALISE,Ativo,Quinta,1970-01-01 07:00:00.000,Manhã,Ativo,2
2800,I. A. D. O. P. ,SERVICO SOCIAL,RETORNO,SERVICO SOCIAL - HEMODIALISE,Ativo,Quinta,1970-01-01 07:00:00.000,Manhã,Ativo,4
2800,I. A. D. O. P. ,SERVICO SOCIAL,RETORNO,SERVICO SOCIAL - HEMODIALISE,Ativo,Sexta,1970-01-01 07:00:00.000,Manhã,Ativo,4
2800,I. A. D. O. P. ,SERVICO SOCIAL,INTERCONSULTA,SERVICO SOCIAL - HEMODIALISE,Ativo,Sexta,1970-01-01 07:00:00.000,Manhã,Ativo,2
2802,I. S. V. ,SERVICO SOCIAL,RETORNO,SERVICO SOCIAL - HEMODIALISE,Ativo,Segunda,1970-01-01 07:00:00.000,Manhã,Ativo,4
2802,I. S. V. ,SERVICO SOCIAL,INTERCONSULTA,SERVICO SOCIAL - HEMODIALISE,Ativo,Segunda,1970-01-01 13:00:00.000,Tarde,Ativo,2
2802,I. S. V. ,SERVICO SOCIAL,INTERCONSULTA,SERVICO SOCIAL - HEMODIALISE,Ativo,Segunda,1970-01-01 07:00:00.000,Manhã,Ativo,2
2802,I. S. V. ,SERVICO SOCIAL,RETORNO,SERVICO SOCIAL - HEMODIALISE,Ativo,Segunda,1970-01-01 13:00:00.000,Tarde,Ativo,4
2802,I. S. V. ,SERVICO SOCIAL,INTERCONSULTA,SERVICO SOCIAL - HEMODIALISE,Ativo,Terça,1970-01-01 13:00:00.000,Tarde,Ativo,2
2802,I. S. V. ,SERVICO SOCIAL,INTERCONSULTA,SERVICO SOCIAL - HEMODIALISE,Ativo,Terça,1970-01-01 07:00:00.000,Manhã,Ativo,2
2802,I. S. V. ,SERVICO SOCIAL,RETORNO,SERVICO SOCIAL - HEMODIALISE,Ativo,Terça,1970-01-01 13:00:00.000,Tarde,Ativo,4
2802,I. S. V. ,SERVICO SOCIAL,RETORNO,SERVICO SOCIAL - HEMODIALISE,Ativo,Terça,1970-01-01 07:00:00.000,Manhã,Ativo,4
2802,I. S. V. ,SERVICO SOCIAL,RETORNO,SERVICO SOCIAL - HEMODIALISE,Ativo,Quarta,1970-01-01 07:00:00.000,Manhã,Ativo,4
2802,I. S. V. ,SERVICO SOCIAL,INTERCONSULTA,SERVICO SOCIAL - HEMODIALISE,Ativo,Quarta,1970-01-01 07:00:00.000,Manhã,Ativo,2
2802,I. S. V. ,SERVICO SOCIAL,INTERCONSULTA,SERVICO SOCIAL - HEMODIALISE,Ativo,Quinta,1970-01-01 07:00:00.000,Manhã,Ativo,2
2802,I. S. V. ,SERVICO SOCIAL,RETORNO,SERVICO SOCIAL - HEMODIALISE,Ativo,Quinta,1970-01-01 07:00:00.000,Manhã,Ativo,4
2802,I. S. V. ,SERVICO SOCIAL,RETORNO,SERVICO SOCIAL - HEMODIALISE,Ativo,Sexta,1970-01-01 07:00:00.000,Manhã,Ativo,4
2802,I. S. V. ,SERVICO SOCIAL,INTERCONSULTA,SERVICO SOCIAL - HEMODIALISE,Ativo,Sexta,1970-01-01 07:00:00.000,Manhã,Ativo,2
2803,S. G. D. N. ,SERVICO SOCIAL,INTERCONSULTA,SERVICO SOCIAL - UROLOGIA,Ativo,Quarta,1970-01-01 07:00:00.000,Manhã,Ativo,3
2803,S. G. D. N. ,SERVICO SOCIAL,RETORNO,SERVICO SOCIAL - UROLOGIA,Ativo,Quarta,1970-01-01 07:00:00.000,Manhã,Ativo,2
2804,S. G. D. N. ,SERVICO SOCIAL,INTERCONSULTA,SERVICO SOCIAL - PLANEJAMENTO FAM. - PALESTRA,Ativo,Terça,1970-01-01 07:00:00.000,Manhã,Ativo,4
2806,V. M. D. S. M. ,SERVICO SOCIAL,INTERCONSULTA,SERVICO SOCIAL - PEDIATRIA,Ativo,Segunda,1970-01-01 07:00:00.000,Manhã,Ativo,5
2806,V. M. D. S. M. ,SERVICO SOCIAL,RETORNO,SERVICO SOCIAL - PEDIATRIA,Ativo,Segunda,1970-01-01 07:00:00.000,Manhã,Ativo,5
2806,V. M. D. S. M. ,SERVICO SOCIAL,RETORNO,SERVICO SOCIAL - PEDIATRIA,Ativo,Terça,1970-01-01 07:00:00.000,Manhã,Ativo,5
2806,V. M. D. S. M. ,SERVICO SOCIAL,INTERCONSULTA,SERVICO SOCIAL - PEDIATRIA,Ativo,Terça,1970-01-01 07:00:00.000,Manhã,Ativo,5
2806,V. M. D. S. M. ,SERVICO SOCIAL,RETORNO,SERVICO SOCIAL - PEDIATRIA,Ativo,Quarta,1970-01-01 07:00:00.000,Manhã,Ativo,5
2806,V. M. D. S. M. ,SERVICO SOCIAL,INTERCONSULTA,SERVICO SOCIAL - PEDIATRIA,Ativo,Quarta,1970-01-01 07:00:00.000,Manhã,Ativo,5
2806,V. M. D. S. M. ,SERVICO SOCIAL,INTERCONSULTA,SERVICO SOCIAL - PEDIATRIA,Ativo,Quinta,1970-01-01 07:00:00.000,Manhã,Ativo,5
2806,V. M. D. S. M. ,SERVICO SOCIAL,RETORNO,SERVICO SOCIAL - PEDIATRIA,Ativo,Quinta,1970-01-01 07:00:00.000,Manhã,Ativo,5
2808,V. L. P. A. M. D. A. ,PSIQUIATRIA (AMBULATÓRIO),RETORNO,ENFERMAGEM - SAUDE MENTAL,Ativo,Segunda,1970-01-01 07:00:00.000,Manhã,Ativo,1
2808,V. L. P. A. M. D. A. ,PSIQUIATRIA (AMBULATÓRIO),RETORNO,ENFERMAGEM - SAUDE MENTAL,Ativo,Terça,1970-01-01 07:00:00.000,Manhã,Ativo,1
2808,V. L. P. A. M. D. A. ,PSIQUIATRIA (AMBULATÓRIO),RETORNO,ENFERMAGEM - SAUDE MENTAL,Ativo,Quarta,1970-01-01 07:00:00.000,Manhã,Ativo,1
2808,V. L. P. A. M. D. A. ,PSIQUIATRIA (AMBULATÓRIO),RETORNO,ENFERMAGEM - SAUDE MENTAL,Ativo,Quinta,1970-01-01 07:00:00.000,Manhã,Ativo,1
2808,V. L. P. A. M. D. A. ,PSIQUIATRIA (AMBULATÓRIO),RETORNO,ENFERMAGEM - SAUDE MENTAL,Ativo,Sexta,1970-01-01 07:00:00.000,Manhã,Ativo,1
2810,E. D. S. N. ,ENFERMAGEM,TELEATENDIMENTO,TELENFERMAGEM EM IODOTERAPIA,Ativo,Segunda,1970-01-01 13:30:00.000,Tarde,Ativo,8
2810,E. D. S. N. ,ENFERMAGEM,TELEATENDIMENTO,TELENFERMAGEM EM IODOTERAPIA,Ativo,Terça,1970-01-01 13:30:00.000,Tarde,Ativo,8
2810,E. D. S. N. ,ENFERMAGEM,TELEATENDIMENTO,TELENFERMAGEM EM IODOTERAPIA,Ativo,Quarta,1970-01-01 13:30:00.000,Tarde,Ativo,8
2810,E. D. S. N. ,ENFERMAGEM,TELEATENDIMENTO,TELENFERMAGEM EM IODOTERAPIA,Ativo,Quinta,1970-01-01 13:30:00.000,Tarde,Ativo,8
2810,E. D. S. N. ,ENFERMAGEM,TELEATENDIMENTO,TELENFERMAGEM EM IODOTERAPIA,Ativo,Sexta,1970-01-01 13:30:00.000,Tarde,Ativo,8
2812,G. P. U. D. M. S. ,SAUDE OCUPACIONAL E SEGURANCA DO TRABALHO,,MAMOGRAFIA RASTREAMENTO,Ativo,,,,,
2814,F. C. D. A. ,NÚCLEO DO SERVIDOR (AMBULATÓRIO),,MAMOGRAFIA - NASS,Ativo,,,,,
2816,F. D. C. R. ,ENFERMAGEM,REGISTRO EM PRONTUARIO,ENFERMAGEM - LISTA CIRURGICA,Inativo,Segunda,1970-01-01 07:00:00.000,Manhã,Ativo,2
2816,F. D. C. R. ,ENFERMAGEM,REGISTRO EM PRONTUARIO,ENFERMAGEM - LISTA CIRURGICA,Inativo,Terça,1970-01-01 07:00:00.000,Manhã,Ativo,2
2816,F. D. C. R. ,ENFERMAGEM,REGISTRO EM PRONTUARIO,ENFERMAGEM - LISTA CIRURGICA,Inativo,Quarta,1970-01-01 07:00:00.000,Manhã,Ativo,2
2816,F. D. C. R. ,ENFERMAGEM,REGISTRO EM PRONTUARIO,ENFERMAGEM - LISTA CIRURGICA,Inativo,Quinta,1970-01-01 07:00:00.000,Manhã,Ativo,2
2816,F. D. C. R. ,ENFERMAGEM,REGISTRO EM PRONTUARIO,ENFERMAGEM - LISTA CIRURGICA,Inativo,Sexta,1970-01-01 07:00:00.000,Manhã,Ativo,2
2818,M. C. P. D. S. ,ENFERMAGEM,REGISTRO EM PRONTUARIO,ENFERMAGEM - LISTA CIRURGICA,Ativo,Segunda,1970-01-01 07:00:00.000,Manhã,Ativo,2
2818,M. C. P. D. S. ,ENFERMAGEM,REGISTRO EM PRONTUARIO,ENFERMAGEM - LISTA CIRURGICA,Ativo,Terça,1970-01-01 07:00:00.000,Manhã,Ativo,2
2818,M. C. P. D. S. ,ENFERMAGEM,REGISTRO EM PRONTUARIO,ENFERMAGEM - LISTA CIRURGICA,Ativo,Quarta,1970-01-01 07:00:00.000,Manhã,Ativo,2
2818,M. C. P. D. S. ,ENFERMAGEM,REGISTRO EM PRONTUARIO,ENFERMAGEM - LISTA CIRURGICA,Ativo,Quinta,1970-01-01 07:00:00.000,Manhã,Ativo,2
2818,M. C. P. D. S. ,ENFERMAGEM,REGISTRO EM PRONTUARIO,ENFERMAGEM - LISTA CIRURGICA,Ativo,Sexta,1970-01-01 07:00:00.000,Manhã,Ativo,2
2820,P. S. D. S. ,ENFERMAGEM,REGISTRO EM PRONTUARIO,ENFERMAGEM - LISTA CIRURGICA,Ativo,Segunda,1970-01-01 07:00:00.000,Manhã,Ativo,2
2820,P. S. D. S. ,ENFERMAGEM,REGISTRO EM PRONTUARIO,ENFERMAGEM - LISTA CIRURGICA,Ativo,Terça,1970-01-01 07:00:00.000,Manhã,Ativo,2
2820,P. S. D. S. ,ENFERMAGEM,REGISTRO EM PRONTUARIO,ENFERMAGEM - LISTA CIRURGICA,Ativo,Quarta,1970-01-01 07:00:00.000,Manhã,Ativo,2
2820,P. S. D. S. ,ENFERMAGEM,REGISTRO EM PRONTUARIO,ENFERMAGEM - LISTA CIRURGICA,Ativo,Quinta,1970-01-01 07:00:00.000,Manhã,Ativo,2
2820,P. S. D. S. ,ENFERMAGEM,REGISTRO EM PRONTUARIO,ENFERMAGEM - LISTA CIRURGICA,Ativo,Sexta,1970-01-01 07:00:00.000,Manhã,Ativo,2
2822,G. B. D. O. P. ,ENFERMAGEM,REGISTRO EM PRONTUARIO,ENFERMAGEM - LISTA CIRURGICA,Inativo,Segunda,1970-01-01 07:00:00.000,Manhã,Ativo,2
2822,G. B. D. O. P. ,ENFERMAGEM,REGISTRO EM PRONTUARIO,ENFERMAGEM - LISTA CIRURGICA,Inativo,Terça,1970-01-01 07:00:00.000,Manhã,Ativo,2
2822,G. B. D. O. P. ,ENFERMAGEM,REGISTRO EM PRONTUARIO,ENFERMAGEM - LISTA CIRURGICA,Inativo,Quarta,1970-01-01 07:00:00.000,Manhã,Ativo,2
2822,G. B. D. O. P. ,ENFERMAGEM,REGISTRO EM PRONTUARIO,ENFERMAGEM - LISTA CIRURGICA,Inativo,Quinta,1970-01-01 07:00:00.000,Manhã,Ativo,2
2822,G. B. D. O. P. ,ENFERMAGEM,REGISTRO EM PRONTUARIO,ENFERMAGEM - LISTA CIRURGICA,Inativo,Sexta,1970-01-01 07:00:00.000,Manhã,Ativo,2
2824,M. S. D. C. ,FISIOTERAPIA,SESSAO,FISIOTERAPIA - CUIDADOS PALIATIVOS,Ativo,Sexta,1970-01-01 07:00:00.000,Manhã,Ativo,5
2826,A. D. S. A. C. ,GINECOLOGIA (AMBULATÓRIO),RETORNO,GINECOLOGIA - TGI - ALTO GRAU,Ativo,Terça,1970-01-01 07:00:00.000,Manhã,Ativo,4
2828,S. L. C. ,OFTALMOLOGIA (AMBULATÓRIO),TELEATENDIMENTO,TELENFERMAGEM EM OFTALMOLOGIA,Ativo,Segunda,1970-01-01 15:00:00.000,Tarde,Ativo,4
2828,S. L. C. ,OFTALMOLOGIA (AMBULATÓRIO),TELEATENDIMENTO,TELENFERMAGEM EM OFTALMOLOGIA,Ativo,Quarta,1970-01-01 15:00:00.000,Tarde,Ativo,4
2830,V. L. D. M. P. ,CARDIOLOGIA (AMBULATÓRIO),TELEATENDIMENTO,TELENFERMAGEM EM CARDIOLOGIA,Ativo,Sexta,1970-01-01 15:00:00.000,Tarde,Ativo,4
2832,P. R. D. S. ,CIRURGIA PLÁSTICA (AMBULATÓRIO),TELEATENDIMENTO,TELENFERMAGEM EM PLASTICA,Ativo,Quinta,1970-01-01 14:00:00.000,Tarde,Ativo,4
2834,K. R. F. D. S. ,CIRURGIA PLÁSTICA (AMBULATÓRIO),TELEATENDIMENTO,TELENFERMAGEM EM PLASTICA,Ativo,Segunda,1970-01-01 15:00:00.000,Tarde,Ativo,4
2834,K. R. F. D. S. ,CIRURGIA PLÁSTICA (AMBULATÓRIO),TELEATENDIMENTO,TELENFERMAGEM EM PLASTICA,Ativo,Quarta,1970-01-01 15:00:00.000,Tarde,Ativo,4
2838,J. R. R. D. S. ,HEMATOLOGIA (AMBULATÓRIO),TELEATENDIMENTO,TELENFERMAGEM EM HEMATOLOGIA,Ativo,Segunda,1970-01-01 15:00:00.000,Tarde,Ativo,4
2838,J. R. R. D. S. ,HEMATOLOGIA (AMBULATÓRIO),TELEATENDIMENTO,TELENFERMAGEM EM HEMATOLOGIA,Ativo,Quarta,1970-01-01 15:00:00.000,Tarde,Ativo,4
2840,B. T. D. C. ,GASTROENTEROLOGIA (AMBULATÓRIO),RETORNO,GASTROENTEROLOGIA - HEPATOLOGIA,Ativo,Quarta,1970-01-01 07:00:00.000,Manhã,Ativo,5
2840,B. T. D. C. ,GASTROENTEROLOGIA (AMBULATÓRIO),CONSULTA REGULADA,GASTROENTEROLOGIA - HEPATOLOGIA,Ativo,Quarta,1970-01-01 10:00:00.000,Manhã,Ativo,3
2840,B. T. D. C. ,GASTROENTEROLOGIA (AMBULATÓRIO),INTERCONSULTA,GASTROENTEROLOGIA - HEPATOLOGIA,Ativo,Quarta,1970-01-01 07:00:00.000,Manhã,Ativo,2
2840,B. T. D. C. ,GASTROENTEROLOGIA (AMBULATÓRIO),CONSULTA REGULADA,GASTROENTEROLOGIA - HEPATOLOGIA,Ativo,Sexta,1970-01-01 10:00:00.000,Manhã,Ativo,2
2842,T. B. M. C. ,CIRURGIA VASCULAR (AMBULATÓRIO),CONSULTA REGULADA,CIRURGIA VASCULAR - ESCLEROTERAPIA COM ESPUMA,Ativo,Segunda,1970-01-01 10:00:00.000,Manhã,Ativo,4
2844,B. T. D. C. ,GASTROENTEROLOGIA (AMBULATÓRIO),RETORNO,GASTROENTEROLOGIA - BIOPSIA HEPATICA,Ativo,Sexta,1970-01-01 07:00:00.000,Manhã,Ativo,2
2844,B. T. D. C. ,GASTROENTEROLOGIA (AMBULATÓRIO),INTERCONSULTA,GASTROENTEROLOGIA - BIOPSIA HEPATICA,Ativo,Sexta,1970-01-01 07:00:00.000,Manhã,Ativo,1
2844,B. T. D. C. ,GASTROENTEROLOGIA (AMBULATÓRIO),CONSULTA REGULADA,GASTROENTEROLOGIA - BIOPSIA HEPATICA,Ativo,Sexta,1970-01-01 10:00:00.000,Manhã,Inativo,1
2848,E. D. B. C. J. ,INFECTOLOGIA (AMBULATÓRIO),CONSULTA REGULADA,DIP - HTLV,Inativo,Quinta,1970-01-01 10:00:00.000,Manhã,Ativo,1
2850,C. F. D. L. V. ,INFECTOLOGIA (AMBULATÓRIO),CONSULTA REGULADA,DIP - HTLV,Inativo,Quinta,1970-01-01 10:00:00.000,Manhã,Ativo,1
2852,J. S. D. N. R. ,CARDIOLOGIA (AMBULATÓRIO),TELEATENDIMENTO,TELEMEDICINA - INR,Ativo,Quinta,1970-01-01 08:00:00.000,Manhã,Ativo,10
2854,V. D. C. B. P. ,GERIATRIA (AMBULATORIO),INTERCONSULTA,GERIATRIA - TRIAGEM,Inativo,Quinta,1970-01-01 08:00:00.000,Manhã,Ativo,4
2856,P. V. B. D. O. ,TERAPIA OCUPACIONAL,,TERAPIA OCUPACIONAL EM NEFROLOGIA,Ativo,,,,,
2858,M. S. D. C. ,FISIOTERAPIA,INTERCONSULTA,FISIOTERAPIA - TRIAGEM,Ativo,Terça,1970-01-01 07:00:00.000,Manhã,Ativo,15
2860,M. S. P. D. L. ,REUMATOLOGIA (AMBULATÓRIO),RETORNO,REUMATOLOGIA - SAAF,Ativo,Segunda,1970-01-01 13:00:00.000,Tarde,Ativo,4
2862,C. A. D. A. D. C. A. ,REUMATOLOGIA (AMBULATÓRIO),RETORNO,REUMATOLOGIA - SAAF,Ativo,Segunda,1970-01-01 13:00:00.000,Tarde,Ativo,4
2864,M. S. P. D. L. ,REUMATOLOGIA (AMBULATÓRIO),RETORNO,REUMATOLOGIA - OSTEOARTRITE,Ativo,Segunda,1970-01-01 13:00:00.000,Tarde,Inativo,10
2866,A. P. C. D. A. B. F. L. ,OTORRINOLARINGOLOGIA (AMBULATÓRIO),RETORNO,OTORRINOLARINGOLOGIA - APNEIA DO SONO,Ativo,Quarta,1970-01-01 07:00:00.000,Manhã,Ativo,5
2868,C. A. D. A. D. C. A. ,REUMATOLOGIA (AMBULATÓRIO),RETORNO,REUMATOLOGIA - OSTEOARTRITE,Ativo,Segunda,1970-01-01 13:00:00.000,Tarde,Inativo,10
2870,M. S. P. D. L. ,REUMATOLOGIA (AMBULATÓRIO),CONSULTA REGULADA,REUMATOLOGIA,Ativo,Quarta,1970-01-01 10:00:00.000,Manhã,Ativo,10
2872,V. D. C. B. P. ,NÚCLEO DO SERVIDOR (AMBULATÓRIO),CONSULTA PRIMEIRA VEZ SERVIDOR(A),GERIATRIA NEUROCOGNICAO - NASS,Ativo,Quinta,1970-01-01 15:00:00.000,Tarde,Ativo,2
2874,I. D. F. P. D. A. ,PSIQUIATRIA (AMBULATÓRIO),RETORNO,PSIQUIATRIA - INFUSAO DE ESCETAMINA (AMIE),Ativo,Segunda,1970-01-01 07:00:00.000,Manhã,Ativo,2
2876,E. M. E. ,PSIQUIATRIA (AMBULATÓRIO),RETORNO,PSIQUIATRIA - INFUSAO DE ESCETAMINA (AMIE),Ativo,Quarta,1970-01-01 07:00:00.000,Manhã,Ativo,2
2877,M. L. D. M. ,PSIQUIATRIA (AMBULATÓRIO),RETORNO,PSIQUIATRIA - INFUSAO DE ESCETAMINA (AMIE),Ativo,Sexta,1970-01-01 07:00:00.000,Manhã,Ativo,2
2878,L. N. S. F. ,REUMATOLOGIA (AMBULATÓRIO),RETORNO,ENFERMAGEM EM REUMATOLOGIA,Ativo,Segunda,1970-01-01 07:00:00.000,Manhã,Ativo,15
2878,L. N. S. F. ,REUMATOLOGIA (AMBULATÓRIO),RETORNO,ENFERMAGEM EM REUMATOLOGIA,Ativo,Terça,1970-01-01 07:00:00.000,Manhã,Ativo,15
2878,L. N. S. F. ,REUMATOLOGIA (AMBULATÓRIO),RETORNO,ENFERMAGEM EM REUMATOLOGIA,Ativo,Quarta,1970-01-01 07:00:00.000,Manhã,Ativo,15
2878,L. N. S. F. ,REUMATOLOGIA (AMBULATÓRIO),RETORNO,ENFERMAGEM EM REUMATOLOGIA,Ativo,Quinta,1970-01-01 07:00:00.000,Manhã,Ativo,15
2878,L. N. S. F. ,REUMATOLOGIA (AMBULATÓRIO),RETORNO,ENFERMAGEM EM REUMATOLOGIA,Ativo,Sexta,1970-01-01 07:00:00.000,Manhã,Ativo,15
2880,V. R. D. A. ,REUMATOLOGIA (AMBULATÓRIO),RETORNO,ENFERMAGEM EM REUMATOLOGIA,Inativo,Segunda,1970-01-01 07:00:00.000,Manhã,Ativo,15
2880,V. R. D. A. ,REUMATOLOGIA (AMBULATÓRIO),RETORNO,ENFERMAGEM EM REUMATOLOGIA,Inativo,Terça,1970-01-01 07:00:00.000,Manhã,Ativo,15
2880,V. R. D. A. ,REUMATOLOGIA (AMBULATÓRIO),RETORNO,ENFERMAGEM EM REUMATOLOGIA,Inativo,Quarta,1970-01-01 07:00:00.000,Manhã,Ativo,15
2880,V. R. D. A. ,REUMATOLOGIA (AMBULATÓRIO),RETORNO,ENFERMAGEM EM REUMATOLOGIA,Inativo,Quinta,1970-01-01 07:00:00.000,Manhã,Ativo,15
2880,V. R. D. A. ,REUMATOLOGIA (AMBULATÓRIO),RETORNO,ENFERMAGEM EM REUMATOLOGIA,Inativo,Sexta,1970-01-01 07:00:00.000,Manhã,Ativo,15
2882,V. R. D. A. ,PNEUMOLOGIA (AMBULATÓRIO),RETORNO,ENFERMAGEM - PNEUMOLOGIA,Ativo,Segunda,1970-01-01 07:00:00.000,Manhã,Ativo,1
2882,V. R. D. A. ,PNEUMOLOGIA (AMBULATÓRIO),RETORNO,ENFERMAGEM - PNEUMOLOGIA,Ativo,Terça,1970-01-01 07:00:00.000,Manhã,Ativo,1
2882,V. R. D. A. ,PNEUMOLOGIA (AMBULATÓRIO),RETORNO,ENFERMAGEM - PNEUMOLOGIA,Ativo,Quarta,1970-01-01 07:00:00.000,Manhã,Ativo,1
2882,V. R. D. A. ,PNEUMOLOGIA (AMBULATÓRIO),RETORNO,ENFERMAGEM - PNEUMOLOGIA,Ativo,Quinta,1970-01-01 07:00:00.000,Manhã,Ativo,1
2882,V. R. D. A. ,PNEUMOLOGIA (AMBULATÓRIO),RETORNO,ENFERMAGEM - PNEUMOLOGIA,Ativo,Sexta,1970-01-01 07:00:00.000,Manhã,Ativo,1
2884,C. A. D. A. D. C. A. ,REUMATOLOGIA (AMBULATÓRIO),INTERCONSULTA,REUMATOLOGIA,Ativo,Quarta,1970-01-01 07:00:00.000,Manhã,Inativo,2
2884,C. A. D. A. D. C. A. ,REUMATOLOGIA (AMBULATÓRIO),CONSULTA REGULADA,REUMATOLOGIA,Ativo,Quarta,1970-01-01 10:00:00.000,Manhã,Ativo,10
2884,C. A. D. A. D. C. A. ,REUMATOLOGIA (AMBULATÓRIO),RETORNO,REUMATOLOGIA,Ativo,Quarta,1970-01-01 07:00:00.000,Manhã,Inativo,6
2886,C. A. D. A. D. C. A. ,REUMATOLOGIA (AMBULATÓRIO),RETORNO,REUMATOLOGIA - INFUSAO,Ativo,Quarta,1970-01-01 07:00:00.000,Manhã,Ativo,10
2888,M. S. P. D. L. ,REUMATOLOGIA (AMBULATÓRIO),RETORNO,REUMATOLOGIA - LUPUS,Ativo,Quinta,1970-01-01 13:00:00.000,Tarde,Ativo,10
2890,C. A. D. A. D. C. A. ,REUMATOLOGIA (AMBULATÓRIO),RETORNO,REUMATOLOGIA - LUPUS,Ativo,Quinta,1970-01-01 13:00:00.000,Tarde,Ativo,10
2892,C. A. D. A. D. C. A. ,REUMATOLOGIA (AMBULATÓRIO),RETORNO,REUMATOLOGIA - VASCULITES,Ativo,Quinta,1970-01-01 07:00:00.000,Manhã,Ativo,6
2893,M. S. P. D. L. ,REUMATOLOGIA (AMBULATÓRIO),RETORNO,REUMATOLOGIA - VASCULITES,Ativo,Quinta,1970-01-01 07:00:00.000,Manhã,Ativo,6
2896,I. R. P. ,GERIATRIA (AMBULATORIO),RETORNO,GERIATRIA - NAI,Ativo,Segunda,1970-01-01 13:00:00.000,Tarde,Ativo,
2898,A. R. M. A. ,GERIATRIA (AMBULATORIO),RETORNO,GERIATRIA - NAI,Ativo,Terça,1970-01-01 08:00:00.000,Manhã,Ativo,
2898,A. R. M. A. ,GERIATRIA (AMBULATORIO),RETORNO,GERIATRIA - NAI,Ativo,Sexta,1970-01-01 08:00:00.000,Manhã,Ativo,
2900,I. S. I. ,ENDOCRINOLOGIA (AMBULATÓRIO),RETORNO,ENDOCRINOLOGIA - DIABETES,Ativo,Sexta,1970-01-01 13:00:00.000,Tarde,Ativo,12
2902,I. S. I. ,ENDOCRINOLOGIA (AMBULATÓRIO),RETORNO,ENDOCRINOLOGIA - ONCO,Ativo,Quinta,1970-01-01 15:00:00.000,Tarde,Ativo,6
2904,I. S. I. ,ENDOCRINOLOGIA (AMBULATÓRIO),INTERCONSULTA,ENDOCRINOLOGIA - TRIAGEM,Ativo,Sexta,1970-01-01 07:00:00.000,Manhã,Ativo,13
2904,I. S. I. ,ENDOCRINOLOGIA (AMBULATÓRIO),CONSULTA REGULADA,ENDOCRINOLOGIA - TRIAGEM,Ativo,Sexta,1970-01-01 10:00:00.000,Manhã,Ativo,20
2906,K. L. S. D. O. ,PEDIATRIA (AMBULATÓRIO),RETORNO,PEDIATRIA - NEURO,Ativo,Segunda,1970-01-01 13:00:00.000,Tarde,Ativo,4
2906,K. L. S. D. O. ,PEDIATRIA (AMBULATÓRIO),RETORNO,PEDIATRIA - NEURO,Ativo,Segunda,1970-01-01 07:00:00.000,Manhã,Ativo,4
2906,K. L. S. D. O. ,PEDIATRIA (AMBULATÓRIO),INTERCONSULTA,PEDIATRIA - NEURO,Ativo,Segunda,1970-01-01 07:00:00.000,Manhã,Ativo,1
2906,K. L. S. D. O. ,PEDIATRIA (AMBULATÓRIO),CONSULTA REGULADA,PEDIATRIA - NEURO,Ativo,Segunda,1970-01-01 15:30:00.000,Tarde,Ativo,1
2906,K. L. S. D. O. ,PEDIATRIA (AMBULATÓRIO),INTERCONSULTA,PEDIATRIA - NEURO,Ativo,Segunda,1970-01-01 13:00:00.000,Tarde,Ativo,1
2906,K. L. S. D. O. ,PEDIATRIA (AMBULATÓRIO),RETORNO,PEDIATRIA - NEURO,Ativo,Quarta,1970-01-01 07:00:00.000,Manhã,Ativo,4
2906,K. L. S. D. O. ,PEDIATRIA (AMBULATÓRIO),INTERCONSULTA,PEDIATRIA - NEURO,Ativo,Quarta,1970-01-01 13:00:00.000,Tarde,Ativo,1
2906,K. L. S. D. O. ,PEDIATRIA (AMBULATÓRIO),INTERCONSULTA,PEDIATRIA - NEURO,Ativo,Quarta,1970-01-01 07:00:00.000,Manhã,Ativo,1
2906,K. L. S. D. O. ,PEDIATRIA (AMBULATÓRIO),RETORNO,PEDIATRIA - NEURO,Ativo,Quarta,1970-01-01 13:00:00.000,Tarde,Ativo,4
2906,K. L. S. D. O. ,PEDIATRIA (AMBULATÓRIO),CONSULTA REGULADA,PEDIATRIA - NEURO,Ativo,Quarta,1970-01-01 15:30:00.000,Tarde,Ativo,1
2908,N. V. L. ,GINECOLOGIA (AMBULATÓRIO),INTERCONSULTA,GINECOLOGIA - TRIAGEM,Ativo,Segunda,1970-01-01 13:00:00.000,Tarde,Ativo,4
2908,N. V. L. ,GINECOLOGIA (AMBULATÓRIO),CONSULTA REGULADA,GINECOLOGIA - TRIAGEM,Ativo,Segunda,1970-01-01 15:30:00.000,Tarde,Ativo,8
2910,D. V. C. ,CARDIOLOGIA (AMBULATÓRIO),CONSULTA REGULADA,CARDIOLOGIA,Ativo,Terça,1970-01-01 15:30:00.000,Tarde,Ativo,3
2910,D. V. C. ,CARDIOLOGIA (AMBULATÓRIO),INTERCONSULTA,CARDIOLOGIA,Ativo,Terça,1970-01-01 13:00:00.000,Tarde,Ativo,1
2910,D. V. C. ,CARDIOLOGIA (AMBULATÓRIO),RETORNO,CARDIOLOGIA,Ativo,Terça,1970-01-01 13:00:00.000,Tarde,Ativo,6
2912,D. G. E. S. ,GERIATRIA (AMBULATORIO),TELEATENDIMENTO,TELEMEDICINA EM GERIATRIA,Ativo,Quarta,1970-01-01 08:00:00.000,Manhã,Ativo,6
2914,B. D. M. P. M. ,ORTOPEDIA (AMBULATÓRIO),TELEATENDIMENTO,TELETRIAGEM ORTOPEDIA,Ativo,Segunda,1970-01-01 08:00:00.000,Manhã,Ativo,14
2914,B. D. M. P. M. ,ORTOPEDIA (AMBULATÓRIO),TELEATENDIMENTO,TELETRIAGEM ORTOPEDIA,Ativo,Segunda,1970-01-01 13:30:00.000,Tarde,Ativo,16
2916,L. M. D. C. ,GINECOLOGIA (AMBULATÓRIO),RETORNO,GINECOLOGIA - DISFUNÇÃO DO ASSOALHO PÉLVICO,Ativo,Segunda,1970-01-01 13:00:00.000,Tarde,Ativo,8
2916,L. M. D. C. ,GINECOLOGIA (AMBULATÓRIO),INTERCONSULTA,GINECOLOGIA - DISFUNÇÃO DO ASSOALHO PÉLVICO,Ativo,Segunda,1970-01-01 13:00:00.000,Tarde,Ativo,2
2918,A. A. B. ,GINECOLOGIA (AMBULATÓRIO),INTERCONSULTA,GINECOLOGIA - DISFUNÇÃO DO ASSOALHO PÉLVICO,Ativo,Sexta,1970-01-01 07:00:00.000,Manhã,Ativo,2
2918,A. A. B. ,GINECOLOGIA (AMBULATÓRIO),RETORNO,GINECOLOGIA - DISFUNÇÃO DO ASSOALHO PÉLVICO,Ativo,Sexta,1970-01-01 07:00:00.000,Manhã,Ativo,8
2920,J. T. C. F. ,ENFERMAGEM,TELEATENDIMENTO,ENFERMAGEM - BRONCOSCOPIA - TELEENFERMAGEM,Ativo,Segunda,1970-01-01 13:30:00.000,Tarde,Ativo,5
2922,P. V. B. D. O. ,TERAPIA OCUPACIONAL,,TERAPIA OCUPACIONAL - GRUPO TERAPEUTICO DOR,Ativo,,,,,
2926,A. P. D. S. Q. ,NEFROLOGIA (AMBULATÓRIO),,ENFERMAGEM - HEMODIALISE,Ativo,,,,,
2928,J. C. D. A. L. S. ,NEFROLOGIA (AMBULATÓRIO),SESSAO,HEMODIALISE,Ativo,Segunda,1970-01-01 13:00:00.000,Tarde,Ativo,18
2928,J. C. D. A. L. S. ,NEFROLOGIA (AMBULATÓRIO),SESSAO,HEMODIALISE,Ativo,Segunda,1970-01-01 18:00:00.000,Noite,Ativo,18
2928,J. C. D. A. L. S. ,NEFROLOGIA (AMBULATÓRIO),SESSAO,HEMODIALISE,Ativo,Segunda,1970-01-01 06:00:00.000,Manhã,Ativo,18
2928,J. C. D. A. L. S. ,NEFROLOGIA (AMBULATÓRIO),SESSAO,HEMODIALISE,Ativo,Terça,1970-01-01 06:00:00.000,Manhã,Ativo,18
2928,J. C. D. A. L. S. ,NEFROLOGIA (AMBULATÓRIO),SESSAO,HEMODIALISE,Ativo,Terça,1970-01-01 18:00:00.000,Noite,Ativo,18
2928,J. C. D. A. L. S. ,NEFROLOGIA (AMBULATÓRIO),SESSAO,HEMODIALISE,Ativo,Terça,1970-01-01 13:00:00.000,Tarde,Ativo,18
2928,J. C. D. A. L. S. ,NEFROLOGIA (AMBULATÓRIO),SESSAO,HEMODIALISE,Ativo,Quarta,1970-01-01 18:00:00.000,Noite,Ativo,18
2928,J. C. D. A. L. S. ,NEFROLOGIA (AMBULATÓRIO),SESSAO,HEMODIALISE,Ativo,Quarta,1970-01-01 06:00:00.000,Manhã,Ativo,18
2928,J. C. D. A. L. S. ,NEFROLOGIA (AMBULATÓRIO),SESSAO,HEMODIALISE,Ativo,Quarta,1970-01-01 13:00:00.000,Tarde,Ativo,18
2928,J. C. D. A. L. S. ,NEFROLOGIA (AMBULATÓRIO),SESSAO,HEMODIALISE,Ativo,Quinta,1970-01-01 18:00:00.000,Noite,Ativo,18
2928,J. C. D. A. L. S. ,NEFROLOGIA (AMBULATÓRIO),SESSAO,HEMODIALISE,Ativo,Quinta,1970-01-01 06:00:00.000,Manhã,Ativo,18
2928,J. C. D. A. L. S. ,NEFROLOGIA (AMBULATÓRIO),SESSAO,HEMODIALISE,Ativo,Quinta,1970-01-01 13:00:00.000,Tarde,Ativo,18
2928,J. C. D. A. L. S. ,NEFROLOGIA (AMBULATÓRIO),SESSAO,HEMODIALISE,Ativo,Sexta,1970-01-01 06:00:00.000,Manhã,Ativo,18
2928,J. C. D. A. L. S. ,NEFROLOGIA (AMBULATÓRIO),SESSAO,HEMODIALISE,Ativo,Sexta,1970-01-01 18:00:00.000,Noite,Ativo,18
2928,J. C. D. A. L. S. ,NEFROLOGIA (AMBULATÓRIO),SESSAO,HEMODIALISE,Ativo,Sexta,1970-01-01 13:00:00.000,Tarde,Ativo,18
2928,J. C. D. A. L. S. ,NEFROLOGIA (AMBULATÓRIO),SESSAO,HEMODIALISE,Ativo,Sábado,1970-01-01 13:00:00.000,Tarde,Ativo,18
2928,J. C. D. A. L. S. ,NEFROLOGIA (AMBULATÓRIO),SESSAO,HEMODIALISE,Ativo,Sábado,1970-01-01 06:00:00.000,Manhã,Ativo,18
2928,J. C. D. A. L. S. ,NEFROLOGIA (AMBULATÓRIO),SESSAO,HEMODIALISE,Ativo,Sábado,1970-01-01 18:00:00.000,Noite,Ativo,18
2930,A. V. L. G. ,ANESTESIOLOGIA (AMBULATÓRIO),TELEATENDIMENTO,ANESTESIOLOGIA - TELEMEDICINA,Inativo,Segunda,1970-01-01 08:00:00.000,Manhã,Ativo,14
2930,A. V. L. G. ,ANESTESIOLOGIA (AMBULATÓRIO),TELEATENDIMENTO,ANESTESIOLOGIA - TELEMEDICINA,Inativo,Segunda,1970-01-01 13:30:00.000,Tarde,Ativo,15
2930,A. V. L. G. ,ANESTESIOLOGIA (AMBULATÓRIO),TELEATENDIMENTO,ANESTESIOLOGIA - TELEMEDICINA,Inativo,Quarta,1970-01-01 13:30:00.000,Tarde,Ativo,15
2930,A. V. L. G. ,ANESTESIOLOGIA (AMBULATÓRIO),TELEATENDIMENTO,ANESTESIOLOGIA - TELEMEDICINA,Inativo,Quarta,1970-01-01 08:00:00.000,Manhã,Ativo,14
2930,A. V. L. G. ,ANESTESIOLOGIA (AMBULATÓRIO),TELEATENDIMENTO,ANESTESIOLOGIA - TELEMEDICINA,Inativo,Quinta,1970-01-01 08:00:00.000,Manhã,Ativo,14
2932,J. B. D. O. F. ,ONCOLOGIA (AMBULATÓRIO),RETORNO,ONCOLOGIA - MASTOLOGIA,Inativo,Segunda,1970-01-01 07:00:00.000,Manhã,Inativo,10
2932,J. B. D. O. F. ,ONCOLOGIA (AMBULATÓRIO),INTERCONSULTA,ONCOLOGIA - MASTOLOGIA,Inativo,Segunda,1970-01-01 07:00:00.000,Manhã,Inativo,2
2932,J. B. D. O. F. ,ONCOLOGIA (AMBULATÓRIO),INTERCONSULTA,ONCOLOGIA - MASTOLOGIA,Inativo,Quinta,1970-01-01 07:00:00.000,Manhã,Inativo,2
2932,J. B. D. O. F. ,ONCOLOGIA (AMBULATÓRIO),RETORNO,ONCOLOGIA - MASTOLOGIA,Inativo,Quinta,1970-01-01 07:00:00.000,Manhã,Inativo,10
2934,R. V. S. ,DERMATOLOGIA (AMBULATÓRIO),RETORNO,ENFERMAGEM - DERMATO,Ativo,Segunda,1970-01-01 07:00:00.000,Manhã,Ativo,5
2934,R. V. S. ,DERMATOLOGIA (AMBULATÓRIO),RETORNO,ENFERMAGEM - DERMATO,Ativo,Terça,1970-01-01 07:00:00.000,Manhã,Ativo,5
2934,R. V. S. ,DERMATOLOGIA (AMBULATÓRIO),RETORNO,ENFERMAGEM - DERMATO,Ativo,Quarta,1970-01-01 07:00:00.000,Manhã,Ativo,5
2934,R. V. S. ,DERMATOLOGIA (AMBULATÓRIO),RETORNO,ENFERMAGEM - DERMATO,Ativo,Quinta,1970-01-01 07:00:00.000,Manhã,Ativo,5
2934,R. V. S. ,DERMATOLOGIA (AMBULATÓRIO),RETORNO,ENFERMAGEM - DERMATO,Ativo,Sexta,1970-01-01 07:00:00.000,Manhã,Ativo,5
2936,R. V. S. ,DERMATOLOGIA (AMBULATÓRIO),RETORNO,ENFERMAGEM - DERMATOLOGIA (METOTREXATO),Ativo,Segunda,1970-01-01 07:00:00.000,Manhã,Ativo,35
2936,R. V. S. ,DERMATOLOGIA (AMBULATÓRIO),RETORNO,ENFERMAGEM - DERMATOLOGIA (METOTREXATO),Ativo,Quinta,1970-01-01 07:00:00.000,Manhã,Ativo,35
2938,L. D. F. L. P. D. L. ,ONCOLOGIA (AMBULATÓRIO),INTERCONSULTA,ONCOLOGIA - MASTOLOGIA,Ativo,Sexta,1970-01-01 07:00:00.000,Manhã,Inativo,1
2938,L. D. F. L. P. D. L. ,ONCOLOGIA (AMBULATÓRIO),RETORNO,ONCOLOGIA - MASTOLOGIA,Ativo,Sexta,1970-01-01 07:00:00.000,Manhã,Ativo,3
2940,T. D. E. S. ,UROLOGIA (AMBULATÓRIO),RETORNO,UROGINECOLOGIA,Ativo,Quinta,1970-01-01 13:00:00.000,Tarde,Ativo,5
2940,T. D. E. S. ,UROLOGIA (AMBULATÓRIO),CONSULTA REGULADA,UROGINECOLOGIA,Ativo,Quinta,1970-01-01 15:30:00.000,Tarde,Ativo,5
2942,F. W. S. ,ALERGIA E IMUNOLOGIA (AMBULATÓRIO),RETORNO,ALERGIA - AUTOIMUNIDADE,Ativo,Segunda,1970-01-01 07:00:00.000,Manhã,Ativo,1
2944,F. W. S. ,ALERGIA E IMUNOLOGIA (AMBULATÓRIO),RETORNO,ALERGIA - IMUNODEFICIENCIA,Ativo,Quinta,1970-01-01 07:00:00.000,Manhã,Ativo,1
2946,M. M. S. V. D. A. ,ALERGIA E IMUNOLOGIA (AMBULATÓRIO),RETORNO,ALERGIA - AUTOIMUNIDADE,Inativo,Segunda,1970-01-01 07:00:00.000,Manhã,Inativo,3
2946,M. M. S. V. D. A. ,ALERGIA E IMUNOLOGIA (AMBULATÓRIO),INTERCONSULTA,ALERGIA - AUTOIMUNIDADE,Inativo,Segunda,1970-01-01 07:00:00.000,Manhã,Inativo,2
2946,M. M. S. V. D. A. ,ALERGIA E IMUNOLOGIA (AMBULATÓRIO),RETORNO,ALERGIA - AUTOIMUNIDADE,Inativo,Segunda,1970-01-01 10:45:00.000,Manhã,Inativo,1
2948,M. M. S. V. D. A. ,ALERGIA E IMUNOLOGIA (AMBULATÓRIO),RETORNO,ALERGIA - IMUNODEFICIENCIA,Inativo,Quinta,1970-01-01 07:00:00.000,Manhã,Inativo,3
2950,D. A. D. C. K. B. ,CLÍNICA MÉDICA (AMBULATÓRIO),TELEATENDIMENTO,TELEMEDICINA INTERCONSULTA CLINICA,Inativo,Segunda,1970-01-01 13:40:00.000,Tarde,Ativo,10
2950,D. A. D. C. K. B. ,CLÍNICA MÉDICA (AMBULATÓRIO),TELEATENDIMENTO,TELEMEDICINA INTERCONSULTA CLINICA,Inativo,Segunda,1970-01-01 08:00:00.000,Manhã,Ativo,12
2950,D. A. D. C. K. B. ,CLÍNICA MÉDICA (AMBULATÓRIO),TELEATENDIMENTO,TELEMEDICINA INTERCONSULTA CLINICA,Inativo,Sexta,1970-01-01 08:00:00.000,Manhã,Ativo,12
2952,D. P. D. L. O. ,NUTRIÇÃO,RETORNO,NUTRICAO - ERROS INATOS,Ativo,Terça,1970-01-01 13:00:00.000,Tarde,Ativo,6
2952,D. P. D. L. O. ,NUTRIÇÃO,RETORNO,NUTRICAO - ERROS INATOS,Ativo,Quinta,1970-01-01 07:00:00.000,Manhã,Ativo,6
2954,J. M. M. D. S. ,NEFROLOGIA (AMBULATÓRIO),RETORNO,PSICOLOGIA - HEMODIALISE,Inativo,Segunda,1970-01-01 07:00:00.000,Manhã,Inativo,2
2954,J. M. M. D. S. ,NEFROLOGIA (AMBULATÓRIO),RETORNO,PSICOLOGIA - HEMODIALISE,Inativo,Segunda,1970-01-01 13:00:00.000,Tarde,Inativo,2
2954,J. M. M. D. S. ,NEFROLOGIA (AMBULATÓRIO),RETORNO,PSICOLOGIA - HEMODIALISE,Inativo,Terça,1970-01-01 13:00:00.000,Tarde,Inativo,2
2954,J. M. M. D. S. ,NEFROLOGIA (AMBULATÓRIO),RETORNO,PSICOLOGIA - HEMODIALISE,Inativo,Terça,1970-01-01 07:00:00.000,Manhã,Inativo,2
2954,J. M. M. D. S. ,NEFROLOGIA (AMBULATÓRIO),RETORNO,PSICOLOGIA - HEMODIALISE,Inativo,Quarta,1970-01-01 07:00:00.000,Manhã,Inativo,2
2954,J. M. M. D. S. ,NEFROLOGIA (AMBULATÓRIO),RETORNO,PSICOLOGIA - HEMODIALISE,Inativo,Quarta,1970-01-01 13:00:00.000,Tarde,Inativo,2
2954,J. M. M. D. S. ,NEFROLOGIA (AMBULATÓRIO),RETORNO,PSICOLOGIA - HEMODIALISE,Inativo,Quinta,1970-01-01 13:00:00.000,Tarde,Inativo,2
2954,J. M. M. D. S. ,NEFROLOGIA (AMBULATÓRIO),RETORNO,PSICOLOGIA - HEMODIALISE,Inativo,Quinta,1970-01-01 07:00:00.000,Manhã,Inativo,2
2954,J. M. M. D. S. ,NEFROLOGIA (AMBULATÓRIO),RETORNO,PSICOLOGIA - HEMODIALISE,Inativo,Sexta,1970-01-01 13:00:00.000,Tarde,Inativo,2
2954,J. M. M. D. S. ,NEFROLOGIA (AMBULATÓRIO),RETORNO,PSICOLOGIA - HEMODIALISE,Inativo,Sexta,1970-01-01 07:00:00.000,Manhã,Inativo,2
2956,G. V. D. M. ,ORTOPEDIA (AMBULATÓRIO),TELEATENDIMENTO,TELETRIAGEM ORTOPEDIA,Ativo,Sexta,1970-01-01 13:30:00.000,Tarde,Ativo,15
2958,A. C. A. D. A. ,CIRURGIA PEDIÁTRICA (AMBULATÓRIO),RETORNO,CIRURGIA PEDIATRICA,Ativo,Sexta,1970-01-01 07:00:00.000,Manhã,Ativo,4
2958,A. C. A. D. A. ,CIRURGIA PEDIÁTRICA (AMBULATÓRIO),CONSULTA REGULADA,CIRURGIA PEDIATRICA,Ativo,Sexta,1970-01-01 10:00:00.000,Manhã,Ativo,4
2958,A. C. A. D. A. ,CIRURGIA PEDIÁTRICA (AMBULATÓRIO),INTERCONSULTA,CIRURGIA PEDIATRICA,Ativo,Sexta,1970-01-01 07:00:00.000,Manhã,Ativo,2
2960,F. S. D. A. ,PUERICULTURA (AMBULATÓRIO),INTERCONSULTA,HEBIATRIA,Ativo,Terça,1970-01-01 07:00:00.000,Manhã,Ativo,2
2960,F. S. D. A. ,PUERICULTURA (AMBULATÓRIO),RETORNO,HEBIATRIA,Ativo,Terça,1970-01-01 13:00:00.000,Tarde,Ativo,4
2960,F. S. D. A. ,PUERICULTURA (AMBULATÓRIO),RETORNO,HEBIATRIA,Ativo,Terça,1970-01-01 07:00:00.000,Manhã,Ativo,4
2960,F. S. D. A. ,PUERICULTURA (AMBULATÓRIO),INTERCONSULTA,HEBIATRIA,Ativo,Quarta,1970-01-01 13:00:00.000,Tarde,Ativo,1
2960,F. S. D. A. ,PUERICULTURA (AMBULATÓRIO),RETORNO,HEBIATRIA,Ativo,Quarta,1970-01-01 13:00:00.000,Tarde,Ativo,4
2960,F. S. D. A. ,PUERICULTURA (AMBULATÓRIO),CONSULTA REGULADA,HEBIATRIA,Ativo,Quarta,1970-01-01 15:30:00.000,Tarde,Ativo,1
2960,F. S. D. A. ,PUERICULTURA (AMBULATÓRIO),INTERCONSULTA,HEBIATRIA,Ativo,Quinta,1970-01-01 13:00:00.000,Tarde,Ativo,1
2960,F. S. D. A. ,PUERICULTURA (AMBULATÓRIO),CONSULTA REGULADA,HEBIATRIA,Ativo,Quinta,1970-01-01 15:30:00.000,Tarde,Ativo,1
2960,F. S. D. A. ,PUERICULTURA (AMBULATÓRIO),RETORNO,HEBIATRIA,Ativo,Quinta,1970-01-01 13:00:00.000,Tarde,Ativo,4
2962,G. V. D. M. ,ORTOPEDIA (AMBULATÓRIO),TELEATENDIMENTO,TELEMEDICINA EM ORTOPEDIA MAO,Ativo,Sexta,1970-01-01 15:20:00.000,Tarde,Ativo,4
2962,G. V. D. M. ,ORTOPEDIA (AMBULATÓRIO),TELEATENDIMENTO,TELEMEDICINA EM ORTOPEDIA MAO,Ativo,Sexta,1970-01-01 14:00:00.000,Tarde,Inativo,4
2964,M. C. T. F. ,ONCOLOGIA (AMBULATÓRIO),INTERCONSULTA,ONCOLOGIA CLINICA,Ativo,Terça,1970-01-01 13:00:00.000,Tarde,Ativo,2
2964,M. C. T. F. ,ONCOLOGIA (AMBULATÓRIO),RETORNO,ONCOLOGIA CLINICA,Ativo,Terça,1970-01-01 13:00:00.000,Tarde,Ativo,10
2964,M. C. T. F. ,ONCOLOGIA (AMBULATÓRIO),INTERCONSULTA,ONCOLOGIA CLINICA,Ativo,Quinta,1970-01-01 13:00:00.000,Tarde,Ativo,2
2964,M. C. T. F. ,ONCOLOGIA (AMBULATÓRIO),RETORNO,ONCOLOGIA CLINICA,Ativo,Quinta,1970-01-01 13:00:00.000,Tarde,Ativo,10
2966,A. C. M. D. S. S. ,FISIOTERAPIA,SESSAO,FISIOTERAPIA - REUMATO,Ativo,Quinta,1970-01-01 07:00:00.000,Manhã,Ativo,6
2968,A. D. S. M. F. ,PEDIATRIA (AMBULATÓRIO),,TELEMEDICINA TRIAGEM INTERCONSULTA PEDIATRIA,Inativo,,,,,
2970,C. T. P. ,CARDIOLOGIA (AMBULATÓRIO),TELEATENDIMENTO,TELEMEDICINA - INR,Ativo,Quinta,1970-01-01 08:00:00.000,Manhã,Inativo,11
2970,C. T. P. ,CARDIOLOGIA (AMBULATÓRIO),TELEATENDIMENTO,TELEMEDICINA - INR,Ativo,Quinta,1970-01-01 13:40:00.000,Tarde,Ativo,9
2972,D. P. D. L. O. ,PEDIATRIA (AMBULATÓRIO),INTERCONSULTA,NUTRICAO - ENDOCRINOPEDIATRIA,Ativo,Quinta,1970-01-01 13:00:00.000,Tarde,Ativo,2
2972,D. P. D. L. O. ,PEDIATRIA (AMBULATÓRIO),RETORNO,NUTRICAO - ENDOCRINOPEDIATRIA,Ativo,Quinta,1970-01-01 13:00:00.000,Tarde,Ativo,1
2972,D. P. D. L. O. ,PEDIATRIA (AMBULATÓRIO),RETORNO,NUTRICAO - ENDOCRINOPEDIATRIA,Ativo,Sexta,1970-01-01 13:00:00.000,Tarde,Ativo,2
2972,D. P. D. L. O. ,PEDIATRIA (AMBULATÓRIO),RETORNO,NUTRICAO - ENDOCRINOPEDIATRIA,Ativo,Sexta,1970-01-01 07:00:00.000,Manhã,Ativo,2
2972,D. P. D. L. O. ,PEDIATRIA (AMBULATÓRIO),INTERCONSULTA,NUTRICAO - ENDOCRINOPEDIATRIA,Ativo,Sexta,1970-01-01 13:00:00.000,Tarde,Ativo,4
2972,D. P. D. L. O. ,PEDIATRIA (AMBULATÓRIO),INTERCONSULTA,NUTRICAO - ENDOCRINOPEDIATRIA,Ativo,Sexta,1970-01-01 07:00:00.000,Manhã,Ativo,4
2974,A. D. S. M. F. ,PEDIATRIA (AMBULATÓRIO),RETORNO,PEDIATRIA,Ativo,Segunda,1970-01-01 13:00:00.000,Tarde,Ativo,6
2974,A. D. S. M. F. ,PEDIATRIA (AMBULATÓRIO),RETORNO,PEDIATRIA,Ativo,Quarta,1970-01-01 07:00:00.000,Manhã,Ativo,4
2974,A. D. S. M. F. ,PEDIATRIA (AMBULATÓRIO),RETORNO,PEDIATRIA,Ativo,Quinta,1970-01-01 07:00:00.000,Manhã,Ativo,4
2974,A. D. S. M. F. ,PEDIATRIA (AMBULATÓRIO),CONSULTA REGULADA,PEDIATRIA,Ativo,Sexta,1970-01-01 15:30:00.000,Tarde,Ativo,10
2974,A. D. S. M. F. ,PEDIATRIA (AMBULATÓRIO),INTERCONSULTA,PEDIATRIA,Ativo,Sexta,1970-01-01 13:00:00.000,Tarde,Ativo,2
2976,D. L. A. D. S. ,PNEUMOLOGIA (AMBULATÓRIO),CONSULTA REGULADA,PNEUMOLOGIA,Ativo,Quarta,1970-01-01 15:30:00.000,Tarde,Ativo,6
2976,D. L. A. D. S. ,PNEUMOLOGIA (AMBULATÓRIO),RETORNO,PNEUMOLOGIA,Ativo,Quarta,1970-01-01 13:00:00.000,Tarde,Ativo,4
2978,D. L. A. D. S. ,PNEUMOLOGIA (AMBULATÓRIO),INTERCONSULTA,PNEUMOLOGIA - PARECER,Ativo,Quarta,1970-01-01 13:00:00.000,Tarde,Ativo,2
2980,D. V. C. ,CARDIOLOGIA (AMBULATÓRIO),PRONTO-ATENDIMENTO,CARDIO - RISCO CIRURGICO,Ativo,Terça,1970-01-01 13:00:00.000,Tarde,Ativo,1
2980,D. V. C. ,CARDIOLOGIA (AMBULATÓRIO),INTERCONSULTA,CARDIO - RISCO CIRURGICO,Ativo,Terça,1970-01-01 13:00:00.000,Tarde,Ativo,2
2982,M. B. R. G. ,PSIQUIATRIA (AMBULATÓRIO),RETORNO,PSIQUIATRIA - INSONIA,Ativo,Segunda,1970-01-01 07:00:00.000,Manhã,Ativo,5
2984,C. D. S. ,PEDIATRIA (AMBULATÓRIO),CONSULTA REGULADA,PEDIATRIA - ENDOCRINO,Ativo,Segunda,1970-01-01 10:00:00.000,Manhã,Ativo,1
2984,C. D. S. ,PEDIATRIA (AMBULATÓRIO),CONSULTA REGULADA,PEDIATRIA - ENDOCRINO,Ativo,Segunda,1970-01-01 15:30:00.000,Tarde,Ativo,1
2984,C. D. S. ,PEDIATRIA (AMBULATÓRIO),RETORNO,PEDIATRIA - ENDOCRINO,Ativo,Segunda,1970-01-01 07:00:00.000,Manhã,Ativo,4
2984,C. D. S. ,PEDIATRIA (AMBULATÓRIO),RETORNO,PEDIATRIA - ENDOCRINO,Ativo,Segunda,1970-01-01 13:00:00.000,Tarde,Ativo,4
2984,C. D. S. ,PEDIATRIA (AMBULATÓRIO),INTERCONSULTA,PEDIATRIA - ENDOCRINO,Ativo,Sexta,1970-01-01 13:00:00.000,Tarde,Ativo,1
2984,C. D. S. ,PEDIATRIA (AMBULATÓRIO),CONSULTA REGULADA,PEDIATRIA - ENDOCRINO,Ativo,Sexta,1970-01-01 10:00:00.000,Manhã,Ativo,1
2984,C. D. S. ,PEDIATRIA (AMBULATÓRIO),RETORNO,PEDIATRIA - ENDOCRINO,Ativo,Sexta,1970-01-01 13:00:00.000,Tarde,Ativo,4
2984,C. D. S. ,PEDIATRIA (AMBULATÓRIO),RETORNO,PEDIATRIA - ENDOCRINO,Ativo,Sexta,1970-01-01 07:00:00.000,Manhã,Ativo,4
2986,L. D. F. L. P. D. L. ,ESPAÇO TRANS (AMBULATÓRIO),TELEATENDIMENTO,TELEMEDICINA EM MASTOLOGIA - ESPACO TRANS,Inativo,Quinta,1970-01-01 08:00:00.000,Manhã,Ativo,5
2986,L. D. F. L. P. D. L. ,ESPAÇO TRANS (AMBULATÓRIO),TELEATENDIMENTO,TELEMEDICINA EM MASTOLOGIA - ESPACO TRANS,Inativo,Sexta,1970-01-01 08:00:00.000,Manhã,Ativo,5
2988,N. G. N. R. ,ENFERMAGEM,TELEATENDIMENTO,TELENFERMAGEM EM IODOTERAPIA,Ativo,Sexta,1970-01-01 13:30:00.000,Tarde,Ativo,8
2990,A. D. B. ,GASTROENTEROLOGIA (AMBULATÓRIO),RETORNO,GASTROENTEROLOGIA - HEPATOLOGIA,Inativo,Sexta,1970-01-01 07:00:00.000,Manhã,Ativo,3
2992,A. C. R. ,ANESTESIOLOGIA (AMBULATÓRIO),TELEATENDIMENTO,ANESTESIOLOGIA - TELEMEDICINA,Ativo,Segunda,1970-01-01 13:30:00.000,Tarde,Ativo,11
2992,A. C. R. ,ANESTESIOLOGIA (AMBULATÓRIO),TELEATENDIMENTO,ANESTESIOLOGIA - TELEMEDICINA,Ativo,Terça,1970-01-01 13:30:00.000,Tarde,Ativo,11
2992,A. C. R. ,ANESTESIOLOGIA (AMBULATÓRIO),TELEATENDIMENTO,ANESTESIOLOGIA - TELEMEDICINA,Ativo,Terça,1970-01-01 08:00:00.000,Manhã,Ativo,11
2992,A. C. R. ,ANESTESIOLOGIA (AMBULATÓRIO),TELEATENDIMENTO,ANESTESIOLOGIA - TELEMEDICINA,Ativo,Quarta,1970-01-01 08:00:00.000,Manhã,Ativo,12
2994,J. F. A. T. D. G. ,OFTALMOLOGIA (AMBULATÓRIO),CONSULTA REGULADA,OFTALMOLOGIA,Ativo,Quarta,1970-01-01 10:00:00.000,Manhã,Ativo,4
2994,J. F. A. T. D. G. ,OFTALMOLOGIA (AMBULATÓRIO),INTERCONSULTA,OFTALMOLOGIA,Ativo,Quarta,1970-01-01 07:00:00.000,Manhã,Ativo,2
2996,L. A. M. G. ,CIRURGIA DE CABECA E PESCOCO,CONSULTA REGULADA,TRIAGEM EM ESTOMATOLOGIA,Ativo,Quinta,1970-01-01 08:00:00.000,Manhã,Ativo,3
2996,L. A. M. G. ,CIRURGIA DE CABECA E PESCOCO,RETORNO,TRIAGEM EM ESTOMATOLOGIA,Ativo,Quinta,1970-01-01 08:00:00.000,Manhã,Ativo,4
2996,L. A. M. G. ,CIRURGIA DE CABECA E PESCOCO,INTERCONSULTA,TRIAGEM EM ESTOMATOLOGIA,Ativo,Quinta,1970-01-01 08:00:00.000,Manhã,Ativo,3
2998,J. D. S. B. ,PROCTOLOGIA (AMBULATORIO),TELEATENDIMENTO,TELEMEDICINA INTERCONSULTA COLOPROCTOLOGIA,Ativo,Terça,1970-01-01 08:00:00.000,Manhã,Ativo,12
3000,M. F. B. ,NUTRIÇÃO,TELEATENDIMENTO,TELENUTRICAO - CIRURGIA BARIATRICA,Ativo,Segunda,1970-01-01 09:00:00.000,Manhã,Ativo,4
3002,J. T. C. F. ,ENFERMAGEM,,ENFERMAGEM - BRONCOSCOPIA,Inativo,,,,,
3004,B. T. D. M. ,OTORRINOLARINGOLOGIA (AMBULATÓRIO),RETORNO,OTORRINOLARINGOLOGIA,Ativo,Segunda,1970-01-01 07:00:00.000,Manhã,Ativo,5
3012,A. C. M. G. P. S. ,ALERGIA E IMUNOLOGIA (AMBULATÓRIO),,ALERGIA - IMUNOTERAPIA,Inativo,,,,,
3014,L. J. D. B. B. ,ONCOLOGIA (AMBULATÓRIO),RETORNO,ONCOLOGIA - OCI,Ativo,Quarta,1970-01-01 13:00:00.000,Tarde,Ativo,2
3014,L. J. D. B. B. ,ONCOLOGIA (AMBULATÓRIO),INTERCONSULTA,ONCOLOGIA - OCI,Ativo,Quarta,1970-01-01 13:00:00.000,Tarde,Ativo,2
3014,L. J. D. B. B. ,ONCOLOGIA (AMBULATÓRIO),CONSULTA REGULADA,ONCOLOGIA - OCI,Ativo,Quarta,1970-01-01 13:00:00.000,Tarde,Ativo,2
3014,L. J. D. B. B. ,ONCOLOGIA (AMBULATÓRIO),RETORNO,ONCOLOGIA - OCI,Ativo,Sexta,1970-01-01 13:00:00.000,Tarde,Ativo,2
3014,L. J. D. B. B. ,ONCOLOGIA (AMBULATÓRIO),CONSULTA REGULADA,ONCOLOGIA - OCI,Ativo,Sexta,1970-01-01 13:00:00.000,Tarde,Ativo,2
3014,L. J. D. B. B. ,ONCOLOGIA (AMBULATÓRIO),INTERCONSULTA,ONCOLOGIA - OCI,Ativo,Sexta,1970-01-01 13:00:00.000,Tarde,Ativo,2
3016,D. C. B. ,FISIOTERAPIA,SESSAO,FISIOTERAPIA - REABILIT. CARDIO E METABOLICA,Ativo,Segunda,1970-01-01 07:00:00.000,Manhã,Ativo,8
3016,D. C. B. ,FISIOTERAPIA,INTERCONSULTA,FISIOTERAPIA - REABILIT. CARDIO E METABOLICA,Ativo,Segunda,1970-01-01 07:00:00.000,Manhã,Ativo,2
3016,D. C. B. ,FISIOTERAPIA,CONSULTA REGULADA,FISIOTERAPIA - REABILIT. CARDIO E METABOLICA,Ativo,Quarta,1970-01-01 13:00:00.000,Tarde,Ativo,5
3016,D. C. B. ,FISIOTERAPIA,SESSAO,FISIOTERAPIA - REABILIT. CARDIO E METABOLICA,Ativo,Quarta,1970-01-01 07:00:00.000,Manhã,Ativo,8
3016,D. C. B. ,FISIOTERAPIA,INTERCONSULTA,FISIOTERAPIA - REABILIT. CARDIO E METABOLICA,Ativo,Quarta,1970-01-01 07:00:00.000,Manhã,Ativo,2
3016,D. C. B. ,FISIOTERAPIA,SESSAO,FISIOTERAPIA - REABILIT. CARDIO E METABOLICA,Ativo,Sexta,1970-01-01 07:00:00.000,Manhã,Ativo,8
3016,D. C. B. ,FISIOTERAPIA,INTERCONSULTA,FISIOTERAPIA - REABILIT. CARDIO E METABOLICA,Ativo,Sexta,1970-01-01 07:00:00.000,Manhã,Ativo,2
3018,C. D. F. C. C. ,PNEUMOLOGIA (AMBULATÓRIO),CONSULTA REGULADA,BRONCOSCOPIA,Ativo,Sexta,1970-01-01 10:00:00.000,Manhã,Ativo,1
3020,T. C. N. D. M. ,PNEUMOLOGIA (AMBULATÓRIO),CONSULTA REGULADA,BRONCOSCOPIA,Ativo,Segunda,1970-01-01 10:00:00.000,Manhã,Ativo,2
3020,T. C. N. D. M. ,PNEUMOLOGIA (AMBULATÓRIO),CONSULTA REGULADA,BRONCOSCOPIA,Ativo,Quarta,1970-01-01 10:00:00.000,Manhã,Ativo,1
3022,M. M. S. V. D. A. ,ALERGIA E IMUNOLOGIA (AMBULATÓRIO),INTERCONSULTA,ALERGIA - RINITE,Inativo,Quarta,1970-01-01 07:00:00.000,Manhã,Inativo,2
3022,M. M. S. V. D. A. ,ALERGIA E IMUNOLOGIA (AMBULATÓRIO),RETORNO,ALERGIA - RINITE,Inativo,Quarta,1970-01-01 11:30:00.000,Manhã,Inativo,1
3022,M. M. S. V. D. A. ,ALERGIA E IMUNOLOGIA (AMBULATÓRIO),RETORNO,ALERGIA - RINITE,Inativo,Quarta,1970-01-01 07:00:00.000,Manhã,Inativo,3
3024,M. M. S. V. D. A. ,ALERGIA E IMUNOLOGIA (AMBULATÓRIO),RETORNO,ALERGIA - DERMATOSES ALERGICAS,Inativo,Sexta,1970-01-01 07:00:00.000,Manhã,Inativo,3
3026,A. L. M. ,CIRURGIA VASCULAR (AMBULATÓRIO),INTERCONSULTA,CIRURGIA VASCULAR - NEFRO,Ativo,Segunda,1970-01-01 13:00:00.000,Tarde,Ativo,4
3030,M. M. P. G. ,PUERICULTURA (AMBULATÓRIO),,PUERICULTURA - EGRESSO,Inativo,,,,,
3032,J. G. D. A. S. ,DERMATOLOGIA (AMBULATÓRIO),RETORNO,TOXICIDADE A QUIMIOTERAPICO E IMUNOSSUPRESSOR,Ativo,Terça,1970-01-01 07:00:00.000,Manhã,Ativo,4
3034,N. M. P. C. ,ENFERMAGEM,RETORNO,ENFERMAGEM BLH,Ativo,Segunda,1970-01-01 07:00:00.000,Manhã,Ativo,2
3034,N. M. P. C. ,ENFERMAGEM,RETORNO,ENFERMAGEM BLH,Ativo,Segunda,1970-01-01 13:00:00.000,Tarde,Ativo,2
3034,N. M. P. C. ,ENFERMAGEM,RETORNO,ENFERMAGEM BLH,Ativo,Terça,1970-01-01 13:00:00.000,Tarde,Ativo,2
3034,N. M. P. C. ,ENFERMAGEM,RETORNO,ENFERMAGEM BLH,Ativo,Terça,1970-01-01 07:00:00.000,Manhã,Ativo,2
3034,N. M. P. C. ,ENFERMAGEM,RETORNO,ENFERMAGEM BLH,Ativo,Quarta,1970-01-01 07:00:00.000,Manhã,Ativo,2
3034,N. M. P. C. ,ENFERMAGEM,RETORNO,ENFERMAGEM BLH,Ativo,Quarta,1970-01-01 13:00:00.000,Tarde,Ativo,2
3034,N. M. P. C. ,ENFERMAGEM,RETORNO,ENFERMAGEM BLH,Ativo,Quinta,1970-01-01 07:00:00.000,Manhã,Ativo,2
3034,N. M. P. C. ,ENFERMAGEM,RETORNO,ENFERMAGEM BLH,Ativo,Quinta,1970-01-01 13:00:00.000,Tarde,Ativo,2
3034,N. M. P. C. ,ENFERMAGEM,RETORNO,ENFERMAGEM BLH,Ativo,Sexta,1970-01-01 13:00:00.000,Tarde,Ativo,2
3034,N. M. P. C. ,ENFERMAGEM,RETORNO,ENFERMAGEM BLH,Ativo,Sexta,1970-01-01 07:00:00.000,Manhã,Ativo,2
3036,P. D. D. A. A. ,ENFERMAGEM,RETORNO,ENFERMAGEM BLH,Ativo,Segunda,1970-01-01 13:00:00.000,Tarde,Ativo,2
3036,P. D. D. A. A. ,ENFERMAGEM,RETORNO,ENFERMAGEM BLH,Ativo,Segunda,1970-01-01 07:00:00.000,Manhã,Ativo,2
3036,P. D. D. A. A. ,ENFERMAGEM,RETORNO,ENFERMAGEM BLH,Ativo,Terça,1970-01-01 13:00:00.000,Tarde,Ativo,2
3036,P. D. D. A. A. ,ENFERMAGEM,RETORNO,ENFERMAGEM BLH,Ativo,Terça,1970-01-01 07:00:00.000,Manhã,Ativo,2
3036,P. D. D. A. A. ,ENFERMAGEM,RETORNO,ENFERMAGEM BLH,Ativo,Quarta,1970-01-01 07:00:00.000,Manhã,Ativo,2
3036,P. D. D. A. A. ,ENFERMAGEM,RETORNO,ENFERMAGEM BLH,Ativo,Quarta,1970-01-01 13:00:00.000,Tarde,Ativo,2
3036,P. D. D. A. A. ,ENFERMAGEM,RETORNO,ENFERMAGEM BLH,Ativo,Quinta,1970-01-01 13:00:00.000,Tarde,Ativo,2
3036,P. D. D. A. A. ,ENFERMAGEM,RETORNO,ENFERMAGEM BLH,Ativo,Quinta,1970-01-01 07:00:00.000,Manhã,Ativo,2
3036,P. D. D. A. A. ,ENFERMAGEM,RETORNO,ENFERMAGEM BLH,Ativo,Sexta,1970-01-01 07:00:00.000,Manhã,Ativo,2
3036,P. D. D. A. A. ,ENFERMAGEM,RETORNO,ENFERMAGEM BLH,Ativo,Sexta,1970-01-01 13:00:00.000,Tarde,Ativo,2
3038,A. D. S. M. F. ,PEDIATRIA (AMBULATÓRIO),,PEDIATRIA,Inativo,,,,,
3042,C. T. P. ,NUCLEO DE TELESSAUDE,TELEATENDIMENTO,TELEMEDICINA INTERCONSULTA CARGASHEMATO,Ativo,Quinta,1970-01-01 08:00:00.000,Manhã,Ativo,12
3044,C. T. P. ,NUCLEO DE TELESSAUDE,TELEATENDIMENTO,TELEMEDICINA INTERCONSULTA INFPNEUDOR,Ativo,Quinta,1970-01-01 13:20:00.000,Tarde,Ativo,12
3046,P. S. O. ,GERIATRIA (AMBULATORIO),TELEATENDIMENTO,TELEMEDICINA TRIAGEM GERIATRIA,Ativo,Segunda,1970-01-01 08:00:00.000,Manhã,Ativo,6
3046,P. S. O. ,GERIATRIA (AMBULATORIO),TELEATENDIMENTO,TELEMEDICINA TRIAGEM GERIATRIA,Ativo,Segunda,1970-01-01 11:00:00.000,Manhã,Ativo,1
3050,J. D. S. B. ,CIRURGIA GERAL (AMBULATÓRIO),TELEATENDIMENTO,TELEMEDICINA INTERCONSULTA CIRURGIA GERAL,Ativo,Terça,1970-01-01 13:40:00.000,Tarde,Ativo,12
3052,L. D. F. L. P. D. L. ,ONCOLOGIA (AMBULATÓRIO),TELEATENDIMENTO,TELEMEDICINA ONCOMASTOLOGIA,Inativo,Terça,1970-01-01 13:30:00.000,Tarde,Ativo,5
3056,P. H. D. A. F. ,CLINICA DA DOR (AMBULATÓRIO),RETORNO,CLINICA DA DOR,Ativo,Terça,1970-01-01 07:00:00.000,Manhã,Ativo,4
3056,P. H. D. A. F. ,CLINICA DA DOR (AMBULATÓRIO),CONSULTA REGULADA,CLINICA DA DOR,Ativo,Terça,1970-01-01 10:00:00.000,Manhã,Ativo,4
3056,P. H. D. A. F. ,CLINICA DA DOR (AMBULATÓRIO),CONSULTA REGULADA,CLINICA DA DOR,Ativo,Quarta,1970-01-01 10:00:00.000,Manhã,Ativo,3
3056,P. H. D. A. F. ,CLINICA DA DOR (AMBULATÓRIO),RETORNO,CLINICA DA DOR,Ativo,Quarta,1970-01-01 07:00:00.000,Manhã,Ativo,3
3056,P. H. D. A. F. ,CLINICA DA DOR (AMBULATÓRIO),CONSULTA REGULADA,CLINICA DA DOR,Ativo,Quinta,1970-01-01 10:00:00.000,Manhã,Ativo,3
3056,P. H. D. A. F. ,CLINICA DA DOR (AMBULATÓRIO),RETORNO,CLINICA DA DOR,Ativo,Quinta,1970-01-01 07:00:00.000,Manhã,Ativo,3
3058,A. P. X. D. L. ,TRANSPLANTE (AMBULATÓRIO),CONSULTA REGULADA,TRANSPLANTE RENAL - PRE-TRANSPLANTE,Ativo,Quarta,1970-01-01 10:00:00.000,Manhã,Ativo,2
3058,A. P. X. D. L. ,TRANSPLANTE (AMBULATÓRIO),RETORNO,TRANSPLANTE RENAL - PRE-TRANSPLANTE,Ativo,Quarta,1970-01-01 07:00:00.000,Manhã,Ativo,4
3060,C. E. F. S. ,DERMATOLOGIA (AMBULATÓRIO),RETORNO,DERMATOLOGIA - COSMIATRIA,Ativo,Quarta,1970-01-01 13:00:00.000,Tarde,Ativo,4
3062,P. F. S. ,CIRURGIA DE CABECA E PESCOCO,CONSULTA REGULADA,TRIAGEM PARA HIPERPARATIREOIDISMO,Inativo,Terça,1970-01-01 15:30:00.000,Tarde,Ativo,4
3064,A. A. S. ,CIRURGIA DE CABECA E PESCOCO,CONSULTA REGULADA,TRIAGEM PARA HIPERPARATIREOIDISMO,Inativo,Terça,1970-01-01 15:30:00.000,Tarde,Ativo,4
3066,J. M. G. M. ,DERMATOLOGIA (AMBULATÓRIO),CONSULTA REGULADA,DERMATOLOGIA,Ativo,Segunda,1970-01-01 15:30:00.000,Tarde,Ativo,8
3066,J. M. G. M. ,DERMATOLOGIA (AMBULATÓRIO),CONSULTA REGULADA,DERMATOLOGIA,Ativo,Terça,1970-01-01 15:30:00.000,Tarde,Ativo,8
3068,J. M. G. M. ,DERMATOLOGIA (AMBULATÓRIO),RETORNO,DERMATOLOGIA - HIDRADENITE,Ativo,Quinta,1970-01-01 07:00:00.000,Manhã,Ativo,4
3070,J. M. G. M. ,DERMATOLOGIA (AMBULATÓRIO),RETORNO,DERMATOLOGIA - HANSENIASE,Ativo,Terça,1970-01-01 07:00:00.000,Manhã,Ativo,4
3072,J. R. C. ,GINECOLOGIA (AMBULATÓRIO),RETORNO,GINECOLOGIA - LAPAROSCOPIA,Ativo,Sexta,1970-01-01 10:00:00.000,Manhã,Ativo,6
3074,M. C. F. D. L. C. ,ESPAÇO TRANS (AMBULATÓRIO),INTERCONSULTA,PSICOLOGIA - ESPAÇO TRANS,Ativo,Segunda,1970-01-01 07:00:00.000,Manhã,Ativo,2
3074,M. C. F. D. L. C. ,ESPAÇO TRANS (AMBULATÓRIO),RETORNO,PSICOLOGIA - ESPAÇO TRANS,Ativo,Segunda,1970-01-01 13:00:00.000,Tarde,Ativo,4
3074,M. C. F. D. L. C. ,ESPAÇO TRANS (AMBULATÓRIO),INTERCONSULTA,PSICOLOGIA - ESPAÇO TRANS,Ativo,Segunda,1970-01-01 13:00:00.000,Tarde,Ativo,2
3074,M. C. F. D. L. C. ,ESPAÇO TRANS (AMBULATÓRIO),RETORNO,PSICOLOGIA - ESPAÇO TRANS,Ativo,Segunda,1970-01-01 07:00:00.000,Manhã,Ativo,4
3074,M. C. F. D. L. C. ,ESPAÇO TRANS (AMBULATÓRIO),RETORNO,PSICOLOGIA - ESPAÇO TRANS,Ativo,Terça,1970-01-01 13:00:00.000,Tarde,Ativo,4
3074,M. C. F. D. L. C. ,ESPAÇO TRANS (AMBULATÓRIO),INTERCONSULTA,PSICOLOGIA - ESPAÇO TRANS,Ativo,Terça,1970-01-01 13:00:00.000,Tarde,Ativo,2
3074,M. C. F. D. L. C. ,ESPAÇO TRANS (AMBULATÓRIO),INTERCONSULTA,PSICOLOGIA - ESPAÇO TRANS,Ativo,Terça,1970-01-01 07:00:00.000,Manhã,Ativo,2
3074,M. C. F. D. L. C. ,ESPAÇO TRANS (AMBULATÓRIO),RETORNO,PSICOLOGIA - ESPAÇO TRANS,Ativo,Terça,1970-01-01 07:00:00.000,Manhã,Ativo,4
3074,M. C. F. D. L. C. ,ESPAÇO TRANS (AMBULATÓRIO),RETORNO,PSICOLOGIA - ESPAÇO TRANS,Ativo,Quarta,1970-01-01 07:00:00.000,Manhã,Ativo,4
3074,M. C. F. D. L. C. ,ESPAÇO TRANS (AMBULATÓRIO),INTERCONSULTA,PSICOLOGIA - ESPAÇO TRANS,Ativo,Quarta,1970-01-01 07:00:00.000,Manhã,Ativo,2
3074,M. C. F. D. L. C. ,ESPAÇO TRANS (AMBULATÓRIO),INTERCONSULTA,PSICOLOGIA - ESPAÇO TRANS,Ativo,Quinta,1970-01-01 07:00:00.000,Manhã,Ativo,2
3074,M. C. F. D. L. C. ,ESPAÇO TRANS (AMBULATÓRIO),INTERCONSULTA,PSICOLOGIA - ESPAÇO TRANS,Ativo,Quinta,1970-01-01 13:00:00.000,Tarde,Ativo,2
3074,M. C. F. D. L. C. ,ESPAÇO TRANS (AMBULATÓRIO),RETORNO,PSICOLOGIA - ESPAÇO TRANS,Ativo,Quinta,1970-01-01 13:00:00.000,Tarde,Ativo,4
3074,M. C. F. D. L. C. ,ESPAÇO TRANS (AMBULATÓRIO),RETORNO,PSICOLOGIA - ESPAÇO TRANS,Ativo,Quinta,1970-01-01 07:00:00.000,Manhã,Ativo,4
3074,M. C. F. D. L. C. ,ESPAÇO TRANS (AMBULATÓRIO),RETORNO,PSICOLOGIA - ESPAÇO TRANS,Ativo,Sexta,1970-01-01 07:00:00.000,Manhã,Ativo,4
3074,M. C. F. D. L. C. ,ESPAÇO TRANS (AMBULATÓRIO),INTERCONSULTA,PSICOLOGIA - ESPAÇO TRANS,Ativo,Sexta,1970-01-01 13:00:00.000,Tarde,Ativo,2
3074,M. C. F. D. L. C. ,ESPAÇO TRANS (AMBULATÓRIO),INTERCONSULTA,PSICOLOGIA - ESPAÇO TRANS,Ativo,Sexta,1970-01-01 07:00:00.000,Manhã,Ativo,2
3074,M. C. F. D. L. C. ,ESPAÇO TRANS (AMBULATÓRIO),RETORNO,PSICOLOGIA - ESPAÇO TRANS,Ativo,Sexta,1970-01-01 13:00:00.000,Tarde,Ativo,4
3076,A. P. P. M. C. ,NEUROLOGIA (AMBULATÓRIO),,NEUROLOGIA - ELETRONEUROMIOGRAFIA,Ativo,,,,,
3078,E. B. D. A. M. ,NEUROLOGIA (AMBULATÓRIO),,NEUROLOGIA - ELETRONEUROMIOGRAFIA,Ativo,,,,,
3080,J. T. C. F. ,PNEUMOLOGIA (AMBULATÓRIO),,ENFERMAGEM EM ESPIROMETRIA,Ativo,,,,,
3098,A. F. C. B. V. ,ESPAÇO TRANS (AMBULATÓRIO),RETORNO,PSIQUIATRIA - ESPAÇO TRANS,Ativo,Segunda,1970-01-01 07:00:00.000,Manhã,Ativo,6
3098,A. F. C. B. V. ,ESPAÇO TRANS (AMBULATÓRIO),INTERCONSULTA,PSIQUIATRIA - ESPAÇO TRANS,Ativo,Segunda,1970-01-01 07:00:00.000,Manhã,Ativo,2
3098,A. F. C. B. V. ,ESPAÇO TRANS (AMBULATÓRIO),RETORNO,PSIQUIATRIA - ESPAÇO TRANS,Ativo,Quinta,1970-01-01 07:00:00.000,Manhã,Ativo,6
3098,A. F. C. B. V. ,ESPAÇO TRANS (AMBULATÓRIO),INTERCONSULTA,PSIQUIATRIA - ESPAÇO TRANS,Ativo,Quinta,1970-01-01 07:00:00.000,Manhã,Ativo,2
3100,P. D. A. D. C. ,ESPAÇO TRANS (AMBULATÓRIO),INTERCONSULTA,SERVIÇO SOCIAL - ESPAÇO TRANS,Ativo,Segunda,1970-01-01 07:00:00.000,Manhã,Ativo,2
3100,P. D. A. D. C. ,ESPAÇO TRANS (AMBULATÓRIO),INTERCONSULTA,SERVIÇO SOCIAL - ESPAÇO TRANS,Ativo,Segunda,1970-01-01 13:00:00.000,Tarde,Ativo,2
3100,P. D. A. D. C. ,ESPAÇO TRANS (AMBULATÓRIO),RETORNO,SERVIÇO SOCIAL - ESPAÇO TRANS,Ativo,Segunda,1970-01-01 07:00:00.000,Manhã,Ativo,6
3100,P. D. A. D. C. ,ESPAÇO TRANS (AMBULATÓRIO),RETORNO,SERVIÇO SOCIAL - ESPAÇO TRANS,Ativo,Segunda,1970-01-01 13:00:00.000,Tarde,Ativo,6
3100,P. D. A. D. C. ,ESPAÇO TRANS (AMBULATÓRIO),INTERCONSULTA,SERVIÇO SOCIAL - ESPAÇO TRANS,Ativo,Quinta,1970-01-01 07:00:00.000,Manhã,Ativo,2
3100,P. D. A. D. C. ,ESPAÇO TRANS (AMBULATÓRIO),RETORNO,SERVIÇO SOCIAL - ESPAÇO TRANS,Ativo,Quinta,1970-01-01 13:00:00.000,Tarde,Ativo,6
3100,P. D. A. D. C. ,ESPAÇO TRANS (AMBULATÓRIO),RETORNO,SERVIÇO SOCIAL - ESPAÇO TRANS,Ativo,Quinta,1970-01-01 07:00:00.000,Manhã,Ativo,6
3100,P. D. A. D. C. ,ESPAÇO TRANS (AMBULATÓRIO),INTERCONSULTA,SERVIÇO SOCIAL - ESPAÇO TRANS,Ativo,Quinta,1970-01-01 13:00:00.000,Tarde,Ativo,2
3102,S. R. D. L. A. ,ESPAÇO TRANS (AMBULATÓRIO),RETORNO,ENDOCRINOLOGIA - ESPAÇO TRANS,Ativo,Quinta,1970-01-01 13:00:00.000,Tarde,Ativo,8
3102,S. R. D. L. A. ,ESPAÇO TRANS (AMBULATÓRIO),INTERCONSULTA,ENDOCRINOLOGIA - ESPAÇO TRANS,Ativo,Quinta,1970-01-01 13:00:00.000,Tarde,Ativo,2
3104,A. C. A. D. A. ,OBSTETRÍCIA (AMBULATÓRIO),,TRIAGEM OBSTETRICA,Ativo,,,,,
3105,A. K. C. D. F. ,OBSTETRÍCIA (AMBULATÓRIO),,TRIAGEM OBSTETRICA,Ativo,,,,,
3106,R. S. G. G. ,REUMATOLOGIA (AMBULATÓRIO),CONSULTA REGULADA,ARTRITE PSORIASICA - TRIAGEM,Ativo,Segunda,1970-01-01 10:00:00.000,Manhã,Ativo,1
3108,P. R. T. D. S. ,REUMATOLOGIA (AMBULATÓRIO),CONSULTA REGULADA,ARTRITE CHIKUNGUNYA - TRIAGEM,Ativo,Quinta,1970-01-01 15:30:00.000,Tarde,Ativo,1
3110,L. B. C. D. S. ,OBSTETRÍCIA (AMBULATÓRIO),,TRIAGEM OBSTETRICA,Ativo,,,,,
3112,A. L. B. P. D. ,REUMATOLOGIA (AMBULATÓRIO),CONSULTA REGULADA,ARTRITE REUMATOIDE - TRIAGEM,Inativo,Terça,1970-01-01 10:00:00.000,Manhã,Inativo,1
3114,F. L. F. ,OBSTETRÍCIA (AMBULATÓRIO),,TRIAGEM OBSTETRICA,Ativo,,,,,
3116,M. R. V. D. S. ,OBSTETRÍCIA (AMBULATÓRIO),,TRIAGEM OBSTETRICA,Ativo,,,,,
3117,A. R. ,REUMATOLOGIA (AMBULATÓRIO),CONSULTA REGULADA,ESPONDILOARTRITE - TRIAGEM,Inativo,Terça,1970-01-01 15:30:00.000,Tarde,Ativo,1
3118,M. D. O. M. S. ,OBSTETRÍCIA (AMBULATÓRIO),,TRIAGEM OBSTETRICA,Ativo,,,,,
3119,S. H. P. ,OBSTETRÍCIA (AMBULATÓRIO),,TRIAGEM OBSTETRICA,Ativo,,,,,
3120,L. F. D. R. J. ,REUMATOLOGIA (AMBULATÓRIO),CONSULTA REGULADA,MIOPATIAS - TRIAGEM,Ativo,Terça,1970-01-01 15:30:00.000,Tarde,Ativo,1
3121,N. G. C. ,REUMATOLOGIA (AMBULATÓRIO),CONSULTA REGULADA,GOTA - TRIAGEM,Inativo,Terça,1970-01-01 15:30:00.000,Tarde,Ativo,1
3122,A. T. D. ,REUMATOLOGIA (AMBULATÓRIO),CONSULTA REGULADA,ESCLEROSE SISTEMICA - TRIAGEM,Ativo,Quarta,1970-01-01 10:00:00.000,Manhã,Ativo,1
3123,H. D. A. M. ,REUMATOLOGIA (AMBULATÓRIO),,LUPUS ERITEMATOSO SISTEMICO - TRIAGEM,Inativo,,,,,
3124,H. D. A. M. ,REUMATOLOGIA (AMBULATÓRIO),CONSULTA REGULADA,VASCULITES - TRIAGEM,Ativo,Quinta,1970-01-01 10:00:00.000,Manhã,Ativo,1
3126,C. S. D. S. ,OBSTETRÍCIA (AMBULATÓRIO),,ENFERMAGEM - TRIAGEM OBSTETRICA,Ativo,,,,,
3128,A. P. D. V. ,OBSTETRÍCIA (AMBULATÓRIO),,ENFERMAGEM - TRIAGEM OBSTETRICA,Ativo,,,,,
3129,A. D. B. ,REUMATOLOGIA (AMBULATÓRIO),CONSULTA REGULADA,OSTEOPOROSE - TRIAGEM,Inativo,Sexta,1970-01-01 10:00:00.000,Manhã,Inativo,1
3130,A. C. P. ,REUMATOLOGIA (AMBULATÓRIO),,DOENCA DE SJOGREN PRIMARIA - TRIAGEM,Inativo,,,,,
3132,J. L. D. F. A. ,ENDOCRINOLOGIA (AMBULATÓRIO),CONSULTA REGULADA,ENDOCRINOLOGIA - CANCER DE TIREOIDE,Inativo,Quinta,1970-01-01 10:00:00.000,Manhã,Ativo,5
3134,A. A. R. D. C. ,GINECOLOGIA (AMBULATÓRIO),RETORNO,GINECOLOGIA (RESIDENTES),Ativo,Quinta,1970-01-01 13:00:00.000,Tarde,Ativo,4
3136,J. R. C. ,GINECOLOGIA (AMBULATÓRIO),RETORNO,ENDOMETRIOSE CLÍNICA,Ativo,Sexta,1970-01-01 13:00:00.000,Tarde,Ativo,6
3136,J. R. C. ,GINECOLOGIA (AMBULATÓRIO),INTERCONSULTA,ENDOMETRIOSE CLÍNICA,Ativo,Sexta,1970-01-01 13:00:00.000,Tarde,Ativo,4
3138,J. D. S. N. ,GINECOLOGIA (AMBULATÓRIO),RETORNO,ENFERMAGEM - PLANEJAMENTO FAMILIAR (PALESTRA),Ativo,Quarta,1970-01-01 13:00:00.000,Tarde,Ativo,4
3138,J. D. S. N. ,GINECOLOGIA (AMBULATÓRIO),CONSULTA REGULADA,ENFERMAGEM - PLANEJAMENTO FAMILIAR (PALESTRA),Ativo,Quarta,1970-01-01 10:00:00.000,Manhã,Ativo,4
3138,J. D. S. N. ,GINECOLOGIA (AMBULATÓRIO),RETORNO,ENFERMAGEM - PLANEJAMENTO FAMILIAR (PALESTRA),Ativo,Quarta,1970-01-01 07:00:00.000,Manhã,Ativo,1
3138,J. D. S. N. ,GINECOLOGIA (AMBULATÓRIO),CONSULTA REGULADA,ENFERMAGEM - PLANEJAMENTO FAMILIAR (PALESTRA),Ativo,Quarta,1970-01-01 15:30:00.000,Tarde,Inativo,4
3138,J. D. S. N. ,GINECOLOGIA (AMBULATÓRIO),INTERCONSULTA,ENFERMAGEM - PLANEJAMENTO FAMILIAR (PALESTRA),Ativo,Quarta,1970-01-01 07:00:00.000,Manhã,Ativo,2
3140,D. F. L. T. ,HEMATOLOGIA (AMBULATÓRIO),RETORNO,HEMATOLOGIA,Inativo,Quarta,1970-01-01 07:00:00.000,Manhã,Ativo,6
3140,D. F. L. T. ,HEMATOLOGIA (AMBULATÓRIO),CONSULTA REGULADA,HEMATOLOGIA,Inativo,Quarta,1970-01-01 10:00:00.000,Manhã,Ativo,4
3142,E. H. D. C. ,ENDOCRINOLOGIA (AMBULATÓRIO),CONSULTA REGULADA,ENDOCRINOLOGIA - OSTEOPOROSE,Inativo,Sexta,1970-01-01 10:00:00.000,Manhã,Ativo,3
3144,L. N. V. D. M. ,ONCOLOGIA (AMBULATÓRIO),CONSULTA REGULADA,ONCOLOGIA - TRIAGEM,Inativo,Terça,1970-01-01 10:00:00.000,Manhã,Inativo,6
3146,J. C. F. F. ,OFTALMOLOGIA (AMBULATÓRIO),INTERCONSULTA,OFTALMOLOGIA - CATARATA,Ativo,Quinta,1970-01-01 13:00:00.000,Tarde,Ativo,1
3146,J. C. F. F. ,OFTALMOLOGIA (AMBULATÓRIO),RETORNO,OFTALMOLOGIA - CATARATA,Ativo,Quinta,1970-01-01 13:00:00.000,Tarde,Inativo,6
3148,S. R. D. L. A. ,ENDOCRINOLOGIA (AMBULATÓRIO),CONSULTA REGULADA,ENDOCRINOLOGIA - TRIAGEM,Ativo,Sexta,1970-01-01 15:30:00.000,Tarde,Ativo,12
3150,E. F. D. C. N. ,CIRURGIA BUCOMAXILOFACIAL (AMBULATÓRIO),INTERCONSULTA,BUCOMAXILOFACIAL,Ativo,Sexta,1970-01-01 13:00:00.000,Tarde,Ativo,3
3150,E. F. D. C. N. ,CIRURGIA BUCOMAXILOFACIAL (AMBULATÓRIO),RETORNO,BUCOMAXILOFACIAL,Ativo,Sexta,1970-01-01 13:00:00.000,Tarde,Ativo,5
3152,A. K. T. S. ,OFTALMOLOGIA (AMBULATÓRIO),RETORNO,OFTALMOLOGIA - DOENCA OCULAR TIREOIDEANA,Ativo,Terça,1970-01-01 07:00:00.000,Manhã,Ativo,3
3152,A. K. T. S. ,OFTALMOLOGIA (AMBULATÓRIO),INTERCONSULTA,OFTALMOLOGIA - DOENCA OCULAR TIREOIDEANA,Ativo,Terça,1970-01-01 07:00:00.000,Manhã,Ativo,3
3154,R. P. C. L. ,OFTALMOLOGIA (AMBULATÓRIO),INTERCONSULTA,OFTALMOLOGIA - LASER - FOTOCOAGULACAO,Ativo,Segunda,1970-01-01 07:00:00.000,Manhã,Ativo,2
3154,R. P. C. L. ,OFTALMOLOGIA (AMBULATÓRIO),RETORNO,OFTALMOLOGIA - LASER - FOTOCOAGULACAO,Ativo,Segunda,1970-01-01 07:00:00.000,Manhã,Ativo,3
3156,D. P. D. L. O. ,PEDIATRIA (AMBULATÓRIO),RETORNO,NUTRICAO - GASTROPEDIATRIA,Ativo,Segunda,1970-01-01 07:00:00.000,Manhã,Ativo,6
3156,D. P. D. L. O. ,PEDIATRIA (AMBULATÓRIO),RETORNO,NUTRICAO - GASTROPEDIATRIA,Ativo,Terça,1970-01-01 07:00:00.000,Manhã,Ativo,6
3158,A. C. A. D. M. ,GASTROENTEROLOGIA (AMBULATÓRIO),TELEATENDIMENTO,TELEMEDICINA INTERCONSULTA GASTROENTEROLOGIA,Ativo,Quarta,1970-01-01 08:00:00.000,Manhã,Ativo,8
3160,G. E. C. S. ,ONCOLOGIA (AMBULATÓRIO),INTERCONSULTA,ONCOLOGIA - MASTOLOGIA,Ativo,Terça,1970-01-01 07:00:00.000,Manhã,Inativo,1
3160,G. E. C. S. ,ONCOLOGIA (AMBULATÓRIO),INTERCONSULTA,ONCOLOGIA - MASTOLOGIA,Ativo,Terça,1970-01-01 13:00:00.000,Tarde,Inativo,1
3160,G. E. C. S. ,ONCOLOGIA (AMBULATÓRIO),RETORNO,ONCOLOGIA - MASTOLOGIA,Ativo,Terça,1970-01-01 07:00:00.000,Manhã,Ativo,5
3160,G. E. C. S. ,ONCOLOGIA (AMBULATÓRIO),RETORNO,ONCOLOGIA - MASTOLOGIA,Ativo,Terça,1970-01-01 13:00:00.000,Tarde,Inativo,10
3160,G. E. C. S. ,ONCOLOGIA (AMBULATÓRIO),INTERCONSULTA,ONCOLOGIA - MASTOLOGIA,Ativo,Quinta,1970-01-01 07:00:00.000,Manhã,Inativo,1
3160,G. E. C. S. ,ONCOLOGIA (AMBULATÓRIO),RETORNO,ONCOLOGIA - MASTOLOGIA,Ativo,Quinta,1970-01-01 07:00:00.000,Manhã,Inativo,7
3162,A. C. G. ,PNEUMOLOGIA (AMBULATÓRIO),,ENFERMAGEM EM ESPIROMETRIA,Inativo,,,,,
3164,I. D. O. ,NEUROLOGIA (AMBULATÓRIO),RETORNO,NEUROLOGIA - ESCLEROSE MULTIPLA,Ativo,Quarta,1970-01-01 07:00:00.000,Manhã,Ativo,8
3164,I. D. O. ,NEUROLOGIA (AMBULATÓRIO),CONSULTA REGULADA,NEUROLOGIA - ESCLEROSE MULTIPLA,Ativo,Quarta,1970-01-01 10:00:00.000,Manhã,Ativo,2
3166,I. D. O. ,NEUROLOGIA (AMBULATÓRIO),RETORNO,NEUROLOGIA,Ativo,Quarta,1970-01-01 12:00:00.000,Tarde,Ativo,4
3166,I. D. O. ,NEUROLOGIA (AMBULATÓRIO),INTERCONSULTA,NEUROLOGIA,Ativo,Quarta,1970-01-01 12:00:00.000,Tarde,Ativo,3
3168,I. D. O. ,NEUROLOGIA (AMBULATÓRIO),RETORNO,NEUROLOGIA - CEFALEIA,Ativo,Sexta,1970-01-01 07:00:00.000,Manhã,Ativo,10
3168,I. D. O. ,NEUROLOGIA (AMBULATÓRIO),CONSULTA REGULADA,NEUROLOGIA - CEFALEIA,Ativo,Sexta,1970-01-01 10:00:00.000,Manhã,Ativo,2
3170,B. D. S. S. ,NEFROLOGIA (AMBULATÓRIO),RETORNO,PSICOLOGIA - HEMODIALISE,Ativo,Segunda,1970-01-01 13:00:00.000,Tarde,Ativo,2
3170,B. D. S. S. ,NEFROLOGIA (AMBULATÓRIO),RETORNO,PSICOLOGIA - HEMODIALISE,Ativo,Segunda,1970-01-01 07:00:00.000,Manhã,Ativo,2
3170,B. D. S. S. ,NEFROLOGIA (AMBULATÓRIO),RETORNO,PSICOLOGIA - HEMODIALISE,Ativo,Terça,1970-01-01 13:00:00.000,Tarde,Ativo,2
3170,B. D. S. S. ,NEFROLOGIA (AMBULATÓRIO),RETORNO,PSICOLOGIA - HEMODIALISE,Ativo,Terça,1970-01-01 07:00:00.000,Manhã,Ativo,2
3170,B. D. S. S. ,NEFROLOGIA (AMBULATÓRIO),RETORNO,PSICOLOGIA - HEMODIALISE,Ativo,Quarta,1970-01-01 13:00:00.000,Tarde,Ativo,2
3170,B. D. S. S. ,NEFROLOGIA (AMBULATÓRIO),RETORNO,PSICOLOGIA - HEMODIALISE,Ativo,Quarta,1970-01-01 07:00:00.000,Manhã,Ativo,2
3170,B. D. S. S. ,NEFROLOGIA (AMBULATÓRIO),RETORNO,PSICOLOGIA - HEMODIALISE,Ativo,Quinta,1970-01-01 07:00:00.000,Manhã,Ativo,2
3170,B. D. S. S. ,NEFROLOGIA (AMBULATÓRIO),RETORNO,PSICOLOGIA - HEMODIALISE,Ativo,Quinta,1970-01-01 13:00:00.000,Tarde,Ativo,2
3170,B. D. S. S. ,NEFROLOGIA (AMBULATÓRIO),RETORNO,PSICOLOGIA - HEMODIALISE,Ativo,Sexta,1970-01-01 13:00:00.000,Tarde,Ativo,2
3170,B. D. S. S. ,NEFROLOGIA (AMBULATÓRIO),RETORNO,PSICOLOGIA - HEMODIALISE,Ativo,Sexta,1970-01-01 07:00:00.000,Manhã,Ativo,2
3172,B. D. S. S. ,NEFROLOGIA (AMBULATÓRIO),RETORNO,PSICOLOGIA - NEFRO,Ativo,Quarta,1970-01-01 07:00:00.000,Manhã,Ativo,2
3176,M. G. P. D. M. P. ,CARDIOLOGIA (AMBULATÓRIO),TELEATENDIMENTO,TELEMEDICINA - INR,Ativo,Quarta,1970-01-01 08:00:00.000,Manhã,Ativo,14
3178,R. N. L. J. ,CIRURGIA GERAL (AMBULATÓRIO),INTERCONSULTA,CIRURGIA GERAL,Ativo,Sexta,1970-01-01 13:00:00.000,Tarde,Ativo,2
3178,R. N. L. J. ,CIRURGIA GERAL (AMBULATÓRIO),RETORNO,CIRURGIA GERAL,Ativo,Sexta,1970-01-01 13:00:00.000,Tarde,Ativo,6
3178,R. N. L. J. ,CIRURGIA GERAL (AMBULATÓRIO),CONSULTA REGULADA,CIRURGIA GERAL,Ativo,Sexta,1970-01-01 15:30:00.000,Tarde,Ativo,4
3180,F. A. M. F. J. ,CIRURGIA GERAL (AMBULATÓRIO),CONSULTA REGULADA,CIRURGIA GERAL,Ativo,Quarta,1970-01-01 15:30:00.000,Tarde,Ativo,4
3180,F. A. M. F. J. ,CIRURGIA GERAL (AMBULATÓRIO),RETORNO,CIRURGIA GERAL,Ativo,Quarta,1970-01-01 13:00:00.000,Tarde,Ativo,6
3180,F. A. M. F. J. ,CIRURGIA GERAL (AMBULATÓRIO),INTERCONSULTA,CIRURGIA GERAL,Ativo,Quarta,1970-01-01 13:00:00.000,Tarde,Ativo,2
3182,R. L. K. ,REUMATOLOGIA (AMBULATÓRIO),RETORNO,REUMATOLOGIA - PESQUISA,Ativo,Segunda,1970-01-01 13:00:00.000,Tarde,Ativo,5
3182,R. L. K. ,REUMATOLOGIA (AMBULATÓRIO),RETORNO,REUMATOLOGIA - PESQUISA,Ativo,Segunda,1970-01-01 07:00:00.000,Manhã,Ativo,5
3182,R. L. K. ,REUMATOLOGIA (AMBULATÓRIO),RETORNO,REUMATOLOGIA - PESQUISA,Ativo,Terça,1970-01-01 13:00:00.000,Tarde,Ativo,5
3182,R. L. K. ,REUMATOLOGIA (AMBULATÓRIO),RETORNO,REUMATOLOGIA - PESQUISA,Ativo,Terça,1970-01-01 07:00:00.000,Manhã,Ativo,5
3182,R. L. K. ,REUMATOLOGIA (AMBULATÓRIO),RETORNO,REUMATOLOGIA - PESQUISA,Ativo,Quarta,1970-01-01 07:00:00.000,Manhã,Ativo,5
3182,R. L. K. ,REUMATOLOGIA (AMBULATÓRIO),RETORNO,REUMATOLOGIA - PESQUISA,Ativo,Quarta,1970-01-01 13:00:00.000,Tarde,Ativo,5
3182,R. L. K. ,REUMATOLOGIA (AMBULATÓRIO),RETORNO,REUMATOLOGIA - PESQUISA,Ativo,Quinta,1970-01-01 13:00:00.000,Tarde,Ativo,5
3182,R. L. K. ,REUMATOLOGIA (AMBULATÓRIO),RETORNO,REUMATOLOGIA - PESQUISA,Ativo,Quinta,1970-01-01 07:00:00.000,Manhã,Ativo,5
3182,R. L. K. ,REUMATOLOGIA (AMBULATÓRIO),RETORNO,REUMATOLOGIA - PESQUISA,Ativo,Sexta,1970-01-01 07:00:00.000,Manhã,Ativo,5
3182,R. L. K. ,REUMATOLOGIA (AMBULATÓRIO),RETORNO,REUMATOLOGIA - PESQUISA,Ativo,Sexta,1970-01-01 13:00:00.000,Tarde,Ativo,5
3184,A. L. B. P. D. ,REUMATOLOGIA (AMBULATÓRIO),RETORNO,REUMATOLOGIA - PESQUISA,Inativo,Segunda,1970-01-01 13:00:00.000,Tarde,Ativo,5
3184,A. L. B. P. D. ,REUMATOLOGIA (AMBULATÓRIO),RETORNO,REUMATOLOGIA - PESQUISA,Inativo,Segunda,1970-01-01 07:00:00.000,Manhã,Ativo,5
3184,A. L. B. P. D. ,REUMATOLOGIA (AMBULATÓRIO),RETORNO,REUMATOLOGIA - PESQUISA,Inativo,Terça,1970-01-01 07:00:00.000,Manhã,Ativo,5
3184,A. L. B. P. D. ,REUMATOLOGIA (AMBULATÓRIO),RETORNO,REUMATOLOGIA - PESQUISA,Inativo,Terça,1970-01-01 13:00:00.000,Tarde,Ativo,5
3184,A. L. B. P. D. ,REUMATOLOGIA (AMBULATÓRIO),RETORNO,REUMATOLOGIA - PESQUISA,Inativo,Quarta,1970-01-01 13:00:00.000,Tarde,Ativo,5
3184,A. L. B. P. D. ,REUMATOLOGIA (AMBULATÓRIO),RETORNO,REUMATOLOGIA - PESQUISA,Inativo,Quarta,1970-01-01 07:00:00.000,Manhã,Ativo,5
3184,A. L. B. P. D. ,REUMATOLOGIA (AMBULATÓRIO),RETORNO,REUMATOLOGIA - PESQUISA,Inativo,Quinta,1970-01-01 13:00:00.000,Tarde,Ativo,5
3184,A. L. B. P. D. ,REUMATOLOGIA (AMBULATÓRIO),RETORNO,REUMATOLOGIA - PESQUISA,Inativo,Quinta,1970-01-01 07:00:00.000,Manhã,Ativo,5
3184,A. L. B. P. D. ,REUMATOLOGIA (AMBULATÓRIO),RETORNO,REUMATOLOGIA - PESQUISA,Inativo,Sexta,1970-01-01 07:00:00.000,Manhã,Ativo,5
3184,A. L. B. P. D. ,REUMATOLOGIA (AMBULATÓRIO),RETORNO,REUMATOLOGIA - PESQUISA,Inativo,Sexta,1970-01-01 13:00:00.000,Tarde,Ativo,5
3186,R. B. D. P. ,NEFROLOGIA (AMBULATÓRIO),CONSULTA REGULADA,NEFROTRIAGEM,Inativo,Quarta,1970-01-01 10:00:00.000,Manhã,Inativo,10
3188,M. F. B. ,CIRURGIA BARIATRICA,RETORNO,NUTRIÇÃO - CIRURGIA BARIÁTRICA,Ativo,Segunda,1970-01-01 13:00:00.000,Tarde,Ativo,4
3188,M. F. B. ,CIRURGIA BARIATRICA,INTERCONSULTA,NUTRIÇÃO - CIRURGIA BARIÁTRICA,Ativo,Segunda,1970-01-01 13:00:00.000,Tarde,Ativo,3
3194,C. A. A. ,CIRURGIA GERAL (AMBULATÓRIO),TELEATENDIMENTO,TELEMEDICINA INTERCONSULTA CIRURGIA GERAL,Ativo,Terça,1970-01-01 13:40:00.000,Tarde,Ativo,8
3196,E. S. S. ,ENDOSCOPIA,INTERCONSULTA,PRE-EXAME ENDOSCOPIO,Ativo,Segunda,1970-01-01 07:00:00.000,Manhã,Ativo,4
3198,J. P. D. S. P. ,ENDOSCOPIA,INTERCONSULTA,PRE-EXAME ENDOSCOPIO,Ativo,Quinta,1970-01-01 13:00:00.000,Tarde,Ativo,4
3200,A. A. D. M. ,ORTOPEDIA (AMBULATÓRIO),RETORNO,ORTOPEDIA - MÃO,Ativo,Quinta,1970-01-01 07:00:00.000,Manhã,Ativo,6
3200,A. A. D. M. ,ORTOPEDIA (AMBULATÓRIO),INTERCONSULTA,ORTOPEDIA - MÃO,Ativo,Quinta,1970-01-01 07:00:00.000,Manhã,Ativo,2
3200,A. A. D. M. ,ORTOPEDIA (AMBULATÓRIO),CONSULTA REGULADA,ORTOPEDIA - MÃO,Ativo,Quinta,1970-01-01 10:00:00.000,Manhã,Ativo,2
3202,B. G. D. M. ,ALERGIA E IMUNOLOGIA (AMBULATÓRIO),CONSULTA REGULADA,ALERGIA E IMUNOLOGIA,Ativo,Segunda,1970-01-01 15:30:00.000,Tarde,Ativo,6
3204,M. M. S. V. D. A. ,ALERGIA E IMUNOLOGIA (AMBULATÓRIO),CONSULTA REGULADA,ALERGIA E IMUNOLOGIA,Inativo,Terça,1970-01-01 10:00:00.000,Manhã,Inativo,6
3206,J. G. D. M. ,ALERGIA E IMUNOLOGIA (AMBULATÓRIO),CONSULTA REGULADA,ALERGIA E IMUNOLOGIA,Ativo,Quarta,1970-01-01 10:00:00.000,Manhã,Ativo,6
3208,L. F. M. ,OTORRINOLARINGOLOGIA (AMBULATÓRIO),RETORNO,OTORRINOLARINGOLOGIA - BERA,Ativo,Quinta,1970-01-01 08:30:00.000,Manhã,Ativo,1
3210,L. F. M. ,OTORRINOLARINGOLOGIA (AMBULATÓRIO),RETORNO,OTORRINOLARINGOLOGIA - AUDIOMETRIA INFANTIL,Ativo,Quinta,1970-01-01 08:30:00.000,Manhã,Ativo,1
3212,L. T. D. M. F. ,GASTROENTEROLOGIA (AMBULATÓRIO),CONSULTA REGULADA,GASTROENTEROLOGIA - DOENCA HEPATICA AUTOIMUNE,Ativo,Quinta,1970-01-01 10:00:00.000,Manhã,Ativo,2
3214,L. M. D. O. ,OBSTETRÍCIA (AMBULATÓRIO),RETORNO,OBSTETRÍCIA - MOL. TROFOBLÁTICA GESTACIONAL,Ativo,Terça,1970-01-01 13:00:00.000,Tarde,Ativo,8
3214,L. M. D. O. ,OBSTETRÍCIA (AMBULATÓRIO),CONSULTA REGULADA,OBSTETRÍCIA - MOL. TROFOBLÁTICA GESTACIONAL,Ativo,Terça,1970-01-01 15:30:00.000,Tarde,Ativo,4
3216,F. B. M. L. ,OBSTETRÍCIA (AMBULATÓRIO),,ENFERMAGEM - TRIAGEM OBSTETRICA,Ativo,,,,,
3218,P. M. R. B. ,PSIQUIATRIA (AMBULATÓRIO),RETORNO,ENFERMAGEM - TERAPIA FAMILIAR,Ativo,Segunda,1970-01-01 07:00:00.000,Manhã,Ativo,3
3218,P. M. R. B. ,PSIQUIATRIA (AMBULATÓRIO),RETORNO,ENFERMAGEM - TERAPIA FAMILIAR,Ativo,Terça,1970-01-01 07:00:00.000,Manhã,Ativo,3
3218,P. M. R. B. ,PSIQUIATRIA (AMBULATÓRIO),RETORNO,ENFERMAGEM - TERAPIA FAMILIAR,Ativo,Quarta,1970-01-01 07:00:00.000,Manhã,Ativo,3
3218,P. M. R. B. ,PSIQUIATRIA (AMBULATÓRIO),RETORNO,ENFERMAGEM - TERAPIA FAMILIAR,Ativo,Quinta,1970-01-01 07:00:00.000,Manhã,Ativo,3
3218,P. M. R. B. ,PSIQUIATRIA (AMBULATÓRIO),INTERCONSULTA,ENFERMAGEM - TERAPIA FAMILIAR,Ativo,Sexta,1970-01-01 08:00:00.000,Manhã,Inativo,1
3218,P. M. R. B. ,PSIQUIATRIA (AMBULATÓRIO),CONSULTA REGULADA,ENFERMAGEM - TERAPIA FAMILIAR,Ativo,Sexta,1970-01-01 10:00:00.000,Manhã,Inativo,1
3220,A. C. D. M. G. ,ALERGIA E IMUNOLOGIA (AMBULATÓRIO),RETORNO,ALERGIA PNEUMOPEDIATRIA,Inativo,Segunda,1970-01-01 07:00:00.000,Manhã,Inativo,4
3220,A. C. D. M. G. ,ALERGIA E IMUNOLOGIA (AMBULATÓRIO),INTERCONSULTA,ALERGIA PNEUMOPEDIATRIA,Inativo,Segunda,1970-01-01 07:00:00.000,Manhã,Inativo,2
3220,A. C. D. M. G. ,ALERGIA E IMUNOLOGIA (AMBULATÓRIO),CONSULTA REGULADA,ALERGIA PNEUMOPEDIATRIA,Inativo,Quarta,1970-01-01 10:00:00.000,Manhã,Inativo,10
3220,A. C. D. M. G. ,ALERGIA E IMUNOLOGIA (AMBULATÓRIO),RETORNO,ALERGIA PNEUMOPEDIATRIA,Inativo,Quinta,1970-01-01 07:00:00.000,Manhã,Inativo,4
3220,A. C. D. M. G. ,ALERGIA E IMUNOLOGIA (AMBULATÓRIO),RETORNO,ALERGIA PNEUMOPEDIATRIA,Inativo,Quinta,1970-01-01 13:00:00.000,Tarde,Inativo,4
3220,A. C. D. M. G. ,ALERGIA E IMUNOLOGIA (AMBULATÓRIO),INTERCONSULTA,ALERGIA PNEUMOPEDIATRIA,Inativo,Quinta,1970-01-01 13:00:00.000,Tarde,Inativo,1
3222,P. M. P. R. ,PEDIATRIA (AMBULATÓRIO),CONSULTA REGULADA,PEDIATRIA - ENDOCRINO,Ativo,Segunda,1970-01-01 15:30:00.000,Tarde,Ativo,1
3222,P. M. P. R. ,PEDIATRIA (AMBULATÓRIO),RETORNO,PEDIATRIA - ENDOCRINO,Ativo,Quarta,1970-01-01 13:00:00.000,Tarde,Ativo,6
3222,P. M. P. R. ,PEDIATRIA (AMBULATÓRIO),INTERCONSULTA,PEDIATRIA - ENDOCRINO,Ativo,Quarta,1970-01-01 13:00:00.000,Tarde,Ativo,1
3222,P. M. P. R. ,PEDIATRIA (AMBULATÓRIO),RETORNO,PEDIATRIA - ENDOCRINO,Ativo,Sexta,1970-01-01 13:00:00.000,Tarde,Ativo,4
3222,P. M. P. R. ,PEDIATRIA (AMBULATÓRIO),CONSULTA REGULADA,PEDIATRIA - ENDOCRINO,Ativo,Sexta,1970-01-01 10:00:00.000,Manhã,Ativo,1
3222,P. M. P. R. ,PEDIATRIA (AMBULATÓRIO),RETORNO,PEDIATRIA - ENDOCRINO,Ativo,Sexta,1970-01-01 07:00:00.000,Manhã,Ativo,4
3222,P. M. P. R. ,PEDIATRIA (AMBULATÓRIO),INTERCONSULTA,PEDIATRIA - ENDOCRINO,Ativo,Sexta,1970-01-01 13:00:00.000,Tarde,Ativo,1
3224,A. D. S. M. F. ,PUERICULTURA (AMBULATÓRIO),,PUERICULTURA - ALTO RISCO,Inativo,,,,,
3226,T. D. E. S. ,UROLOGIA (AMBULATÓRIO),RETORNO,UROLOGIA AULAS PRATICAS,Inativo,Quinta,1970-01-01 13:00:00.000,Tarde,Ativo,5
3228,C. H. Z. ,ONCOLOGIA (AMBULATÓRIO),INTERCONSULTA,ONCOLOGIA - GENETICA,Ativo,Terça,1970-01-01 13:00:00.000,Tarde,Ativo,2
3228,C. H. Z. ,ONCOLOGIA (AMBULATÓRIO),RETORNO,ONCOLOGIA - GENETICA,Ativo,Terça,1970-01-01 13:00:00.000,Tarde,Ativo,10
3230,A. C. M. G. P. S. ,ALERGIA E IMUNOLOGIA (AMBULATÓRIO),,ALERGIA - ALIMENTAR,Inativo,,,,,
3232,B. G. D. M. ,ALERGIA E IMUNOLOGIA (AMBULATÓRIO),,ALERGIA - ALIMENTAR,Inativo,,,,,
3234,B. G. D. M. ,ALERGIA E IMUNOLOGIA (AMBULATÓRIO),INTERCONSULTA,ALERGIA - RINITE,Inativo,Quarta,1970-01-01 07:00:00.000,Manhã,Ativo,2
3234,B. G. D. M. ,ALERGIA E IMUNOLOGIA (AMBULATÓRIO),RETORNO,ALERGIA - RINITE,Inativo,Quarta,1970-01-01 07:00:00.000,Manhã,Ativo,4
3236,B. G. D. M. ,ALERGIA E IMUNOLOGIA (AMBULATÓRIO),RETORNO,ALERGIA - ASMA E CONJUNTIVITE,Ativo,Quinta,1970-01-01 13:00:00.000,Tarde,Ativo,4
3238,J. G. D. M. ,ALERGIA E IMUNOLOGIA (AMBULATÓRIO),RETORNO,ALERGIA - ALIMENTAR,Ativo,Segunda,1970-01-01 13:00:00.000,Tarde,Ativo,6
3240,J. G. D. M. ,ALERGIA E IMUNOLOGIA (AMBULATÓRIO),,ALERGIA - DROGAS,Inativo,,,,,
3241,J. G. D. M. ,ALERGIA E IMUNOLOGIA (AMBULATÓRIO),RETORNO,ALERGIA - IMUNOTERAPIA,Ativo,Quarta,1970-01-01 13:00:00.000,Tarde,Ativo,6
3242,D. A. D. C. K. B. ,ENDOCRINOLOGIA (AMBULATÓRIO),TELEATENDIMENTO,TELEMEDICINA INTERCONSULTA ENDOCRINOLOGIA,Ativo,Segunda,1970-01-01 11:00:00.000,Manhã,Ativo,2
3242,D. A. D. C. K. B. ,ENDOCRINOLOGIA (AMBULATÓRIO),TELEATENDIMENTO,TELEMEDICINA INTERCONSULTA ENDOCRINOLOGIA,Ativo,Segunda,1970-01-01 08:00:00.000,Manhã,Ativo,9
3242,D. A. D. C. K. B. ,ENDOCRINOLOGIA (AMBULATÓRIO),TELEATENDIMENTO,TELEMEDICINA INTERCONSULTA ENDOCRINOLOGIA,Ativo,Sexta,1970-01-01 11:00:00.000,Manhã,Ativo,2
3242,D. A. D. C. K. B. ,ENDOCRINOLOGIA (AMBULATÓRIO),TELEATENDIMENTO,TELEMEDICINA INTERCONSULTA ENDOCRINOLOGIA,Ativo,Sexta,1970-01-01 08:00:00.000,Manhã,Ativo,9
3244,C. G. N. ,CIRURGIA GERAL (AMBULATÓRIO),CONSULTA REGULADA,CIRURGIA GERAL,Ativo,Sexta,1970-01-01 10:00:00.000,Manhã,Ativo,4
3244,C. G. N. ,CIRURGIA GERAL (AMBULATÓRIO),RETORNO,CIRURGIA GERAL,Ativo,Sexta,1970-01-01 07:00:00.000,Manhã,Ativo,6
3244,C. G. N. ,CIRURGIA GERAL (AMBULATÓRIO),INTERCONSULTA,CIRURGIA GERAL,Ativo,Sexta,1970-01-01 07:00:00.000,Manhã,Ativo,2
3246,M. I. D. S. M. D. ,ENFERMAGEM,INTERCONSULTA,ENFERMAGEM - OTORRINOLARINGOLOGIA,Ativo,Terça,1970-01-01 07:00:00.000,Manhã,Ativo,2
3246,M. I. D. S. M. D. ,ENFERMAGEM,RETORNO,ENFERMAGEM - OTORRINOLARINGOLOGIA,Ativo,Terça,1970-01-01 07:00:00.000,Manhã,Ativo,4
3246,M. I. D. S. M. D. ,ENFERMAGEM,RETORNO,ENFERMAGEM - OTORRINOLARINGOLOGIA,Ativo,Quinta,1970-01-01 07:00:00.000,Manhã,Ativo,4
3246,M. I. D. S. M. D. ,ENFERMAGEM,INTERCONSULTA,ENFERMAGEM - OTORRINOLARINGOLOGIA,Ativo,Quinta,1970-01-01 07:00:00.000,Manhã,Ativo,2
3248,J. T. D. D. S. ,CIRURGIA BARIATRICA,CONSULTA REGULADA,CIRURGIA BARIATRICA,Ativo,Quinta,1970-01-01 15:30:00.000,Tarde,Ativo,1
3250,A. A. B. F. ,CIRURGIA BARIATRICA,CONSULTA REGULADA,CIRURGIA BARIATRICA,Ativo,Segunda,1970-01-01 10:00:00.000,Manhã,Ativo,1
3252,C. G. N. ,CIRURGIA BARIATRICA,CONSULTA REGULADA,CIRURGIA BARIATRICA,Ativo,Sexta,1970-01-01 10:00:00.000,Manhã,Ativo,1
3254,F. A. M. F. J. ,CIRURGIA BARIATRICA,CONSULTA REGULADA,CIRURGIA BARIATRICA,Ativo,Quarta,1970-01-01 15:30:00.000,Tarde,Ativo,1
3256,M. H. D. O. ,DERMATOLOGIA (AMBULATÓRIO),TELEATENDIMENTO,DERMATOLOGIA - TELEMEDICINA,Ativo,Segunda,1970-01-01 08:30:00.000,Manhã,Inativo,10
3256,M. H. D. O. ,DERMATOLOGIA (AMBULATÓRIO),TELEATENDIMENTO,DERMATOLOGIA - TELEMEDICINA,Ativo,Segunda,1970-01-01 13:30:00.000,Tarde,Ativo,6
3256,M. H. D. O. ,DERMATOLOGIA (AMBULATÓRIO),TELEATENDIMENTO,DERMATOLOGIA - TELEMEDICINA,Ativo,Terça,1970-01-01 13:30:00.000,Tarde,Inativo,8
3256,M. H. D. O. ,DERMATOLOGIA (AMBULATÓRIO),TELEATENDIMENTO,DERMATOLOGIA - TELEMEDICINA,Ativo,Quarta,1970-01-01 08:30:00.000,Manhã,Inativo,10
3256,M. H. D. O. ,DERMATOLOGIA (AMBULATÓRIO),TELEATENDIMENTO,DERMATOLOGIA - TELEMEDICINA,Ativo,Quarta,1970-01-01 13:30:00.000,Tarde,Ativo,6
3258,M. H. D. O. ,DERMATOLOGIA (AMBULATÓRIO),TELEATENDIMENTO,DERMATOLOGIA - TELEMEDICINA,Ativo,Segunda,1970-01-01 13:30:00.000,Tarde,Ativo,6
3258,M. H. D. O. ,DERMATOLOGIA (AMBULATÓRIO),TELEATENDIMENTO,DERMATOLOGIA - TELEMEDICINA,Ativo,Quarta,1970-01-01 13:30:00.000,Tarde,Ativo,6
3260,L. C. C. ,AGENCIA TRANSFUSIONAL,PRIMEIRA CONSULTA,PATIENT BLOOD MANAGEMENT,Ativo,Quarta,1970-01-01 10:00:00.000,Manhã,Ativo,7
3260,L. C. C. ,AGENCIA TRANSFUSIONAL,RETORNO,PATIENT BLOOD MANAGEMENT,Ativo,Quarta,1970-01-01 10:00:00.000,Manhã,Ativo,5
3262,A. C. D. M. G. ,ALERGIA E IMUNOLOGIA (AMBULATÓRIO),INTERCONSULTA,PNEUMOPEDIATRIA - PRE-OPERATORIO,Inativo,Segunda,1970-01-01 07:00:00.000,Manhã,Inativo,1
3264,L. D. B. D. M. ,NUCLEO DE TELESSAUDE,TELEATENDIMENTO,TELEMEDICINA INTERCONSULTA INFPNEUDOR,Ativo,Terça,1970-01-01 13:30:00.000,Tarde,Ativo,7
3264,L. D. B. D. M. ,NUCLEO DE TELESSAUDE,TELEATENDIMENTO,TELEMEDICINA INTERCONSULTA INFPNEUDOR,Ativo,Sexta,1970-01-01 13:30:00.000,Tarde,Ativo,7
3265,L. D. B. D. M. ,NUCLEO DE TELESSAUDE,TELEATENDIMENTO,TELEMEDICINA INTERCONSULTA CARGASHEMATO,Ativo,Terça,1970-01-01 08:00:00.000,Manhã,Ativo,7
3265,L. D. B. D. M. ,NUCLEO DE TELESSAUDE,TELEATENDIMENTO,TELEMEDICINA INTERCONSULTA CARGASHEMATO,Ativo,Sexta,1970-01-01 08:00:00.000,Manhã,Ativo,7
3266,A. F. C. B. V. ,PSIQUIATRIA (AMBULATÓRIO),RETORNO,PSIQUIATRIA,Ativo,Segunda,1970-01-01 07:00:00.000,Manhã,Ativo,5
3268,G. V. D. L. ,PSIQUIATRIA (AMBULATÓRIO),INTERCONSULTA,PSIQ - PSICOTERAPIA INDIV. E GRUPO (AMPSIG),Ativo,Terça,1970-01-01 13:00:00.000,Tarde,Ativo,5
3268,G. V. D. L. ,PSIQUIATRIA (AMBULATÓRIO),INTERCONSULTA,PSIQ - PSICOTERAPIA INDIV. E GRUPO (AMPSIG),Ativo,Terça,1970-01-01 07:00:00.000,Manhã,Ativo,5
3268,G. V. D. L. ,PSIQUIATRIA (AMBULATÓRIO),INTERCONSULTA,PSIQ - PSICOTERAPIA INDIV. E GRUPO (AMPSIG),Ativo,Quinta,1970-01-01 07:00:00.000,Manhã,Ativo,5
3268,G. V. D. L. ,PSIQUIATRIA (AMBULATÓRIO),INTERCONSULTA,PSIQ - PSICOTERAPIA INDIV. E GRUPO (AMPSIG),Ativo,Quinta,1970-01-01 13:00:00.000,Tarde,Ativo,5
3270,N. G. C. ,NUCLEO DE TELESSAUDE,TELEATENDIMENTO,CENTRO DE PESQUISA CLINICA,Ativo,Segunda,1970-01-01 08:00:00.000,Manhã,Ativo,5
3270,N. G. C. ,NUCLEO DE TELESSAUDE,TELEATENDIMENTO,CENTRO DE PESQUISA CLINICA,Ativo,Segunda,1970-01-01 12:00:00.000,Tarde,Ativo,5
3270,N. G. C. ,NUCLEO DE TELESSAUDE,TELEATENDIMENTO,CENTRO DE PESQUISA CLINICA,Ativo,Terça,1970-01-01 12:00:00.000,Tarde,Ativo,5
3270,N. G. C. ,NUCLEO DE TELESSAUDE,TELEATENDIMENTO,CENTRO DE PESQUISA CLINICA,Ativo,Terça,1970-01-01 08:00:00.000,Manhã,Ativo,5
3270,N. G. C. ,NUCLEO DE TELESSAUDE,TELEATENDIMENTO,CENTRO DE PESQUISA CLINICA,Ativo,Quarta,1970-01-01 12:00:00.000,Tarde,Ativo,5
3270,N. G. C. ,NUCLEO DE TELESSAUDE,TELEATENDIMENTO,CENTRO DE PESQUISA CLINICA,Ativo,Quarta,1970-01-01 08:00:00.000,Manhã,Ativo,5
3270,N. G. C. ,NUCLEO DE TELESSAUDE,TELEATENDIMENTO,CENTRO DE PESQUISA CLINICA,Ativo,Quinta,1970-01-01 08:00:00.000,Manhã,Ativo,5
3270,N. G. C. ,NUCLEO DE TELESSAUDE,TELEATENDIMENTO,CENTRO DE PESQUISA CLINICA,Ativo,Quinta,1970-01-01 12:00:00.000,Tarde,Ativo,5
3270,N. G. C. ,NUCLEO DE TELESSAUDE,TELEATENDIMENTO,CENTRO DE PESQUISA CLINICA,Ativo,Sexta,1970-01-01 12:00:00.000,Tarde,Ativo,5
3270,N. G. C. ,NUCLEO DE TELESSAUDE,TELEATENDIMENTO,CENTRO DE PESQUISA CLINICA,Ativo,Sexta,1970-01-01 08:00:00.000,Manhã,Ativo,5
3272,,NUCLEO DE TELESSAUDE,TELEATENDIMENTO,TELEMEDICINA LME REUMATOLOGIA,Ativo,Quinta,1970-01-01 09:00:00.000,Manhã,Ativo,7
3274,L. G. D. F. A. ,NEFROLOGIA (AMBULATÓRIO),RETORNO,NEFROLOGIA - PESQUISA,Ativo,Segunda,1970-01-01 07:00:00.000,Manhã,Ativo,1
3274,L. G. D. F. A. ,NEFROLOGIA (AMBULATÓRIO),RETORNO,NEFROLOGIA - PESQUISA,Ativo,Terça,1970-01-01 07:00:00.000,Manhã,Ativo,1
3274,L. G. D. F. A. ,NEFROLOGIA (AMBULATÓRIO),RETORNO,NEFROLOGIA - PESQUISA,Ativo,Quarta,1970-01-01 07:00:00.000,Manhã,Ativo,1
3274,L. G. D. F. A. ,NEFROLOGIA (AMBULATÓRIO),RETORNO,NEFROLOGIA - PESQUISA,Ativo,Quinta,1970-01-01 07:00:00.000,Manhã,Ativo,1
3274,L. G. D. F. A. ,NEFROLOGIA (AMBULATÓRIO),RETORNO,NEFROLOGIA - PESQUISA,Ativo,Sexta,1970-01-01 07:00:00.000,Manhã,Ativo,1
3276,E. C. D. S. F. ,CARDIOLOGIA (AMBULATÓRIO),RETORNO,PRE E POS OPERATORIO CIRURGIA CARDIACA,Ativo,Segunda,1970-01-01 09:00:00.000,Manhã,Ativo,6
3278,D. M. D. S. ,ANESTESIOLOGIA (AMBULATÓRIO),INTERCONSULTA,ANESTESIOLOGIA,Ativo,Terça,1970-01-01 13:00:00.000,Tarde,Ativo,10
3278,D. M. D. S. ,ANESTESIOLOGIA (AMBULATÓRIO),INTERCONSULTA,ANESTESIOLOGIA,Ativo,Terça,1970-01-01 07:00:00.000,Manhã,Ativo,10
3278,D. M. D. S. ,ANESTESIOLOGIA (AMBULATÓRIO),INTERCONSULTA,ANESTESIOLOGIA,Ativo,Sexta,1970-01-01 13:00:00.000,Tarde,Ativo,10
3278,D. M. D. S. ,ANESTESIOLOGIA (AMBULATÓRIO),INTERCONSULTA,ANESTESIOLOGIA,Ativo,Sexta,1970-01-01 07:00:00.000,Manhã,Ativo,10
3280,L. M. V. ,NEFROLOGIA (AMBULATÓRIO),RETORNO,NEFROLOGIA - PESQUISA,Ativo,Segunda,1970-01-01 07:00:00.000,Manhã,Ativo,2
3280,L. M. V. ,NEFROLOGIA (AMBULATÓRIO),RETORNO,NEFROLOGIA - PESQUISA,Ativo,Terça,1970-01-01 07:00:00.000,Manhã,Ativo,2
3280,L. M. V. ,NEFROLOGIA (AMBULATÓRIO),RETORNO,NEFROLOGIA - PESQUISA,Ativo,Quarta,1970-01-01 07:00:00.000,Manhã,Ativo,2
3280,L. M. V. ,NEFROLOGIA (AMBULATÓRIO),RETORNO,NEFROLOGIA - PESQUISA,Ativo,Quinta,1970-01-01 07:00:00.000,Manhã,Ativo,2
3280,L. M. V. ,NEFROLOGIA (AMBULATÓRIO),RETORNO,NEFROLOGIA - PESQUISA,Ativo,Sexta,1970-01-01 07:00:00.000,Manhã,Ativo,2
3282,R. D. A. L. S. C. ,PUERICULTURA (AMBULATÓRIO),RETORNO,PUERICULTURA - ALTO RISCO,Ativo,Segunda,1970-01-01 13:00:00.000,Tarde,Ativo,3
3284,K. J. C. F. D. A. ,PUERICULTURA (AMBULATÓRIO),RETORNO,PUERICULTURA - ALTO RISCO,Ativo,Segunda,1970-01-01 13:00:00.000,Tarde,Ativo,4
3286,N. M. E. P. ,PROCTOLOGIA (AMBULATORIO),TELEATENDIMENTO,TELEMEDICINA INTERCONSULTA COLOPROCTOLOGIA,Ativo,Segunda,1970-01-01 08:00:00.000,Manhã,Inativo,7
3286,N. M. E. P. ,PROCTOLOGIA (AMBULATORIO),TELEATENDIMENTO,TELEMEDICINA INTERCONSULTA COLOPROCTOLOGIA,Ativo,Segunda,1970-01-01 13:30:00.000,Tarde,Inativo,7
3286,N. M. E. P. ,PROCTOLOGIA (AMBULATORIO),TELEATENDIMENTO,TELEMEDICINA INTERCONSULTA COLOPROCTOLOGIA,Ativo,Quarta,1970-01-01 08:00:00.000,Manhã,Inativo,7
3288,M. M. P. G. ,PUERICULTURA (AMBULATÓRIO),RETORNO,PUERICULTURA - ALTO RISCO,Ativo,Segunda,1970-01-01 13:00:00.000,Tarde,Ativo,3
3290,L. R. M. G. ,GASTROENTEROLOGIA (AMBULATÓRIO),INTERCONSULTA,GASTROENTEROLOGIA - DOENCA HEPATICA GORDUROSA,Ativo,Sexta,1970-01-01 07:00:00.000,Manhã,Ativo,1
3290,L. R. M. G. ,GASTROENTEROLOGIA (AMBULATÓRIO),RETORNO,GASTROENTEROLOGIA - DOENCA HEPATICA GORDUROSA,Ativo,Sexta,1970-01-01 07:00:00.000,Manhã,Ativo,5
3290,L. R. M. G. ,GASTROENTEROLOGIA (AMBULATÓRIO),CONSULTA REGULADA,GASTROENTEROLOGIA - DOENCA HEPATICA GORDUROSA,Ativo,Sexta,1970-01-01 10:00:00.000,Manhã,Ativo,1
3292,A. D. B. ,GASTROENTEROLOGIA (AMBULATÓRIO),RETORNO,GASTROENTEROLOGIA - DOENCA HEPATICA GORDUROSA,Ativo,Sexta,1970-01-01 07:00:00.000,Manhã,Ativo,3
3294,J. D. R. N. ,PUERICULTURA (AMBULATÓRIO),RETORNO,PUERICULTURA - ALTO RISCO,Ativo,Segunda,1970-01-01 13:00:00.000,Tarde,Ativo,4
3296,T. B. M. C. ,HEMODINAMICA (AMBULATORIO),INTERCONSULTA,RADIOLOGIA INTERVENCIONISTA,Ativo,Terça,1970-01-01 07:00:00.000,Manhã,Ativo,1
3296,T. B. M. C. ,HEMODINAMICA (AMBULATORIO),CONSULTA REGULADA,RADIOLOGIA INTERVENCIONISTA,Ativo,Terça,1970-01-01 10:00:00.000,Manhã,Ativo,2
3298,L. F. M. ,OTORRINOLARINGOLOGIA (AMBULATÓRIO),RETORNO,OTORRINOLARINGOLOGIA - IMITANCIOMETRIA,Ativo,Quinta,1970-01-01 08:30:00.000,Manhã,Ativo,1
3300,A. C. M. G. P. S. ,ALERGIA E IMUNOLOGIA (AMBULATÓRIO),RETORNO,ALERGIA  - LACTENTE SIBILANTE,Ativo,Quinta,1970-01-01 07:00:00.000,Manhã,Ativo,6
3302,J. F. A. T. D. G. ,OFTALMOLOGIA (AMBULATÓRIO),INTERCONSULTA,OFTALMOLOGIA - GLAUCOMA,Ativo,Segunda,1970-01-01 13:00:00.000,Tarde,Ativo,4
3302,J. F. A. T. D. G. ,OFTALMOLOGIA (AMBULATÓRIO),RETORNO,OFTALMOLOGIA - GLAUCOMA,Ativo,Segunda,1970-01-01 07:00:00.000,Manhã,Ativo,8
3302,J. F. A. T. D. G. ,OFTALMOLOGIA (AMBULATÓRIO),RETORNO,OFTALMOLOGIA - GLAUCOMA,Ativo,Segunda,1970-01-01 13:00:00.000,Tarde,Ativo,8
3302,J. F. A. T. D. G. ,OFTALMOLOGIA (AMBULATÓRIO),INTERCONSULTA,OFTALMOLOGIA - GLAUCOMA,Ativo,Segunda,1970-01-01 07:00:00.000,Manhã,Ativo,4
3304,B. G. D. M. ,ALERGIA E IMUNOLOGIA (AMBULATÓRIO),RETORNO,ALERGIA - AUTOIMUNIDADE,Ativo,Segunda,1970-01-01 07:00:00.000,Manhã,Ativo,6
3306,F. A. M. ,MEDICINA NUCLEAR (AMBULATORIO),RETORNO,MEDICINA NUCLEAR,Ativo,Segunda,1970-01-01 13:00:00.000,Tarde,Ativo,4
3306,F. A. M. ,MEDICINA NUCLEAR (AMBULATORIO),CONSULTA REGULADA,MEDICINA NUCLEAR,Ativo,Segunda,1970-01-01 15:30:00.000,Tarde,Ativo,8
3306,F. A. M. ,MEDICINA NUCLEAR (AMBULATORIO),RETORNO,MEDICINA NUCLEAR,Ativo,Terça,1970-01-01 07:00:00.000,Manhã,Ativo,8
3306,F. A. M. ,MEDICINA NUCLEAR (AMBULATORIO),RETORNO,MEDICINA NUCLEAR,Ativo,Quarta,1970-01-01 07:00:00.000,Manhã,Ativo,8
3306,F. A. M. ,MEDICINA NUCLEAR (AMBULATORIO),RETORNO,MEDICINA NUCLEAR,Ativo,Quinta,1970-01-01 07:00:00.000,Manhã,Ativo,8
3306,F. A. M. ,MEDICINA NUCLEAR (AMBULATORIO),RETORNO,MEDICINA NUCLEAR,Ativo,Sexta,1970-01-01 13:00:00.000,Tarde,Ativo,4
3306,F. A. M. ,MEDICINA NUCLEAR (AMBULATORIO),INTERCONSULTA,MEDICINA NUCLEAR,Ativo,Sexta,1970-01-01 13:00:00.000,Tarde,Ativo,8
3306,F. A. M. ,MEDICINA NUCLEAR (AMBULATORIO),RETORNO,MEDICINA NUCLEAR,Ativo,Sexta,1970-01-01 07:00:00.000,Manhã,Ativo,8
3308,A. C. A. M. F. ,ALERGIA E IMUNOLOGIA (AMBULATÓRIO),RETORNO,ALERGIA - URTICARIA,Ativo,Terça,1970-01-01 13:00:00.000,Tarde,Ativo,6
3310,R. A. D. L. M. ,ESPAÇO TRANS (AMBULATÓRIO),INTERCONSULTA,ENFERMAGEM - ESPAÇO TRANS,Ativo,Segunda,1970-01-01 07:00:00.000,Manhã,Ativo,3
3310,R. A. D. L. M. ,ESPAÇO TRANS (AMBULATÓRIO),RETORNO,ENFERMAGEM - ESPAÇO TRANS,Ativo,Segunda,1970-01-01 10:00:00.000,Manhã,Ativo,3
3310,R. A. D. L. M. ,ESPAÇO TRANS (AMBULATÓRIO),RETORNO,ENFERMAGEM - ESPAÇO TRANS,Ativo,Terça,1970-01-01 10:00:00.000,Manhã,Ativo,3
3310,R. A. D. L. M. ,ESPAÇO TRANS (AMBULATÓRIO),INTERCONSULTA,ENFERMAGEM - ESPAÇO TRANS,Ativo,Terça,1970-01-01 07:00:00.000,Manhã,Ativo,3
3310,R. A. D. L. M. ,ESPAÇO TRANS (AMBULATÓRIO),INTERCONSULTA,ENFERMAGEM - ESPAÇO TRANS,Ativo,Quarta,1970-01-01 07:00:00.000,Manhã,Ativo,3
3310,R. A. D. L. M. ,ESPAÇO TRANS (AMBULATÓRIO),RETORNO,ENFERMAGEM - ESPAÇO TRANS,Ativo,Quarta,1970-01-01 10:00:00.000,Manhã,Ativo,3
3312,R. A. D. L. M. ,ESPAÇO TRANS (AMBULATÓRIO),RETORNO,ENFERMAGEM - TERAPIA HORMONAL - ESPAÇO TRANS,Ativo,Quinta,1970-01-01 08:30:00.000,Manhã,Ativo,3
3312,R. A. D. L. M. ,ESPAÇO TRANS (AMBULATÓRIO),INTERCONSULTA,ENFERMAGEM - TERAPIA HORMONAL - ESPAÇO TRANS,Ativo,Quinta,1970-01-01 07:00:00.000,Manhã,Ativo,3
3312,R. A. D. L. M. ,ESPAÇO TRANS (AMBULATÓRIO),RETORNO,ENFERMAGEM - TERAPIA HORMONAL - ESPAÇO TRANS,Ativo,Sexta,1970-01-01 08:30:00.000,Manhã,Ativo,3
3312,R. A. D. L. M. ,ESPAÇO TRANS (AMBULATÓRIO),INTERCONSULTA,ENFERMAGEM - TERAPIA HORMONAL - ESPAÇO TRANS,Ativo,Sexta,1970-01-01 07:00:00.000,Manhã,Ativo,3
3314,A. A. B. F. ,CIRURGIA BARIATRICA,RETORNO,POS-CIRURGIA BARIATRICA,Ativo,Sexta,1970-01-01 13:00:00.000,Tarde,Ativo,6
3316,V. L. D. M. P. ,CARDIOLOGIA (AMBULATÓRIO),INTERCONSULTA,ENFERMAGEM - CARDIO - ECOTRANSESOFAGICO,Ativo,Segunda,1970-01-01 08:00:00.000,Manhã,Ativo,4
3318,A. P. C. D. A. B. F. L. ,OTORRINOLARINGOLOGIA (AMBULATÓRIO),EXAME REGULADO,OTORRINOLARINGOLOGIA - VIDEOLARINGOSCOPIA,Ativo,Terça,1970-01-01 10:00:00.000,Manhã,Ativo,6
3320,A. C. D. M. G. ,NUCLEO DE TELESSAUDE,TELEATENDIMENTO,TELEMEDICINA INTERCONSULTA INFPNEUDOR,Ativo,Quinta,1970-01-01 13:30:00.000,Tarde,Ativo,8
3322,A. C. D. M. G. ,NUCLEO DE TELESSAUDE,TELEATENDIMENTO,TELEMEDICINA INTERCONSULTA CARGASHEMATO,Ativo,Segunda,1970-01-01 08:00:00.000,Manhã,Ativo,8
3322,A. C. D. M. G. ,NUCLEO DE TELESSAUDE,TELEATENDIMENTO,TELEMEDICINA INTERCONSULTA CARGASHEMATO,Ativo,Quarta,1970-01-01 08:00:00.000,Manhã,Ativo,8
3322,A. C. D. M. G. ,NUCLEO DE TELESSAUDE,TELEATENDIMENTO,TELEMEDICINA INTERCONSULTA CARGASHEMATO,Ativo,Quinta,1970-01-01 08:00:00.000,Manhã,Ativo,8
3324,Y. G. P. D. C. M. ,NUCLEO DE ATENCAO A SAUDE DO ESTUDANTE,PRIMEIRA CONSULTA,DERMATOLOGIA - NASE,Ativo,Terça,1970-01-01 10:30:00.000,Manhã,Ativo,1
3324,Y. G. P. D. C. M. ,NUCLEO DE ATENCAO A SAUDE DO ESTUDANTE,INTERCONSULTA,DERMATOLOGIA - NASE,Ativo,Terça,1970-01-01 16:00:00.000,Tarde,Ativo,1
3324,Y. G. P. D. C. M. ,NUCLEO DE ATENCAO A SAUDE DO ESTUDANTE,RETORNO,DERMATOLOGIA - NASE,Ativo,Terça,1970-01-01 07:00:00.000,Manhã,Ativo,5
3324,Y. G. P. D. C. M. ,NUCLEO DE ATENCAO A SAUDE DO ESTUDANTE,RETORNO,DERMATOLOGIA - NASE,Ativo,Terça,1970-01-01 13:30:00.000,Tarde,Ativo,5
3324,Y. G. P. D. C. M. ,NUCLEO DE ATENCAO A SAUDE DO ESTUDANTE,INTERCONSULTA,DERMATOLOGIA - NASE,Ativo,Terça,1970-01-01 10:00:00.000,Manhã,Ativo,1
3324,Y. G. P. D. C. M. ,NUCLEO DE ATENCAO A SAUDE DO ESTUDANTE,PRIMEIRA CONSULTA,DERMATOLOGIA - NASE,Ativo,Terça,1970-01-01 16:30:00.000,Tarde,Ativo,1
3324,Y. G. P. D. C. M. ,NUCLEO DE ATENCAO A SAUDE DO ESTUDANTE,PRIMEIRA CONSULTA,DERMATOLOGIA - NASE,Ativo,Sexta,1970-01-01 10:30:00.000,Manhã,Ativo,1
3324,Y. G. P. D. C. M. ,NUCLEO DE ATENCAO A SAUDE DO ESTUDANTE,INTERCONSULTA,DERMATOLOGIA - NASE,Ativo,Sexta,1970-01-01 16:00:00.000,Tarde,Ativo,1
3324,Y. G. P. D. C. M. ,NUCLEO DE ATENCAO A SAUDE DO ESTUDANTE,RETORNO,DERMATOLOGIA - NASE,Ativo,Sexta,1970-01-01 07:00:00.000,Manhã,Ativo,5
3324,Y. G. P. D. C. M. ,NUCLEO DE ATENCAO A SAUDE DO ESTUDANTE,INTERCONSULTA,DERMATOLOGIA - NASE,Ativo,Sexta,1970-01-01 10:00:00.000,Manhã,Ativo,1
3324,Y. G. P. D. C. M. ,NUCLEO DE ATENCAO A SAUDE DO ESTUDANTE,PRIMEIRA CONSULTA,DERMATOLOGIA - NASE,Ativo,Sexta,1970-01-01 16:30:00.000,Tarde,Ativo,1
3324,Y. G. P. D. C. M. ,NUCLEO DE ATENCAO A SAUDE DO ESTUDANTE,RETORNO,DERMATOLOGIA - NASE,Ativo,Sexta,1970-01-01 13:30:00.000,Tarde,Ativo,5
3326,L. V. N. D. M. ,CIRURGIA TORÁCICA (AMBULATÓRIO),RETORNO,CIRURGIA TORACICA,Ativo,Terça,1970-01-01 13:00:00.000,Tarde,Ativo,7
3326,L. V. N. D. M. ,CIRURGIA TORÁCICA (AMBULATÓRIO),CONSULTA REGULADA,CIRURGIA TORACICA,Ativo,Terça,1970-01-01 15:30:00.000,Tarde,Ativo,4
3326,L. V. N. D. M. ,CIRURGIA TORÁCICA (AMBULATÓRIO),INTERCONSULTA,CIRURGIA TORACICA,Ativo,Terça,1970-01-01 13:00:00.000,Tarde,Ativo,1
3328,J. G. D. M. ,ALERGIA E IMUNOLOGIA (AMBULATÓRIO),RETORNO,ALERGIA - URTICARIA,Ativo,Terça,1970-01-01 13:00:00.000,Tarde,Ativo,6
3330,L. F. M. ,OTORRINOLARINGOLOGIA (AMBULATÓRIO),RETORNO,OTORRINOLARINGOLOGIA - EXAME BERA - AUDIO,Ativo,Quinta,1970-01-01 07:00:00.000,Manhã,Ativo,3
3332,J. A. G. D. S. ,ENFERMAGEM,PRIMEIRA CONSULTA,ENFERMAGEM - BRONCOSCOPIA,Ativo,Terça,1970-01-01 07:00:00.000,Manhã,Ativo,1
3332,J. A. G. D. S. ,ENFERMAGEM,INTERCONSULTA,ENFERMAGEM - BRONCOSCOPIA,Ativo,Terça,1970-01-01 07:00:00.000,Manhã,Ativo,1
3332,J. A. G. D. S. ,ENFERMAGEM,PRIMEIRA CONSULTA,ENFERMAGEM - BRONCOSCOPIA,Ativo,Quinta,1970-01-01 07:00:00.000,Manhã,Ativo,2
3332,J. A. G. D. S. ,ENFERMAGEM,INTERCONSULTA,ENFERMAGEM - BRONCOSCOPIA,Ativo,Quinta,1970-01-01 07:00:00.000,Manhã,Ativo,1
3334,B. D. M. P. M. ,NUCLEO DE TELESSAUDE,TELEATENDIMENTO,TELEMEDICINA INTERCONSULTA CARGASHEMATO,Ativo,Segunda,1970-01-01 08:00:00.000,Manhã,Ativo,8
3334,B. D. M. P. M. ,NUCLEO DE TELESSAUDE,TELEATENDIMENTO,TELEMEDICINA INTERCONSULTA CARGASHEMATO,Ativo,Quinta,1970-01-01 08:00:00.000,Manhã,Ativo,11
3336,B. D. M. P. M. ,NUCLEO DE TELESSAUDE,TELEATENDIMENTO,TELEMEDICINA INTERCONSULTA INFPNEUDOR,Ativo,Quarta,1970-01-01 13:30:00.000,Tarde,Ativo,8
3338,V. L. S. D. M. ,DERMATOLOGIA (AMBULATÓRIO),RETORNO,DOENCAS IMUNOMEDIADAS,Ativo,Quarta,1970-01-01 07:00:00.000,Manhã,Ativo,8
3340,B. L. N. D. O. ,ONCOLOGIA (AMBULATÓRIO),RETORNO,PSICOLOGIA - ONCOLOGIA,Ativo,Segunda,1970-01-01 13:00:00.000,Tarde,Ativo,2
3340,B. L. N. D. O. ,ONCOLOGIA (AMBULATÓRIO),RETORNO,PSICOLOGIA - ONCOLOGIA,Ativo,Terça,1970-01-01 13:00:00.000,Tarde,Ativo,2
3340,B. L. N. D. O. ,ONCOLOGIA (AMBULATÓRIO),RETORNO,PSICOLOGIA - ONCOLOGIA,Ativo,Terça,1970-01-01 08:00:00.000,Manhã,Ativo,2
3340,B. L. N. D. O. ,ONCOLOGIA (AMBULATÓRIO),RETORNO,PSICOLOGIA - ONCOLOGIA,Ativo,Quarta,1970-01-01 08:00:00.000,Manhã,Ativo,2
3340,B. L. N. D. O. ,ONCOLOGIA (AMBULATÓRIO),RETORNO,PSICOLOGIA - ONCOLOGIA,Ativo,Quarta,1970-01-01 13:00:00.000,Tarde,Ativo,2
3340,B. L. N. D. O. ,ONCOLOGIA (AMBULATÓRIO),RETORNO,PSICOLOGIA - ONCOLOGIA,Ativo,Quinta,1970-01-01 08:00:00.000,Manhã,Ativo,2
3340,B. L. N. D. O. ,ONCOLOGIA (AMBULATÓRIO),RETORNO,PSICOLOGIA - ONCOLOGIA,Ativo,Quinta,1970-01-01 13:00:00.000,Tarde,Ativo,2
3340,B. L. N. D. O. ,ONCOLOGIA (AMBULATÓRIO),RETORNO,PSICOLOGIA - ONCOLOGIA,Ativo,Sexta,1970-01-01 13:00:00.000,Tarde,Ativo,2
3340,B. L. N. D. O. ,ONCOLOGIA (AMBULATÓRIO),RETORNO,PSICOLOGIA - ONCOLOGIA,Ativo,Sexta,1970-01-01 08:00:00.000,Manhã,Ativo,1
3342,M. D. C. M. R. ,ALERGIA E IMUNOLOGIA (AMBULATÓRIO),,ALERGIA - ERRO INATO DA IMUNIDADE,Inativo,,,,,
3344,A. A. A. ,ALERGIA E IMUNOLOGIA (AMBULATÓRIO),RETORNO,ALERGIA - ERRO INATO DA IMUNIDADE,Ativo,Terça,1970-01-01 07:00:00.000,Manhã,Ativo,6
3346,A. C. A. M. F. ,ALERGIA E IMUNOLOGIA (AMBULATÓRIO),RETORNO,ALERGIA - ERRO INATO DA IMUNIDADE,Ativo,Terça,1970-01-01 07:00:00.000,Manhã,Ativo,6
3348,F. W. S. ,ALERGIA E IMUNOLOGIA (AMBULATÓRIO),,ALERGIA - ERRO INATO DA IMUNIDADE,Inativo,,,,,
3350,M. M. S. V. D. A. ,ALERGIA E IMUNOLOGIA (AMBULATÓRIO),RETORNO,ALERGIA - ERRO INATO DA IMUNIDADE,Inativo,Quinta,1970-01-01 07:00:00.000,Manhã,Ativo,3
3352,R. F. D. A. ,CIRURGIA GERAL (AMBULATÓRIO),CONSULTA REGULADA,CIRURGIA GERAL,Ativo,Segunda,1970-01-01 10:00:00.000,Manhã,Ativo,4
3352,R. F. D. A. ,CIRURGIA GERAL (AMBULATÓRIO),INTERCONSULTA,CIRURGIA GERAL,Ativo,Segunda,1970-01-01 07:00:00.000,Manhã,Ativo,2
3352,R. F. D. A. ,CIRURGIA GERAL (AMBULATÓRIO),RETORNO,CIRURGIA GERAL,Ativo,Segunda,1970-01-01 07:00:00.000,Manhã,Ativo,6
3354,M. C. D. M. D. G. ,CARDIOLOGIA (AMBULATÓRIO),,CARDIO - RISCO CIRURGICO,Ativo,,,,,
3356,A. C. M. D. S. S. ,FISIOTERAPIA,SESSAO,FISIOTERAPIA - ORTOPEDIA,Ativo,Terça,1970-01-01 07:00:00.000,Manhã,Ativo,6
3356,A. C. M. D. S. S. ,FISIOTERAPIA,SESSAO,FISIOTERAPIA - ORTOPEDIA,Ativo,Quarta,1970-01-01 07:00:00.000,Manhã,Ativo,6
3356,A. C. M. D. S. S. ,FISIOTERAPIA,SESSAO,FISIOTERAPIA - ORTOPEDIA,Ativo,Quinta,1970-01-01 07:00:00.000,Manhã,Ativo,6
3356,A. C. M. D. S. S. ,FISIOTERAPIA,SESSAO,FISIOTERAPIA - ORTOPEDIA,Ativo,Sexta,1970-01-01 07:00:00.000,Manhã,Ativo,6
3362,K. T. D. F. ,PNEUMOLOGIA (AMBULATÓRIO),RETORNO,PNEUMOLOGIA - PESQUISA,Ativo,Segunda,1970-01-01 07:00:00.000,Manhã,Ativo,2
3362,K. T. D. F. ,PNEUMOLOGIA (AMBULATÓRIO),RETORNO,PNEUMOLOGIA - PESQUISA,Ativo,Terça,1970-01-01 07:00:00.000,Manhã,Ativo,2
3362,K. T. D. F. ,PNEUMOLOGIA (AMBULATÓRIO),RETORNO,PNEUMOLOGIA - PESQUISA,Ativo,Quarta,1970-01-01 07:00:00.000,Manhã,Ativo,2
3362,K. T. D. F. ,PNEUMOLOGIA (AMBULATÓRIO),RETORNO,PNEUMOLOGIA - PESQUISA,Ativo,Quinta,1970-01-01 07:00:00.000,Manhã,Ativo,2
3362,K. T. D. F. ,PNEUMOLOGIA (AMBULATÓRIO),RETORNO,PNEUMOLOGIA - PESQUISA,Ativo,Sexta,1970-01-01 07:00:00.000,Manhã,Ativo,2
3364,M. A. A. ,PNEUMOLOGIA (AMBULATÓRIO),RETORNO,PNEUMOLOGIA - PESQUISA,Ativo,Segunda,1970-01-01 07:00:00.000,Manhã,Ativo,2
3364,M. A. A. ,PNEUMOLOGIA (AMBULATÓRIO),RETORNO,PNEUMOLOGIA - PESQUISA,Ativo,Terça,1970-01-01 07:00:00.000,Manhã,Ativo,2
3364,M. A. A. ,PNEUMOLOGIA (AMBULATÓRIO),RETORNO,PNEUMOLOGIA - PESQUISA,Ativo,Quarta,1970-01-01 07:00:00.000,Manhã,Ativo,2
3364,M. A. A. ,PNEUMOLOGIA (AMBULATÓRIO),RETORNO,PNEUMOLOGIA - PESQUISA,Ativo,Quinta,1970-01-01 07:00:00.000,Manhã,Ativo,2
3364,M. A. A. ,PNEUMOLOGIA (AMBULATÓRIO),RETORNO,PNEUMOLOGIA - PESQUISA,Ativo,Sexta,1970-01-01 07:00:00.000,Manhã,Ativo,2
3366,F. C. B. C. ,ANESTESIOLOGIA (AMBULATÓRIO),TELEATENDIMENTO,ANESTESIOLOGIA - TELEMEDICINA,Ativo,Terça,1970-01-01 08:00:00.000,Manhã,Ativo,12
3366,F. C. B. C. ,ANESTESIOLOGIA (AMBULATÓRIO),TELEATENDIMENTO,ANESTESIOLOGIA - TELEMEDICINA,Ativo,Terça,1970-01-01 13:30:00.000,Tarde,Ativo,11
3366,F. C. B. C. ,ANESTESIOLOGIA (AMBULATÓRIO),TELEATENDIMENTO,ANESTESIOLOGIA - TELEMEDICINA,Ativo,Quarta,1970-01-01 08:00:00.000,Manhã,Ativo,12
3366,F. C. B. C. ,ANESTESIOLOGIA (AMBULATÓRIO),TELEATENDIMENTO,ANESTESIOLOGIA - TELEMEDICINA,Ativo,Quinta,1970-01-01 08:00:00.000,Manhã,Ativo,12
3366,F. C. B. C. ,ANESTESIOLOGIA (AMBULATÓRIO),TELEATENDIMENTO,ANESTESIOLOGIA - TELEMEDICINA,Ativo,Quinta,1970-01-01 13:30:00.000,Tarde,Ativo,11
3368,C. L. D. S. F. ,ANESTESIOLOGIA (AMBULATÓRIO),TELEATENDIMENTO,ANESTESIOLOGIA - TELEMEDICINA,Ativo,Quarta,1970-01-01 08:00:00.000,Manhã,Ativo,11
3368,C. L. D. S. F. ,ANESTESIOLOGIA (AMBULATÓRIO),TELEATENDIMENTO,ANESTESIOLOGIA - TELEMEDICINA,Ativo,Quarta,1970-01-01 13:30:00.000,Tarde,Ativo,11
3368,C. L. D. S. F. ,ANESTESIOLOGIA (AMBULATÓRIO),TELEATENDIMENTO,ANESTESIOLOGIA - TELEMEDICINA,Ativo,Quinta,1970-01-01 13:30:00.000,Tarde,Ativo,11
3368,C. L. D. S. F. ,ANESTESIOLOGIA (AMBULATÓRIO),TELEATENDIMENTO,ANESTESIOLOGIA - TELEMEDICINA,Ativo,Sexta,1970-01-01 13:30:00.000,Tarde,Ativo,11
3368,C. L. D. S. F. ,ANESTESIOLOGIA (AMBULATÓRIO),TELEATENDIMENTO,ANESTESIOLOGIA - TELEMEDICINA,Ativo,Sexta,1970-01-01 08:00:00.000,Manhã,Ativo,12
3370,V. L. P. A. M. D. A. ,PSIQUIATRIA (AMBULATÓRIO),RETORNO,ENFERMAGEM - TERAPIA FAMILIAR,Ativo,Segunda,1970-01-01 07:00:00.000,Manhã,Ativo,3
3370,V. L. P. A. M. D. A. ,PSIQUIATRIA (AMBULATÓRIO),RETORNO,ENFERMAGEM - TERAPIA FAMILIAR,Ativo,Terça,1970-01-01 07:00:00.000,Manhã,Ativo,3
3370,V. L. P. A. M. D. A. ,PSIQUIATRIA (AMBULATÓRIO),RETORNO,ENFERMAGEM - TERAPIA FAMILIAR,Ativo,Quarta,1970-01-01 07:00:00.000,Manhã,Ativo,3
3370,V. L. P. A. M. D. A. ,PSIQUIATRIA (AMBULATÓRIO),RETORNO,ENFERMAGEM - TERAPIA FAMILIAR,Ativo,Quinta,1970-01-01 07:00:00.000,Manhã,Ativo,3
3370,V. L. P. A. M. D. A. ,PSIQUIATRIA (AMBULATÓRIO),CONSULTA REGULADA,ENFERMAGEM - TERAPIA FAMILIAR,Ativo,Sexta,1970-01-01 10:00:00.000,Manhã,Ativo,1
3370,V. L. P. A. M. D. A. ,PSIQUIATRIA (AMBULATÓRIO),INTERCONSULTA,ENFERMAGEM - TERAPIA FAMILIAR,Ativo,Sexta,1970-01-01 08:00:00.000,Manhã,Ativo,1
3372,L. P. D. A. ,PSIQUIATRIA (AMBULATÓRIO),RETORNO,ENFERMAGEM - SAUDE MENTAL,Ativo,Segunda,1970-01-01 07:00:00.000,Manhã,Ativo,1
3372,L. P. D. A. ,PSIQUIATRIA (AMBULATÓRIO),RETORNO,ENFERMAGEM - SAUDE MENTAL,Ativo,Terça,1970-01-01 07:00:00.000,Manhã,Ativo,1
3372,L. P. D. A. ,PSIQUIATRIA (AMBULATÓRIO),RETORNO,ENFERMAGEM - SAUDE MENTAL,Ativo,Quarta,1970-01-01 07:00:00.000,Manhã,Ativo,1
3372,L. P. D. A. ,PSIQUIATRIA (AMBULATÓRIO),RETORNO,ENFERMAGEM - SAUDE MENTAL,Ativo,Quinta,1970-01-01 07:00:00.000,Manhã,Ativo,1
3372,L. P. D. A. ,PSIQUIATRIA (AMBULATÓRIO),RETORNO,ENFERMAGEM - SAUDE MENTAL,Ativo,Sexta,1970-01-01 07:00:00.000,Manhã,Ativo,1
3374,K. K. R. V. D. M. ,NUCLEO DE TELESSAUDE,TELEATENDIMENTO,TELEMEDICINA INTERCONSULTA CARGASHEMATO,Inativo,Quarta,1970-01-01 08:00:00.000,Manhã,Ativo,13
3374,K. K. R. V. D. M. ,NUCLEO DE TELESSAUDE,TELEATENDIMENTO,TELEMEDICINA INTERCONSULTA CARGASHEMATO,Inativo,Sexta,1970-01-01 14:00:00.000,Tarde,Ativo,7
3376,L. P. S. D. L. S. ,GERIATRIA (AMBULATORIO),CONSULTA REGULADA,GERIATRIA,Ativo,Quinta,1970-01-01 15:30:00.000,Tarde,Ativo,6
3378,O. P. D. A. N. ,ONCOLOGIA (AMBULATÓRIO),INTERCONSULTA,ONCOLOGIA CLINICA,Ativo,Quinta,1970-01-01 07:00:00.000,Manhã,Ativo,2
3378,O. P. D. A. N. ,ONCOLOGIA (AMBULATÓRIO),RETORNO,ONCOLOGIA CLINICA,Ativo,Quinta,1970-01-01 07:00:00.000,Manhã,Ativo,10
3378,O. P. D. A. N. ,ONCOLOGIA (AMBULATÓRIO),RETORNO,ONCOLOGIA CLINICA,Ativo,Sexta,1970-01-01 13:00:00.000,Tarde,Ativo,10
3378,O. P. D. A. N. ,ONCOLOGIA (AMBULATÓRIO),INTERCONSULTA,ONCOLOGIA CLINICA,Ativo,Sexta,1970-01-01 13:00:00.000,Tarde,Ativo,2
3378,O. P. D. A. N. ,ONCOLOGIA (AMBULATÓRIO),RETORNO,ONCOLOGIA CLINICA,Ativo,Sexta,1970-01-01 07:00:00.000,Manhã,Ativo,10
3378,O. P. D. A. N. ,ONCOLOGIA (AMBULATÓRIO),INTERCONSULTA,ONCOLOGIA CLINICA,Ativo,Sexta,1970-01-01 07:00:00.000,Manhã,Ativo,2
3382,K. S. N. ,ENFERMAGEM,REGISTRO EM PRONTUARIO,ENFERMAGEM - LISTA CIRURGICA,Ativo,Segunda,1970-01-01 07:00:00.000,Manhã,Ativo,15
3382,K. S. N. ,ENFERMAGEM,RETORNO,ENFERMAGEM - LISTA CIRURGICA,Ativo,Segunda,1970-01-01 16:30:00.000,Tarde,Ativo,15
3382,K. S. N. ,ENFERMAGEM,RETORNO,ENFERMAGEM - LISTA CIRURGICA,Ativo,Segunda,1970-01-01 09:30:00.000,Manhã,Ativo,15
3382,K. S. N. ,ENFERMAGEM,REGISTRO EM PRONTUARIO,ENFERMAGEM - LISTA CIRURGICA,Ativo,Segunda,1970-01-01 14:00:00.000,Tarde,Ativo,15
3382,K. S. N. ,ENFERMAGEM,RETORNO,ENFERMAGEM - LISTA CIRURGICA,Ativo,Terça,1970-01-01 09:30:00.000,Manhã,Ativo,15
3382,K. S. N. ,ENFERMAGEM,REGISTRO EM PRONTUARIO,ENFERMAGEM - LISTA CIRURGICA,Ativo,Terça,1970-01-01 14:00:00.000,Tarde,Ativo,15
3382,K. S. N. ,ENFERMAGEM,REGISTRO EM PRONTUARIO,ENFERMAGEM - LISTA CIRURGICA,Ativo,Terça,1970-01-01 07:00:00.000,Manhã,Ativo,15
3382,K. S. N. ,ENFERMAGEM,RETORNO,ENFERMAGEM - LISTA CIRURGICA,Ativo,Terça,1970-01-01 16:30:00.000,Tarde,Ativo,15
3382,K. S. N. ,ENFERMAGEM,REGISTRO EM PRONTUARIO,ENFERMAGEM - LISTA CIRURGICA,Ativo,Quarta,1970-01-01 07:00:00.000,Manhã,Ativo,15
3382,K. S. N. ,ENFERMAGEM,RETORNO,ENFERMAGEM - LISTA CIRURGICA,Ativo,Quarta,1970-01-01 16:30:00.000,Tarde,Ativo,15
3382,K. S. N. ,ENFERMAGEM,REGISTRO EM PRONTUARIO,ENFERMAGEM - LISTA CIRURGICA,Ativo,Quarta,1970-01-01 14:00:00.000,Tarde,Ativo,15
3382,K. S. N. ,ENFERMAGEM,RETORNO,ENFERMAGEM - LISTA CIRURGICA,Ativo,Quarta,1970-01-01 09:30:00.000,Manhã,Ativo,15
3382,K. S. N. ,ENFERMAGEM,REGISTRO EM PRONTUARIO,ENFERMAGEM - LISTA CIRURGICA,Ativo,Quinta,1970-01-01 07:00:00.000,Manhã,Ativo,15
3382,K. S. N. ,ENFERMAGEM,RETORNO,ENFERMAGEM - LISTA CIRURGICA,Ativo,Quinta,1970-01-01 16:30:00.000,Tarde,Ativo,15
3382,K. S. N. ,ENFERMAGEM,REGISTRO EM PRONTUARIO,ENFERMAGEM - LISTA CIRURGICA,Ativo,Quinta,1970-01-01 14:00:00.000,Tarde,Ativo,15
3382,K. S. N. ,ENFERMAGEM,RETORNO,ENFERMAGEM - LISTA CIRURGICA,Ativo,Quinta,1970-01-01 09:30:00.000,Manhã,Ativo,15
3382,K. S. N. ,ENFERMAGEM,RETORNO,ENFERMAGEM - LISTA CIRURGICA,Ativo,Sexta,1970-01-01 16:30:00.000,Tarde,Ativo,15
3382,K. S. N. ,ENFERMAGEM,REGISTRO EM PRONTUARIO,ENFERMAGEM - LISTA CIRURGICA,Ativo,Sexta,1970-01-01 07:00:00.000,Manhã,Ativo,15
3382,K. S. N. ,ENFERMAGEM,RETORNO,ENFERMAGEM - LISTA CIRURGICA,Ativo,Sexta,1970-01-01 09:30:00.000,Manhã,Ativo,15
3382,K. S. N. ,ENFERMAGEM,REGISTRO EM PRONTUARIO,ENFERMAGEM - LISTA CIRURGICA,Ativo,Sexta,1970-01-01 14:00:00.000,Tarde,Ativo,15
3382,K. S. N. ,ENFERMAGEM,RETORNO,ENFERMAGEM - LISTA CIRURGICA,Ativo,Sábado,1970-01-01 09:30:00.000,Manhã,Ativo,15
3382,K. S. N. ,ENFERMAGEM,REGISTRO EM PRONTUARIO,ENFERMAGEM - LISTA CIRURGICA,Ativo,Sábado,1970-01-01 07:00:00.000,Manhã,Ativo,15
3382,K. S. N. ,ENFERMAGEM,RETORNO,ENFERMAGEM - LISTA CIRURGICA,Ativo,Sábado,1970-01-01 16:30:00.000,Tarde,Ativo,15
3382,K. S. N. ,ENFERMAGEM,REGISTRO EM PRONTUARIO,ENFERMAGEM - LISTA CIRURGICA,Ativo,Sábado,1970-01-01 14:00:00.000,Tarde,Ativo,15
3384,B. J. A. P. B. ,NEUROLOGIA (AMBULATÓRIO),RETORNO,NEUROLOGIA - COGNITIVA - PESQUISA,Ativo,Segunda,1970-01-01 13:00:00.000,Tarde,Ativo,6
3386,R. C. D. L. M. ,ONCOLOGIA (AMBULATÓRIO),INTERCONSULTA,CIRURGIA ONCOLOGICA,Ativo,Sexta,1970-01-01 13:00:00.000,Tarde,Ativo,2
3386,R. C. D. L. M. ,ONCOLOGIA (AMBULATÓRIO),RETORNO,CIRURGIA ONCOLOGICA,Ativo,Sexta,1970-01-01 13:00:00.000,Tarde,Ativo,10
3388,P. R. T. D. S. ,REUMATOLOGIA (AMBULATÓRIO),CONSULTA REGULADA,DOENCA DE SJOGREN PRIMARIA - TRIAGEM,Ativo,Quinta,1970-01-01 10:00:00.000,Manhã,Ativo,1
3390,A. T. D. ,REUMATOLOGIA (AMBULATÓRIO),,REUMATOLOGIA - OSTEOPOROSE,Inativo,,,,,
3392,A. T. D. ,REUMATOLOGIA (AMBULATÓRIO),,OSTEOPOROSE - TRIAGEM,Inativo,,,,,
3394,N. G. C. ,REUMATOLOGIA (AMBULATÓRIO),RETORNO,REUMATOLOGIA - ESPONDILOARTRITE E GOTA,Inativo,Terça,1970-01-01 13:00:00.000,Tarde,Ativo,19
3396,B. M. B. ,GINECOLOGIA (AMBULATÓRIO),RETORNO,GINECOLOGIA (RESIDENTES),Ativo,Segunda,1970-01-01 13:00:00.000,Tarde,Ativo,8
3398,J. M. D. S. G. ,ONCOLOGIA (AMBULATÓRIO),INTERCONSULTA,ONCOLOGIA CLINICA,Ativo,Terça,1970-01-01 07:00:00.000,Manhã,Ativo,2
3398,J. M. D. S. G. ,ONCOLOGIA (AMBULATÓRIO),RETORNO,ONCOLOGIA CLINICA,Ativo,Terça,1970-01-01 07:00:00.000,Manhã,Ativo,10
3398,J. M. D. S. G. ,ONCOLOGIA (AMBULATÓRIO),RETORNO,ONCOLOGIA CLINICA,Ativo,Sexta,1970-01-01 13:00:00.000,Tarde,Ativo,10
3398,J. M. D. S. G. ,ONCOLOGIA (AMBULATÓRIO),INTERCONSULTA,ONCOLOGIA CLINICA,Ativo,Sexta,1970-01-01 13:00:00.000,Tarde,Ativo,2
3400,P. M. R. B. ,PSIQUIATRIA (AMBULATÓRIO),RETORNO,ENFERMAGEM - SAUDE MENTAL,Ativo,Segunda,1970-01-01 07:00:00.000,Manhã,Ativo,1
3400,P. M. R. B. ,PSIQUIATRIA (AMBULATÓRIO),RETORNO,ENFERMAGEM - SAUDE MENTAL,Ativo,Terça,1970-01-01 07:00:00.000,Manhã,Ativo,1
3400,P. M. R. B. ,PSIQUIATRIA (AMBULATÓRIO),RETORNO,ENFERMAGEM - SAUDE MENTAL,Ativo,Quarta,1970-01-01 07:00:00.000,Manhã,Ativo,1
3400,P. M. R. B. ,PSIQUIATRIA (AMBULATÓRIO),RETORNO,ENFERMAGEM - SAUDE MENTAL,Ativo,Quinta,1970-01-01 07:00:00.000,Manhã,Ativo,1
3400,P. M. R. B. ,PSIQUIATRIA (AMBULATÓRIO),RETORNO,ENFERMAGEM - SAUDE MENTAL,Ativo,Sexta,1970-01-01 07:00:00.000,Manhã,Ativo,1
3402,J. N. V. M. D. A. ,NUCLEO DE TELESSAUDE,TELEATENDIMENTO,TELEMEDICINA INTERCONSULTA CARGASHEMATO,Ativo,Terça,1970-01-01 13:30:00.000,Tarde,Ativo,10
3402,J. N. V. M. D. A. ,NUCLEO DE TELESSAUDE,TELEATENDIMENTO,TELEMEDICINA INTERCONSULTA CARGASHEMATO,Ativo,Terça,1970-01-01 08:00:00.000,Manhã,Ativo,11
3404,,GINECOLOGIA (AMBULATÓRIO),INTERCONSULTA,AMBULATORIO INTERSEXO - GINECOLOGIA,Inativo,Sexta,1970-01-01 10:00:00.000,Manhã,Ativo,1
3404,,GINECOLOGIA (AMBULATÓRIO),RETORNO,AMBULATORIO INTERSEXO - GINECOLOGIA,Inativo,Sexta,1970-01-01 10:00:00.000,Manhã,Ativo,1
3404,,GINECOLOGIA (AMBULATÓRIO),CONSULTA REGULADA,AMBULATORIO INTERSEXO - GINECOLOGIA,Inativo,Sexta,1970-01-01 10:00:00.000,Manhã,Ativo,1
3406,J. N. V. M. D. A. ,NUCLEO DE TELESSAUDE,TELEATENDIMENTO,TELEMEDICINA PEDIATRIA,Inativo,Quarta,1970-01-01 13:30:00.000,Tarde,Ativo,7
3406,J. N. V. M. D. A. ,NUCLEO DE TELESSAUDE,TELEATENDIMENTO,TELEMEDICINA PEDIATRIA,Inativo,Sexta,1970-01-01 08:00:00.000,Manhã,Ativo,8
3408,M. E. P. L. E. S. L. ,CARDIOLOGIA (AMBULATÓRIO),TELEATENDIMENTO,TELEMEDICINA - INR,Inativo,Quinta,1970-01-01 13:30:00.000,Tarde,Ativo,10
3410,M. E. P. L. E. S. L. ,NUCLEO DE TELESSAUDE,,TELEMEDICINA GERIATRIA RETORNO PRECOCE,Inativo,,,,,
3412,C. E. G. P. ,INFECTOLOGIA (AMBULATÓRIO),RETORNO,DIP - HTLV,Ativo,Sexta,1970-01-01 08:00:00.000,Manhã,Ativo,3
3412,C. E. G. P. ,INFECTOLOGIA (AMBULATÓRIO),CONSULTA REGULADA,DIP - HTLV,Ativo,Sexta,1970-01-01 10:00:00.000,Manhã,Ativo,4
3412,C. E. G. P. ,INFECTOLOGIA (AMBULATÓRIO),INTERCONSULTA,DIP - HTLV,Ativo,Sexta,1970-01-01 08:00:00.000,Manhã,Ativo,1
3414,C. E. G. P. ,INFECTOLOGIA (AMBULATÓRIO),CONSULTA REGULADA,DIP - HEPATITE - B - C,Ativo,Sexta,1970-01-01 15:30:00.000,Tarde,Ativo,4
3414,C. E. G. P. ,INFECTOLOGIA (AMBULATÓRIO),RETORNO,DIP - HEPATITE - B - C,Ativo,Sexta,1970-01-01 13:00:00.000,Tarde,Ativo,5
3414,C. E. G. P. ,INFECTOLOGIA (AMBULATÓRIO),INTERCONSULTA,DIP - HEPATITE - B - C,Ativo,Sexta,1970-01-01 13:00:00.000,Tarde,Ativo,1
3416,M. E. P. L. E. S. L. ,NEUROLOGIA (AMBULATÓRIO),TELEATENDIMENTO,TELERREGULACAO NEUROLOGIA,Ativo,Sexta,1970-01-01 13:20:00.000,Tarde,Ativo,11
3418,M. E. P. L. E. S. L. ,ENDOCRINOLOGIA (AMBULATÓRIO),TELEATENDIMENTO,TELERREGULACAO ENDOCRINOLOGIA,Ativo,Sexta,1970-01-01 08:00:00.000,Manhã,Ativo,12
3420,P. R. B. D. S. ,NUCLEO DE TELESSAUDE,TELEATENDIMENTO,TELEMEDICINA INTERCONSULTA INFPNEUDOR,Inativo,Terça,1970-01-01 13:30:00.000,Tarde,Ativo,10
3420,P. R. B. D. S. ,NUCLEO DE TELESSAUDE,TELEATENDIMENTO,TELEMEDICINA INTERCONSULTA INFPNEUDOR,Inativo,Quinta,1970-01-01 13:30:00.000,Tarde,Ativo,10
3422,L. A. R. D. R. ,ALERGIA E IMUNOLOGIA (AMBULATÓRIO),RETORNO,ALERGIA - REACAO A MEDICACAO,Ativo,Quarta,1970-01-01 07:00:00.000,Manhã,Ativo,6
3424,G. V. F. ,NEFROLOGIA (AMBULATÓRIO),RETORNO,NEFROLOGIA - GLOMERULO GENETICA,Ativo,Segunda,1970-01-01 08:00:00.000,Manhã,Ativo,8
3426,J. D. F. ,ONCOLOGIA (AMBULATÓRIO),INTERCONSULTA,ONCOLOGIA - MASTOLOGIA,Ativo,Terça,1970-01-01 07:00:00.000,Manhã,Inativo,1
3426,J. D. F. ,ONCOLOGIA (AMBULATÓRIO),RETORNO,ONCOLOGIA - MASTOLOGIA,Ativo,Terça,1970-01-01 07:00:00.000,Manhã,Ativo,9
3426,J. D. F. ,ONCOLOGIA (AMBULATÓRIO),RETORNO,ONCOLOGIA - MASTOLOGIA,Ativo,Quinta,1970-01-01 07:00:00.000,Manhã,Ativo,9
3426,J. D. F. ,ONCOLOGIA (AMBULATÓRIO),INTERCONSULTA,ONCOLOGIA - MASTOLOGIA,Ativo,Quinta,1970-01-01 07:00:00.000,Manhã,Inativo,1
3428,A. F. C. B. V. ,PSIQUIATRIA (AMBULATÓRIO),RETORNO,PSIQUIATRIA - TRANSTORNO BIPOLAR,Ativo,Quinta,1970-01-01 13:00:00.000,Tarde,Ativo,5
3434,E. D. S. F. ,CIRURGIA BARIATRICA,RETORNO,NUTRIÇÃO - CIRURGIA BARIÁTRICA,Inativo,Segunda,1970-01-01 13:00:00.000,Tarde,Ativo,6
3436,E. D. A. B. S. ,CIRURGIA BARIATRICA,RETORNO,NUTRIÇÃO - CIRURGIA BARIÁTRICA,Inativo,Segunda,1970-01-01 13:00:00.000,Tarde,Ativo,6
3438,R. P. U. N. ,ENDOCRINOLOGIA (AMBULATÓRIO),TELEATENDIMENTO,TELEMEDICINA INTERCONSULTA ENDOCRINOLOGIA,Ativo,Quarta,1970-01-01 08:00:00.000,Manhã,Ativo,11
3438,R. P. U. N. ,ENDOCRINOLOGIA (AMBULATÓRIO),TELEATENDIMENTO,TELEMEDICINA INTERCONSULTA ENDOCRINOLOGIA,Ativo,Quarta,1970-01-01 13:20:00.000,Tarde,Ativo,10
3444,K. R. F. D. S. ,ENFERMAGEM,RETORNO,ENFERMAGEM PRE-OPERATORIO PLASTICA,Ativo,Segunda,1970-01-01 10:00:00.000,Manhã,Ativo,2
3444,K. R. F. D. S. ,ENFERMAGEM,INTERCONSULTA,ENFERMAGEM PRE-OPERATORIO PLASTICA,Ativo,Segunda,1970-01-01 07:00:00.000,Manhã,Ativo,3
3444,K. R. F. D. S. ,ENFERMAGEM,INTERCONSULTA,ENFERMAGEM PRE-OPERATORIO PLASTICA,Ativo,Quarta,1970-01-01 07:00:00.000,Manhã,Ativo,3
3444,K. R. F. D. S. ,ENFERMAGEM,RETORNO,ENFERMAGEM PRE-OPERATORIO PLASTICA,Ativo,Quarta,1970-01-01 10:00:00.000,Manhã,Ativo,2
3446,J. D. S. N. ,ENFERMAGEM,,ENFERMAGEM PRE-OPERATORIO GINECOLOGIA,Inativo,,,,,
3448,M. I. D. S. M. D. ,ENFERMAGEM,INTERCONSULTA,ENFERMAGEM PRE-OPERATORIO OTORRINO,Ativo,Segunda,1970-01-01 07:00:00.000,Manhã,Ativo,3
3448,M. I. D. S. M. D. ,ENFERMAGEM,RETORNO,ENFERMAGEM PRE-OPERATORIO OTORRINO,Ativo,Segunda,1970-01-01 10:00:00.000,Manhã,Ativo,2
3448,M. I. D. S. M. D. ,ENFERMAGEM,INTERCONSULTA,ENFERMAGEM PRE-OPERATORIO OTORRINO,Ativo,Quarta,1970-01-01 07:00:00.000,Manhã,Ativo,3
3448,M. I. D. S. M. D. ,ENFERMAGEM,RETORNO,ENFERMAGEM PRE-OPERATORIO OTORRINO,Ativo,Quarta,1970-01-01 10:00:00.000,Manhã,Ativo,2
3450,L. A. M. ,ENFERMAGEM,RETORNO,ENFERMAGEM PRE-OPERATORIO GINECOLOGIA,Ativo,Quinta,1970-01-01 16:00:00.000,Tarde,Ativo,2
3450,L. A. M. ,ENFERMAGEM,INTERCONSULTA,ENFERMAGEM PRE-OPERATORIO GINECOLOGIA,Ativo,Quinta,1970-01-01 13:00:00.000,Tarde,Ativo,3
3452,L. G. D. S. ,CCIH (AMBULATÓRIO),INTERCONSULTA,ENFERMAGEM - CCIH,Ativo,Segunda,1970-01-01 07:00:00.000,Manhã,Ativo,3
3452,L. G. D. S. ,CCIH (AMBULATÓRIO),RETORNO,ENFERMAGEM - CCIH,Ativo,Segunda,1970-01-01 13:00:00.000,Tarde,Ativo,5
3452,L. G. D. S. ,CCIH (AMBULATÓRIO),PRIMEIRA CONSULTA,ENFERMAGEM - CCIH,Ativo,Segunda,1970-01-01 07:00:00.000,Manhã,Ativo,2
3452,L. G. D. S. ,CCIH (AMBULATÓRIO),PRIMEIRA CONSULTA,ENFERMAGEM - CCIH,Ativo,Segunda,1970-01-01 13:00:00.000,Tarde,Ativo,2
3452,L. G. D. S. ,CCIH (AMBULATÓRIO),RETORNO,ENFERMAGEM - CCIH,Ativo,Segunda,1970-01-01 07:00:00.000,Manhã,Ativo,5
3452,L. G. D. S. ,CCIH (AMBULATÓRIO),INTERCONSULTA,ENFERMAGEM - CCIH,Ativo,Segunda,1970-01-01 13:00:00.000,Tarde,Ativo,3
3452,L. G. D. S. ,CCIH (AMBULATÓRIO),RETORNO,ENFERMAGEM - CCIH,Ativo,Terça,1970-01-01 13:00:00.000,Tarde,Ativo,5
3452,L. G. D. S. ,CCIH (AMBULATÓRIO),RETORNO,ENFERMAGEM - CCIH,Ativo,Terça,1970-01-01 07:00:00.000,Manhã,Ativo,5
3452,L. G. D. S. ,CCIH (AMBULATÓRIO),INTERCONSULTA,ENFERMAGEM - CCIH,Ativo,Terça,1970-01-01 07:00:00.000,Manhã,Ativo,3
3452,L. G. D. S. ,CCIH (AMBULATÓRIO),PRIMEIRA CONSULTA,ENFERMAGEM - CCIH,Ativo,Terça,1970-01-01 13:00:00.000,Tarde,Ativo,2
3452,L. G. D. S. ,CCIH (AMBULATÓRIO),INTERCONSULTA,ENFERMAGEM - CCIH,Ativo,Terça,1970-01-01 13:00:00.000,Tarde,Ativo,3
3452,L. G. D. S. ,CCIH (AMBULATÓRIO),PRIMEIRA CONSULTA,ENFERMAGEM - CCIH,Ativo,Terça,1970-01-01 07:00:00.000,Manhã,Ativo,2
3452,L. G. D. S. ,CCIH (AMBULATÓRIO),RETORNO,ENFERMAGEM - CCIH,Ativo,Quarta,1970-01-01 13:00:00.000,Tarde,Ativo,5
3452,L. G. D. S. ,CCIH (AMBULATÓRIO),RETORNO,ENFERMAGEM - CCIH,Ativo,Quarta,1970-01-01 07:00:00.000,Manhã,Ativo,5
3452,L. G. D. S. ,CCIH (AMBULATÓRIO),PRIMEIRA CONSULTA,ENFERMAGEM - CCIH,Ativo,Quarta,1970-01-01 13:00:00.000,Tarde,Ativo,2
3452,L. G. D. S. ,CCIH (AMBULATÓRIO),PRIMEIRA CONSULTA,ENFERMAGEM - CCIH,Ativo,Quarta,1970-01-01 07:00:00.000,Manhã,Ativo,2
3452,L. G. D. S. ,CCIH (AMBULATÓRIO),INTERCONSULTA,ENFERMAGEM - CCIH,Ativo,Quarta,1970-01-01 07:00:00.000,Manhã,Ativo,3
3452,L. G. D. S. ,CCIH (AMBULATÓRIO),INTERCONSULTA,ENFERMAGEM - CCIH,Ativo,Quarta,1970-01-01 13:00:00.000,Tarde,Ativo,3
3452,L. G. D. S. ,CCIH (AMBULATÓRIO),RETORNO,ENFERMAGEM - CCIH,Ativo,Quinta,1970-01-01 07:00:00.000,Manhã,Ativo,5
3452,L. G. D. S. ,CCIH (AMBULATÓRIO),PRIMEIRA CONSULTA,ENFERMAGEM - CCIH,Ativo,Quinta,1970-01-01 07:00:00.000,Manhã,Ativo,2
3452,L. G. D. S. ,CCIH (AMBULATÓRIO),PRIMEIRA CONSULTA,ENFERMAGEM - CCIH,Ativo,Quinta,1970-01-01 13:00:00.000,Tarde,Ativo,2
3452,L. G. D. S. ,CCIH (AMBULATÓRIO),INTERCONSULTA,ENFERMAGEM - CCIH,Ativo,Quinta,1970-01-01 13:00:00.000,Tarde,Ativo,3
3452,L. G. D. S. ,CCIH (AMBULATÓRIO),RETORNO,ENFERMAGEM - CCIH,Ativo,Quinta,1970-01-01 13:00:00.000,Tarde,Ativo,5
3452,L. G. D. S. ,CCIH (AMBULATÓRIO),INTERCONSULTA,ENFERMAGEM - CCIH,Ativo,Quinta,1970-01-01 07:00:00.000,Manhã,Ativo,3
3452,L. G. D. S. ,CCIH (AMBULATÓRIO),RETORNO,ENFERMAGEM - CCIH,Ativo,Sexta,1970-01-01 13:00:00.000,Tarde,Ativo,5
3452,L. G. D. S. ,CCIH (AMBULATÓRIO),INTERCONSULTA,ENFERMAGEM - CCIH,Ativo,Sexta,1970-01-01 13:00:00.000,Tarde,Ativo,3
3452,L. G. D. S. ,CCIH (AMBULATÓRIO),INTERCONSULTA,ENFERMAGEM - CCIH,Ativo,Sexta,1970-01-01 07:00:00.000,Manhã,Ativo,3
3452,L. G. D. S. ,CCIH (AMBULATÓRIO),RETORNO,ENFERMAGEM - CCIH,Ativo,Sexta,1970-01-01 07:00:00.000,Manhã,Ativo,5
3452,L. G. D. S. ,CCIH (AMBULATÓRIO),PRIMEIRA CONSULTA,ENFERMAGEM - CCIH,Ativo,Sexta,1970-01-01 07:00:00.000,Manhã,Ativo,2
3452,L. G. D. S. ,CCIH (AMBULATÓRIO),PRIMEIRA CONSULTA,ENFERMAGEM - CCIH,Ativo,Sexta,1970-01-01 13:00:00.000,Tarde,Ativo,2
3460,V. M. C. ,CCIH (AMBULATÓRIO),INTERCONSULTA,ENFERMAGEM - CCIH,Ativo,Segunda,1970-01-01 07:00:00.000,Manhã,Ativo,3
3460,V. M. C. ,CCIH (AMBULATÓRIO),PRIMEIRA CONSULTA,ENFERMAGEM - CCIH,Ativo,Segunda,1970-01-01 07:00:00.000,Manhã,Ativo,2
3460,V. M. C. ,CCIH (AMBULATÓRIO),RETORNO,ENFERMAGEM - CCIH,Ativo,Segunda,1970-01-01 07:00:00.000,Manhã,Ativo,3
3462,A. C. C. G. ,CCIH (AMBULATÓRIO),RETORNO,ENFERMAGEM - CCIH,Ativo,Terça,1970-01-01 13:00:00.000,Tarde,Ativo,3
3462,A. C. C. G. ,CCIH (AMBULATÓRIO),INTERCONSULTA,ENFERMAGEM - CCIH,Ativo,Terça,1970-01-01 13:00:00.000,Tarde,Ativo,3
3462,A. C. C. G. ,CCIH (AMBULATÓRIO),PRIMEIRA CONSULTA,ENFERMAGEM - CCIH,Ativo,Terça,1970-01-01 13:00:00.000,Tarde,Ativo,2
3464,P. D. S. B. O. ,CCIH (AMBULATÓRIO),RETORNO,ENFERMAGEM - CCIH,Ativo,Segunda,1970-01-01 07:00:00.000,Manhã,Ativo,3
3464,P. D. S. B. O. ,CCIH (AMBULATÓRIO),PRIMEIRA CONSULTA,ENFERMAGEM - CCIH,Ativo,Segunda,1970-01-01 07:00:00.000,Manhã,Ativo,2
3464,P. D. S. B. O. ,CCIH (AMBULATÓRIO),INTERCONSULTA,ENFERMAGEM - CCIH,Ativo,Segunda,1970-01-01 07:00:00.000,Manhã,Ativo,3
3464,P. D. S. B. O. ,CCIH (AMBULATÓRIO),INTERCONSULTA,ENFERMAGEM - CCIH,Ativo,Terça,1970-01-01 07:00:00.000,Manhã,Ativo,3
3464,P. D. S. B. O. ,CCIH (AMBULATÓRIO),PRIMEIRA CONSULTA,ENFERMAGEM - CCIH,Ativo,Terça,1970-01-01 07:00:00.000,Manhã,Ativo,2
3464,P. D. S. B. O. ,CCIH (AMBULATÓRIO),RETORNO,ENFERMAGEM - CCIH,Ativo,Terça,1970-01-01 07:00:00.000,Manhã,Ativo,3
3464,P. D. S. B. O. ,CCIH (AMBULATÓRIO),RETORNO,ENFERMAGEM - CCIH,Ativo,Quinta,1970-01-01 07:00:00.000,Manhã,Ativo,3
3464,P. D. S. B. O. ,CCIH (AMBULATÓRIO),INTERCONSULTA,ENFERMAGEM - CCIH,Ativo,Quinta,1970-01-01 07:00:00.000,Manhã,Ativo,3
3464,P. D. S. B. O. ,CCIH (AMBULATÓRIO),PRIMEIRA CONSULTA,ENFERMAGEM - CCIH,Ativo,Quinta,1970-01-01 07:00:00.000,Manhã,Ativo,2
3466,M. C. W. C. D. M. ,CCIH (AMBULATÓRIO),RETORNO,ENFERMAGEM - CCIH,Ativo,Quarta,1970-01-01 07:00:00.000,Manhã,Ativo,3
3466,M. C. W. C. D. M. ,CCIH (AMBULATÓRIO),INTERCONSULTA,ENFERMAGEM - CCIH,Ativo,Quarta,1970-01-01 07:00:00.000,Manhã,Ativo,3
3466,M. C. W. C. D. M. ,CCIH (AMBULATÓRIO),PRIMEIRA CONSULTA,ENFERMAGEM - CCIH,Ativo,Quarta,1970-01-01 07:00:00.000,Manhã,Ativo,2
3468,C. M. T. D. A. ,CCIH (AMBULATÓRIO),RETORNO,ENFERMAGEM - CCIH,Ativo,Quarta,1970-01-01 07:00:00.000,Manhã,Ativo,3
3468,C. M. T. D. A. ,CCIH (AMBULATÓRIO),INTERCONSULTA,ENFERMAGEM - CCIH,Ativo,Quarta,1970-01-01 07:00:00.000,Manhã,Ativo,3
3468,C. M. T. D. A. ,CCIH (AMBULATÓRIO),PRIMEIRA CONSULTA,ENFERMAGEM - CCIH,Ativo,Quarta,1970-01-01 07:00:00.000,Manhã,Ativo,2
3468,C. M. T. D. A. ,CCIH (AMBULATÓRIO),PRIMEIRA CONSULTA,ENFERMAGEM - CCIH,Ativo,Sexta,1970-01-01 07:00:00.000,Manhã,Ativo,2
3468,C. M. T. D. A. ,CCIH (AMBULATÓRIO),INTERCONSULTA,ENFERMAGEM - CCIH,Ativo,Sexta,1970-01-01 07:00:00.000,Manhã,Ativo,3
3468,C. M. T. D. A. ,CCIH (AMBULATÓRIO),RETORNO,ENFERMAGEM - CCIH,Ativo,Sexta,1970-01-01 07:00:00.000,Manhã,Ativo,3
3470,G. M. B. D. Q. M. ,CCIH (AMBULATÓRIO),PRIMEIRA CONSULTA,ENFERMAGEM - CCIH,Ativo,Segunda,1970-01-01 13:00:00.000,Tarde,Ativo,2
3470,G. M. B. D. Q. M. ,CCIH (AMBULATÓRIO),INTERCONSULTA,ENFERMAGEM - CCIH,Ativo,Segunda,1970-01-01 13:00:00.000,Tarde,Ativo,3
3470,G. M. B. D. Q. M. ,CCIH (AMBULATÓRIO),RETORNO,ENFERMAGEM - CCIH,Ativo,Segunda,1970-01-01 13:00:00.000,Tarde,Ativo,3
3470,G. M. B. D. Q. M. ,CCIH (AMBULATÓRIO),RETORNO,ENFERMAGEM - CCIH,Ativo,Terça,1970-01-01 13:00:00.000,Tarde,Ativo,3
3470,G. M. B. D. Q. M. ,CCIH (AMBULATÓRIO),INTERCONSULTA,ENFERMAGEM - CCIH,Ativo,Terça,1970-01-01 13:00:00.000,Tarde,Ativo,3
3470,G. M. B. D. Q. M. ,CCIH (AMBULATÓRIO),PRIMEIRA CONSULTA,ENFERMAGEM - CCIH,Ativo,Terça,1970-01-01 13:00:00.000,Tarde,Ativo,2
3470,G. M. B. D. Q. M. ,CCIH (AMBULATÓRIO),INTERCONSULTA,ENFERMAGEM - CCIH,Ativo,Quarta,1970-01-01 13:00:00.000,Tarde,Ativo,3
3470,G. M. B. D. Q. M. ,CCIH (AMBULATÓRIO),PRIMEIRA CONSULTA,ENFERMAGEM - CCIH,Ativo,Quarta,1970-01-01 13:00:00.000,Tarde,Ativo,2
3470,G. M. B. D. Q. M. ,CCIH (AMBULATÓRIO),RETORNO,ENFERMAGEM - CCIH,Ativo,Quarta,1970-01-01 13:00:00.000,Tarde,Ativo,3
3470,G. M. B. D. Q. M. ,CCIH (AMBULATÓRIO),RETORNO,ENFERMAGEM - CCIH,Ativo,Quinta,1970-01-01 13:00:00.000,Tarde,Ativo,3
3470,G. M. B. D. Q. M. ,CCIH (AMBULATÓRIO),PRIMEIRA CONSULTA,ENFERMAGEM - CCIH,Ativo,Quinta,1970-01-01 13:00:00.000,Tarde,Ativo,2
3470,G. M. B. D. Q. M. ,CCIH (AMBULATÓRIO),INTERCONSULTA,ENFERMAGEM - CCIH,Ativo,Quinta,1970-01-01 13:00:00.000,Tarde,Ativo,3
3470,G. M. B. D. Q. M. ,CCIH (AMBULATÓRIO),INTERCONSULTA,ENFERMAGEM - CCIH,Ativo,Sexta,1970-01-01 13:00:00.000,Tarde,Ativo,3
3470,G. M. B. D. Q. M. ,CCIH (AMBULATÓRIO),RETORNO,ENFERMAGEM - CCIH,Ativo,Sexta,1970-01-01 13:00:00.000,Tarde,Ativo,3
3470,G. M. B. D. Q. M. ,CCIH (AMBULATÓRIO),PRIMEIRA CONSULTA,ENFERMAGEM - CCIH,Ativo,Sexta,1970-01-01 13:00:00.000,Tarde,Ativo,2
3472,J. C. D. L. ,GINECOLOGIA (AMBULATÓRIO),RETORNO,AMBULATORIO INTERSEXO - GINECOLOGIA,Inativo,Sexta,1970-01-01 10:00:00.000,Manhã,Ativo,1
3472,J. C. D. L. ,GINECOLOGIA (AMBULATÓRIO),CONSULTA REGULADA,AMBULATORIO INTERSEXO - GINECOLOGIA,Inativo,Sexta,1970-01-01 10:00:00.000,Manhã,Ativo,1
3472,J. C. D. L. ,GINECOLOGIA (AMBULATÓRIO),INTERCONSULTA,AMBULATORIO INTERSEXO - GINECOLOGIA,Inativo,Sexta,1970-01-01 10:00:00.000,Manhã,Ativo,1
3474,J. P. D. S. P. ,ENDOSCOPIA,PRIMEIRA CONSULTA,EXAMES EM ENDOSCOPIA,Ativo,Terça,1970-01-01 07:00:00.000,Manhã,Ativo,1
3474,J. P. D. S. P. ,ENDOSCOPIA,PRIMEIRA CONSULTA,EXAMES EM ENDOSCOPIA,Ativo,Terça,1970-01-01 13:00:00.000,Tarde,Ativo,1
3474,J. P. D. S. P. ,ENDOSCOPIA,PRIMEIRA CONSULTA,EXAMES EM ENDOSCOPIA,Ativo,Quinta,1970-01-01 07:00:00.000,Manhã,Ativo,1
3474,J. P. D. S. P. ,ENDOSCOPIA,PRIMEIRA CONSULTA,EXAMES EM ENDOSCOPIA,Ativo,Quinta,1970-01-01 13:00:00.000,Tarde,Ativo,1
3476,E. S. S. ,ENDOSCOPIA,PRIMEIRA CONSULTA,EXAMES EM ENDOSCOPIA,Ativo,Segunda,1970-01-01 07:00:00.000,Manhã,Ativo,1
3476,E. S. S. ,ENDOSCOPIA,PRIMEIRA CONSULTA,EXAMES EM ENDOSCOPIA,Ativo,Sexta,1970-01-01 07:00:00.000,Manhã,Ativo,1
3478,L. M. C. ,GINECOLOGIA (AMBULATÓRIO),RETORNO,GINECOLOGIA - DOENCAS BENIGNAS DA MAMA,Ativo,Segunda,1970-01-01 10:00:00.000,Manhã,Ativo,10
3480,A. L. M. ,HEMODINAMICA (AMBULATORIO),CONSULTA REGULADA,RADIOLOGIA INTERVENCIONISTA,Ativo,Sexta,1970-01-01 15:30:00.000,Tarde,Ativo,1
3482,E. P. S. ,PUERICULTURA (AMBULATÓRIO),RETORNO,PUERICULTURA - EGRESSO,Ativo,Sexta,1970-01-01 07:00:00.000,Manhã,Ativo,4
3484,I. C. C. D. S. ,PUERICULTURA (AMBULATÓRIO),RETORNO,PUERICULTURA - ALTO RISCO,Ativo,Segunda,1970-01-01 13:00:00.000,Tarde,Ativo,4
3490,L. M. F. ,OFTALMOLOGIA (AMBULATÓRIO),INTERCONSULTA,OFTALMOLOGIA,Ativo,Quarta,1970-01-01 13:00:00.000,Tarde,Ativo,2
3490,L. M. F. ,OFTALMOLOGIA (AMBULATÓRIO),CONSULTA REGULADA,OFTALMOLOGIA,Ativo,Quarta,1970-01-01 15:30:00.000,Tarde,Ativo,4
3492,J. N. V. M. D. A. ,NUCLEO DE TELESSAUDE,TELEATENDIMENTO,TELEMEDICINA INTERCONSULTA PNEUMOLOGIA,Ativo,Sexta,1970-01-01 08:00:00.000,Manhã,Ativo,10
3494,M. T. S. D. S. L. ,CARDIOLOGIA (AMBULATÓRIO),RETORNO,CARDIO - INSUFICIENCIA CARDIACA AVANCADA,Ativo,Quinta,1970-01-01 13:00:00.000,Tarde,Ativo,10
3496,C. H. Z. ,NUCLEO DE TELESSAUDE,TELEATENDIMENTO,TELEMEDICINA ONCOGENETICA,Ativo,Terça,1970-01-01 14:00:00.000,Tarde,Ativo,6
3498,W. B. D. L. ,CIRURGIA PLÁSTICA (AMBULATÓRIO),RETORNO,CIRURGIA PLASTICA,Ativo,Quinta,1970-01-01 07:00:00.000,Manhã,Ativo,6
3500,W. B. D. L. ,CIRURGIA PLÁSTICA (AMBULATÓRIO),INTERCONSULTA,CIRURGIA PLASTICA - TRIAGEM,Ativo,Quinta,1970-01-01 07:00:00.000,Manhã,Ativo,2
3500,W. B. D. L. ,CIRURGIA PLÁSTICA (AMBULATÓRIO),CONSULTA REGULADA,CIRURGIA PLASTICA - TRIAGEM,Ativo,Quinta,1970-01-01 10:00:00.000,Manhã,Ativo,4
3502,J. N. V. M. D. A. ,NUCLEO DE TELESSAUDE,TELEATENDIMENTO,TELEMEDICINA TRIAGEM INTERCONSULTA PEDIATRIA,Ativo,Quarta,1970-01-01 13:20:00.000,Tarde,Inativo,10
3504,C. D. L. M. ,REUMATOLOGIA (AMBULATÓRIO),,ESPONDILO-GOTA TELECONSULTA,Inativo,,,,,
3506,C. D. L. M. ,REUMATOLOGIA (AMBULATÓRIO),TELEATENDIMENTO,TELEMEDICINA ESPONDILO-GOTA,Ativo,Terça,1970-01-01 14:00:00.000,Tarde,Ativo,5
3508,A. L. B. P. D. ,REUMATOLOGIA (AMBULATÓRIO),RETORNO,REUMATOLOGIA - INFILTRACOES,Ativo,Terça,1970-01-01 07:00:00.000,Manhã,Ativo,5
3510,M. E. P. L. E. S. L. ,NUCLEO DE TELESSAUDE,,TELEMEDICINA ONCOGERIATRIA,Inativo,,,,,
3512,J. C. D. L. ,GINECOLOGIA (AMBULATÓRIO),CONSULTA REGULADA,GINECO - DISTURBIOS DA DIFERENCIACAO SEXUAL,Ativo,Sexta,1970-01-01 10:00:00.000,Manhã,Ativo,1
3512,J. C. D. L. ,GINECOLOGIA (AMBULATÓRIO),RETORNO,GINECO - DISTURBIOS DA DIFERENCIACAO SEXUAL,Ativo,Sexta,1970-01-01 10:00:00.000,Manhã,Ativo,1
3512,J. C. D. L. ,GINECOLOGIA (AMBULATÓRIO),INTERCONSULTA,GINECO - DISTURBIOS DA DIFERENCIACAO SEXUAL,Ativo,Sexta,1970-01-01 10:00:00.000,Manhã,Ativo,1
3514,R. I. N. D. R. ,HEMATOLOGIA (AMBULATÓRIO),INTERCONSULTA,REGULADOS - HEMATOLOGIA,Ativo,Quarta,1970-01-01 07:00:00.000,Manhã,Ativo,2
3514,R. I. N. D. R. ,HEMATOLOGIA (AMBULATÓRIO),CONSULTA REGULADA,REGULADOS - HEMATOLOGIA,Ativo,Quarta,1970-01-01 10:00:00.000,Manhã,Ativo,6
3516,J. C. B. V. ,OFTALMOLOGIA (AMBULATÓRIO),RETORNO,OCI - AVAL INICIAL OFTALMO A PARTIR DE 9 ANOS,Ativo,Segunda,1970-01-01 13:00:00.000,Tarde,Ativo,2
3516,J. C. B. V. ,OFTALMOLOGIA (AMBULATÓRIO),CONSULTA REGULADA,OCI - AVAL INICIAL OFTALMO A PARTIR DE 9 ANOS,Ativo,Segunda,1970-01-01 15:30:00.000,Tarde,Ativo,2
3516,J. C. B. V. ,OFTALMOLOGIA (AMBULATÓRIO),CONSULTA REGULADA,OCI - AVAL INICIAL OFTALMO A PARTIR DE 9 ANOS,Ativo,Quarta,1970-01-01 15:30:00.000,Tarde,Ativo,2
3516,J. C. B. V. ,OFTALMOLOGIA (AMBULATÓRIO),RETORNO,OCI - AVAL INICIAL OFTALMO A PARTIR DE 9 ANOS,Ativo,Quarta,1970-01-01 13:00:00.000,Tarde,Ativo,2
3518,A. P. T. S. ,OFTALMOLOGIA (AMBULATÓRIO),RETORNO,OCI - AVAL INICIAL OFTALMO A PARTIR DE 9 ANOS,Ativo,Segunda,1970-01-01 07:00:00.000,Manhã,Ativo,2
3518,A. P. T. S. ,OFTALMOLOGIA (AMBULATÓRIO),CONSULTA REGULADA,OCI - AVAL INICIAL OFTALMO A PARTIR DE 9 ANOS,Ativo,Segunda,1970-01-01 10:00:00.000,Manhã,Ativo,2
3520,M. C. D. A. R. ,OFTALMOLOGIA (AMBULATÓRIO),RETORNO,OCI - AVAL INICIAL OFTALMO A PARTIR DE 9 ANOS,Ativo,Terça,1970-01-01 07:00:00.000,Manhã,Ativo,2
3520,M. C. D. A. R. ,OFTALMOLOGIA (AMBULATÓRIO),CONSULTA REGULADA,OCI - AVAL INICIAL OFTALMO A PARTIR DE 9 ANOS,Ativo,Terça,1970-01-01 10:00:00.000,Manhã,Ativo,2
3522,S. C. P. S. ,OFTALMOLOGIA (AMBULATÓRIO),,OCI - AVAL INICIAL OFTALMO A PARTIR DE 9 ANOS,Inativo,,,,,
3524,L. A. D. S. B. ,OFTALMOLOGIA (AMBULATÓRIO),CONSULTA REGULADA,OCI - AVAL INICIAL OFTALMO A PARTIR DE 9 ANOS,Ativo,Segunda,1970-01-01 10:00:00.000,Manhã,Ativo,2
3524,L. A. D. S. B. ,OFTALMOLOGIA (AMBULATÓRIO),RETORNO,OCI - AVAL INICIAL OFTALMO A PARTIR DE 9 ANOS,Ativo,Segunda,1970-01-01 07:00:00.000,Manhã,Ativo,2
3524,L. A. D. S. B. ,OFTALMOLOGIA (AMBULATÓRIO),CONSULTA REGULADA,OCI - AVAL INICIAL OFTALMO A PARTIR DE 9 ANOS,Ativo,Sexta,1970-01-01 15:30:00.000,Tarde,Ativo,2
3524,L. A. D. S. B. ,OFTALMOLOGIA (AMBULATÓRIO),RETORNO,OCI - AVAL INICIAL OFTALMO A PARTIR DE 9 ANOS,Ativo,Sexta,1970-01-01 13:00:00.000,Tarde,Ativo,2
3526,R. V. A. ,OFTALMOLOGIA (AMBULATÓRIO),CONSULTA REGULADA,OCI - AVAL INICIAL OFTALMO A PARTIR DE 9 ANOS,Ativo,Sexta,1970-01-01 15:30:00.000,Tarde,Ativo,2
3526,R. V. A. ,OFTALMOLOGIA (AMBULATÓRIO),RETORNO,OCI - AVAL INICIAL OFTALMO A PARTIR DE 9 ANOS,Ativo,Sexta,1970-01-01 13:00:00.000,Tarde,Ativo,2
3528,M. M. V. C. M. ,OFTALMOLOGIA (AMBULATÓRIO),RETORNO,OCI - AVAL INICIAL OFTALMO A PARTIR DE 9 ANOS,Ativo,Segunda,1970-01-01 13:00:00.000,Tarde,Ativo,2
3528,M. M. V. C. M. ,OFTALMOLOGIA (AMBULATÓRIO),CONSULTA REGULADA,OCI - AVAL INICIAL OFTALMO A PARTIR DE 9 ANOS,Ativo,Segunda,1970-01-01 15:30:00.000,Tarde,Ativo,2
3528,M. M. V. C. M. ,OFTALMOLOGIA (AMBULATÓRIO),RETORNO,OCI - AVAL INICIAL OFTALMO A PARTIR DE 9 ANOS,Ativo,Quinta,1970-01-01 13:00:00.000,Tarde,Ativo,2
3528,M. M. V. C. M. ,OFTALMOLOGIA (AMBULATÓRIO),CONSULTA REGULADA,OCI - AVAL INICIAL OFTALMO A PARTIR DE 9 ANOS,Ativo,Quinta,1970-01-01 15:30:00.000,Tarde,Ativo,2
3530,A. K. T. S. ,OFTALMOLOGIA (AMBULATÓRIO),CONSULTA REGULADA,OCI - AVAL INICIAL OFTALMO A PARTIR DE 9 ANOS,Ativo,Terça,1970-01-01 15:30:00.000,Tarde,Ativo,2
3530,A. K. T. S. ,OFTALMOLOGIA (AMBULATÓRIO),RETORNO,OCI - AVAL INICIAL OFTALMO A PARTIR DE 9 ANOS,Ativo,Terça,1970-01-01 13:00:00.000,Tarde,Ativo,2
3530,A. K. T. S. ,OFTALMOLOGIA (AMBULATÓRIO),CONSULTA REGULADA,OCI - AVAL INICIAL OFTALMO A PARTIR DE 9 ANOS,Ativo,Sexta,1970-01-01 10:00:00.000,Manhã,Ativo,2
3530,A. K. T. S. ,OFTALMOLOGIA (AMBULATÓRIO),RETORNO,OCI - AVAL INICIAL OFTALMO A PARTIR DE 9 ANOS,Ativo,Sexta,1970-01-01 07:00:00.000,Manhã,Ativo,2
3532,T. R. C. E. S. ,OFTALMOLOGIA (AMBULATÓRIO),RETORNO,OCI - AVAL INICIAL OFTALMO A PARTIR DE 9 ANOS,Ativo,Terça,1970-01-01 13:00:00.000,Tarde,Ativo,2
3532,T. R. C. E. S. ,OFTALMOLOGIA (AMBULATÓRIO),CONSULTA REGULADA,OCI - AVAL INICIAL OFTALMO A PARTIR DE 9 ANOS,Ativo,Terça,1970-01-01 10:00:00.000,Manhã,Ativo,2
3532,T. R. C. E. S. ,OFTALMOLOGIA (AMBULATÓRIO),RETORNO,OCI - AVAL INICIAL OFTALMO A PARTIR DE 9 ANOS,Ativo,Terça,1970-01-01 07:00:00.000,Manhã,Ativo,2
3532,T. R. C. E. S. ,OFTALMOLOGIA (AMBULATÓRIO),CONSULTA REGULADA,OCI - AVAL INICIAL OFTALMO A PARTIR DE 9 ANOS,Ativo,Terça,1970-01-01 15:30:00.000,Tarde,Ativo,2
3532,T. R. C. E. S. ,OFTALMOLOGIA (AMBULATÓRIO),CONSULTA REGULADA,OCI - AVAL INICIAL OFTALMO A PARTIR DE 9 ANOS,Ativo,Sexta,1970-01-01 10:00:00.000,Manhã,Ativo,2
3532,T. R. C. E. S. ,OFTALMOLOGIA (AMBULATÓRIO),RETORNO,OCI - AVAL INICIAL OFTALMO A PARTIR DE 9 ANOS,Ativo,Sexta,1970-01-01 07:00:00.000,Manhã,Ativo,2
3533,J. R. L. D. C. J. ,OFTALMOLOGIA (AMBULATÓRIO),RETORNO,OCI - AVAL INICIAL OFTALMO A PARTIR DE 9 ANOS,Ativo,Quinta,1970-01-01 07:00:00.000,Manhã,Ativo,2
3533,J. R. L. D. C. J. ,OFTALMOLOGIA (AMBULATÓRIO),CONSULTA REGULADA,OCI - AVAL INICIAL OFTALMO A PARTIR DE 9 ANOS,Ativo,Quinta,1970-01-01 10:00:00.000,Manhã,Ativo,2
3534,J. C. F. A. ,OFTALMOLOGIA (AMBULATÓRIO),RETORNO,OCI - AVAL INICIAL OFTALMO A PARTIR DE 9 ANOS,Ativo,Quarta,1970-01-01 07:00:00.000,Manhã,Ativo,2
3534,J. C. F. A. ,OFTALMOLOGIA (AMBULATÓRIO),CONSULTA REGULADA,OCI - AVAL INICIAL OFTALMO A PARTIR DE 9 ANOS,Ativo,Quarta,1970-01-01 10:00:00.000,Manhã,Ativo,2
3534,J. C. F. A. ,OFTALMOLOGIA (AMBULATÓRIO),CONSULTA REGULADA,OCI - AVAL INICIAL OFTALMO A PARTIR DE 9 ANOS,Ativo,Quinta,1970-01-01 10:00:00.000,Manhã,Ativo,2
3534,J. C. F. A. ,OFTALMOLOGIA (AMBULATÓRIO),RETORNO,OCI - AVAL INICIAL OFTALMO A PARTIR DE 9 ANOS,Ativo,Quinta,1970-01-01 13:00:00.000,Tarde,Ativo,2
3534,J. C. F. A. ,OFTALMOLOGIA (AMBULATÓRIO),CONSULTA REGULADA,OCI - AVAL INICIAL OFTALMO A PARTIR DE 9 ANOS,Ativo,Quinta,1970-01-01 15:30:00.000,Tarde,Ativo,2
3534,J. C. F. A. ,OFTALMOLOGIA (AMBULATÓRIO),RETORNO,OCI - AVAL INICIAL OFTALMO A PARTIR DE 9 ANOS,Ativo,Quinta,1970-01-01 07:00:00.000,Manhã,Ativo,2
3536,J. F. A. T. D. G. ,OFTALMOLOGIA (AMBULATÓRIO),CONSULTA REGULADA,OCI - AVAL INICIAL OFTALMO A PARTIR DE 9 ANOS,Ativo,Quarta,1970-01-01 10:00:00.000,Manhã,Ativo,2
3536,J. F. A. T. D. G. ,OFTALMOLOGIA (AMBULATÓRIO),RETORNO,OCI - AVAL INICIAL OFTALMO A PARTIR DE 9 ANOS,Ativo,Quarta,1970-01-01 07:00:00.000,Manhã,Ativo,2
3538,M. M. T. F. P. ,OFTALMOLOGIA (AMBULATÓRIO),CONSULTA REGULADA,OCI - AVAL INICIAL OFTALMO DE 0 A 8 ANOS,Ativo,Quarta,1970-01-01 10:00:00.000,Manhã,Ativo,2
3538,M. M. T. F. P. ,OFTALMOLOGIA (AMBULATÓRIO),RETORNO,OCI - AVAL INICIAL OFTALMO DE 0 A 8 ANOS,Ativo,Quarta,1970-01-01 07:00:00.000,Manhã,Ativo,2
3540,A. A. M. ,OTORRINOLARINGOLOGIA (AMBULATÓRIO),,OCI - AVAL INICIAL DIAG DEFICIT AUDITIVO,Inativo,,,,,
3542,G. M. S. D. N. ,OTORRINOLARINGOLOGIA (AMBULATÓRIO),RETORNO,OCI - AVAL DIAG NASOFARINGE E OROFARINGE,Ativo,Quarta,1970-01-01 13:00:00.000,Tarde,Ativo,3
3542,G. M. S. D. N. ,OTORRINOLARINGOLOGIA (AMBULATÓRIO),CONSULTA REGULADA,OCI - AVAL DIAG NASOFARINGE E OROFARINGE,Ativo,Quarta,1970-01-01 15:30:00.000,Tarde,Ativo,3
3544,V. S. C. L. F. ,OTORRINOLARINGOLOGIA (AMBULATÓRIO),CONSULTA REGULADA,OCI - AVAL DIAG NASOFARINGE E OROFARINGE,Inativo,Quarta,1970-01-01 15:30:00.000,Tarde,Inativo,4
3544,V. S. C. L. F. ,OTORRINOLARINGOLOGIA (AMBULATÓRIO),RETORNO,OCI - AVAL DIAG NASOFARINGE E OROFARINGE,Inativo,Quarta,1970-01-01 13:00:00.000,Tarde,Inativo,4
3546,A. D. A. B. ,OTORRINOLARINGOLOGIA (AMBULATÓRIO),CONSULTA REGULADA,OCI - AVAL DIAG NASOFARINGE E OROFARINGE,Ativo,Terça,1970-01-01 15:30:00.000,Tarde,Ativo,3
3548,P. R. B. D. S. ,OTORRINOLARINGOLOGIA (AMBULATÓRIO),CONSULTA REGULADA,OCI - AVAL DIAG NASOFARINGE E OROFARINGE,Ativo,Terça,1970-01-01 15:30:00.000,Tarde,Ativo,3
3548,P. R. B. D. S. ,OTORRINOLARINGOLOGIA (AMBULATÓRIO),CONSULTA REGULADA,OCI - AVAL DIAG NASOFARINGE E OROFARINGE,Ativo,Quinta,1970-01-01 15:30:00.000,Tarde,Ativo,3
3548,P. R. B. D. S. ,OTORRINOLARINGOLOGIA (AMBULATÓRIO),CONSULTA REGULADA,OCI - AVAL DIAG NASOFARINGE E OROFARINGE,Ativo,Sexta,1970-01-01 15:30:00.000,Tarde,Ativo,3
3550,S. R. F. D. S. ,CIRURGIA GERAL (AMBULATÓRIO),CONSULTA REGULADA,OCI - AVAL DIAG CANCER COLORRETAL,Ativo,Quarta,1970-01-01 10:00:00.000,Manhã,Ativo,2
3550,S. R. F. D. S. ,CIRURGIA GERAL (AMBULATÓRIO),RETORNO,OCI - AVAL DIAG CANCER COLORRETAL,Ativo,Quarta,1970-01-01 07:00:00.000,Manhã,Ativo,2
3552,C. R. D. C. ,CIRURGIA GERAL (AMBULATÓRIO),RETORNO,OCI - AVAL DIAG CANCER COLORRETAL,Ativo,Terça,1970-01-01 07:00:00.000,Manhã,Ativo,2
3552,C. R. D. C. ,CIRURGIA GERAL (AMBULATÓRIO),CONSULTA REGULADA,OCI - AVAL DIAG CANCER COLORRETAL,Ativo,Terça,1970-01-01 10:00:00.000,Manhã,Ativo,2
3554,K. N. S. ,ONCOLOGIA (AMBULATÓRIO),RETORNO,CUIDADOS PALIATIVOS,Ativo,Segunda,1970-01-01 07:00:00.000,Manhã,Ativo,4
3554,K. N. S. ,ONCOLOGIA (AMBULATÓRIO),INTERCONSULTA,CUIDADOS PALIATIVOS,Ativo,Segunda,1970-01-01 07:00:00.000,Manhã,Ativo,2
3556,M. M. A. C. ,OTORRINOLARINGOLOGIA (AMBULATÓRIO),RETORNO,OTORRINOLARINGOLOGIA - DISFAGIA,Ativo,Quinta,1970-01-01 07:00:00.000,Manhã,Ativo,4
3558,N. A. M. D. A. ,CARDIOLOGIA (AMBULATÓRIO),INTERCONSULTA,CARDIO - RISCO CIRURGICO,Ativo,Sábado,1970-01-01 07:00:00.000,Manhã,Ativo,12
3560,N. G. C. ,REUMATOLOGIA (AMBULATÓRIO),,ESPONDILOARTRITE - TRIAGEM,Inativo,,,,,
3564,J. D. S. B. ,CIRURGIA GERAL (AMBULATÓRIO),RETORNO,PROCTOLOGIA,Ativo,Sexta,1970-01-01 07:00:00.000,Manhã,Ativo,6
3564,J. D. S. B. ,CIRURGIA GERAL (AMBULATÓRIO),CONSULTA REGULADA,PROCTOLOGIA,Ativo,Sexta,1970-01-01 10:00:00.000,Manhã,Ativo,4
3564,J. D. S. B. ,CIRURGIA GERAL (AMBULATÓRIO),INTERCONSULTA,PROCTOLOGIA,Ativo,Sexta,1970-01-01 07:00:00.000,Manhã,Ativo,2
3566,C. G. C. ,UNIDADE DE DIAGNÓSTICO POR IMAGEM,PRIMEIRA CONSULTA,ENFERMAGEM - TOMOGRAFIA COMPUTADORIZADA,Ativo,Segunda,1970-01-01 07:00:00.000,Manhã,Ativo,28
3566,C. G. C. ,UNIDADE DE DIAGNÓSTICO POR IMAGEM,PRIMEIRA CONSULTA,ENFERMAGEM - TOMOGRAFIA COMPUTADORIZADA,Ativo,Terça,1970-01-01 07:00:00.000,Manhã,Ativo,28
3566,C. G. C. ,UNIDADE DE DIAGNÓSTICO POR IMAGEM,PRIMEIRA CONSULTA,ENFERMAGEM - TOMOGRAFIA COMPUTADORIZADA,Ativo,Quarta,1970-01-01 07:00:00.000,Manhã,Ativo,28
3566,C. G. C. ,UNIDADE DE DIAGNÓSTICO POR IMAGEM,PRIMEIRA CONSULTA,ENFERMAGEM - TOMOGRAFIA COMPUTADORIZADA,Ativo,Quinta,1970-01-01 07:00:00.000,Manhã,Ativo,28
3566,C. G. C. ,UNIDADE DE DIAGNÓSTICO POR IMAGEM,PRIMEIRA CONSULTA,ENFERMAGEM - TOMOGRAFIA COMPUTADORIZADA,Ativo,Sexta,1970-01-01 07:00:00.000,Manhã,Ativo,28
3568,C. G. C. ,UNIDADE DE DIAGNÓSTICO POR IMAGEM,PRIMEIRA CONSULTA,ENFERMAGEM - RESSONANCIA MAGNETICA NUCLEAR,Ativo,Segunda,1970-01-01 07:00:00.000,Manhã,Ativo,22
3568,C. G. C. ,UNIDADE DE DIAGNÓSTICO POR IMAGEM,PRIMEIRA CONSULTA,ENFERMAGEM - RESSONANCIA MAGNETICA NUCLEAR,Ativo,Terça,1970-01-01 07:00:00.000,Manhã,Ativo,22
3568,C. G. C. ,UNIDADE DE DIAGNÓSTICO POR IMAGEM,PRIMEIRA CONSULTA,ENFERMAGEM - RESSONANCIA MAGNETICA NUCLEAR,Ativo,Quarta,1970-01-01 07:00:00.000,Manhã,Ativo,22
3568,C. G. C. ,UNIDADE DE DIAGNÓSTICO POR IMAGEM,PRIMEIRA CONSULTA,ENFERMAGEM - RESSONANCIA MAGNETICA NUCLEAR,Ativo,Quinta,1970-01-01 07:00:00.000,Manhã,Ativo,22
3568,C. G. C. ,UNIDADE DE DIAGNÓSTICO POR IMAGEM,PRIMEIRA CONSULTA,ENFERMAGEM - RESSONANCIA MAGNETICA NUCLEAR,Ativo,Sexta,1970-01-01 07:00:00.000,Manhã,Ativo,22
3568,C. G. C. ,UNIDADE DE DIAGNÓSTICO POR IMAGEM,PRIMEIRA CONSULTA,ENFERMAGEM - RESSONANCIA MAGNETICA NUCLEAR,Ativo,Sábado,1970-01-01 07:00:00.000,Manhã,Ativo,22
3570,V. D. F. B. B. ,UNIDADE DE DIAGNÓSTICO POR IMAGEM,PRIMEIRA CONSULTA,ENFERMAGEM - TOMOGRAFIA COMPUTADORIZADA,Ativo,Segunda,1970-01-01 07:00:00.000,Manhã,Ativo,28
3570,V. D. F. B. B. ,UNIDADE DE DIAGNÓSTICO POR IMAGEM,PRIMEIRA CONSULTA,ENFERMAGEM - TOMOGRAFIA COMPUTADORIZADA,Ativo,Terça,1970-01-01 07:00:00.000,Manhã,Ativo,28
3570,V. D. F. B. B. ,UNIDADE DE DIAGNÓSTICO POR IMAGEM,PRIMEIRA CONSULTA,ENFERMAGEM - TOMOGRAFIA COMPUTADORIZADA,Ativo,Quarta,1970-01-01 07:00:00.000,Manhã,Ativo,28
3570,V. D. F. B. B. ,UNIDADE DE DIAGNÓSTICO POR IMAGEM,PRIMEIRA CONSULTA,ENFERMAGEM - TOMOGRAFIA COMPUTADORIZADA,Ativo,Quinta,1970-01-01 07:00:00.000,Manhã,Ativo,28
3570,V. D. F. B. B. ,UNIDADE DE DIAGNÓSTICO POR IMAGEM,PRIMEIRA CONSULTA,ENFERMAGEM - TOMOGRAFIA COMPUTADORIZADA,Ativo,Sexta,1970-01-01 07:00:00.000,Manhã,Ativo,28
3572,V. D. F. B. B. ,UNIDADE DE DIAGNÓSTICO POR IMAGEM,PRIMEIRA CONSULTA,ENFERMAGEM - RESSONANCIA MAGNETICA NUCLEAR,Ativo,Segunda,1970-01-01 07:00:00.000,Manhã,Ativo,22
3572,V. D. F. B. B. ,UNIDADE DE DIAGNÓSTICO POR IMAGEM,PRIMEIRA CONSULTA,ENFERMAGEM - RESSONANCIA MAGNETICA NUCLEAR,Ativo,Terça,1970-01-01 07:00:00.000,Manhã,Ativo,22
3572,V. D. F. B. B. ,UNIDADE DE DIAGNÓSTICO POR IMAGEM,PRIMEIRA CONSULTA,ENFERMAGEM - RESSONANCIA MAGNETICA NUCLEAR,Ativo,Quarta,1970-01-01 07:00:00.000,Manhã,Ativo,22
3572,V. D. F. B. B. ,UNIDADE DE DIAGNÓSTICO POR IMAGEM,PRIMEIRA CONSULTA,ENFERMAGEM - RESSONANCIA MAGNETICA NUCLEAR,Ativo,Quinta,1970-01-01 07:00:00.000,Manhã,Ativo,22
3572,V. D. F. B. B. ,UNIDADE DE DIAGNÓSTICO POR IMAGEM,PRIMEIRA CONSULTA,ENFERMAGEM - RESSONANCIA MAGNETICA NUCLEAR,Ativo,Sexta,1970-01-01 07:00:00.000,Manhã,Ativo,22
3572,V. D. F. B. B. ,UNIDADE DE DIAGNÓSTICO POR IMAGEM,PRIMEIRA CONSULTA,ENFERMAGEM - RESSONANCIA MAGNETICA NUCLEAR,Ativo,Sábado,1970-01-01 07:00:00.000,Manhã,Ativo,22
3573,C. P. B. ,UNIDADE DE DIAGNÓSTICO POR IMAGEM,PRIMEIRA CONSULTA,ENFERMAGEM - TOMOGRAFIA COMPUTADORIZADA,Ativo,Segunda,1970-01-01 07:00:00.000,Manhã,Ativo,28
3573,C. P. B. ,UNIDADE DE DIAGNÓSTICO POR IMAGEM,PRIMEIRA CONSULTA,ENFERMAGEM - TOMOGRAFIA COMPUTADORIZADA,Ativo,Terça,1970-01-01 07:00:00.000,Manhã,Ativo,28
3573,C. P. B. ,UNIDADE DE DIAGNÓSTICO POR IMAGEM,PRIMEIRA CONSULTA,ENFERMAGEM - TOMOGRAFIA COMPUTADORIZADA,Ativo,Quarta,1970-01-01 07:00:00.000,Manhã,Ativo,28
3573,C. P. B. ,UNIDADE DE DIAGNÓSTICO POR IMAGEM,PRIMEIRA CONSULTA,ENFERMAGEM - TOMOGRAFIA COMPUTADORIZADA,Ativo,Quinta,1970-01-01 07:00:00.000,Manhã,Ativo,28
3573,C. P. B. ,UNIDADE DE DIAGNÓSTICO POR IMAGEM,PRIMEIRA CONSULTA,ENFERMAGEM - TOMOGRAFIA COMPUTADORIZADA,Ativo,Sexta,1970-01-01 07:00:00.000,Manhã,Ativo,28
3574,C. P. B. ,UNIDADE DE DIAGNÓSTICO POR IMAGEM,PRIMEIRA CONSULTA,ENFERMAGEM - RESSONANCIA MAGNETICA NUCLEAR,Ativo,Segunda,1970-01-01 07:00:00.000,Manhã,Ativo,22
3574,C. P. B. ,UNIDADE DE DIAGNÓSTICO POR IMAGEM,PRIMEIRA CONSULTA,ENFERMAGEM - RESSONANCIA MAGNETICA NUCLEAR,Ativo,Terça,1970-01-01 07:00:00.000,Manhã,Ativo,22
3574,C. P. B. ,UNIDADE DE DIAGNÓSTICO POR IMAGEM,PRIMEIRA CONSULTA,ENFERMAGEM - RESSONANCIA MAGNETICA NUCLEAR,Ativo,Quarta,1970-01-01 07:00:00.000,Manhã,Ativo,22
3574,C. P. B. ,UNIDADE DE DIAGNÓSTICO POR IMAGEM,PRIMEIRA CONSULTA,ENFERMAGEM - RESSONANCIA MAGNETICA NUCLEAR,Ativo,Quinta,1970-01-01 07:00:00.000,Manhã,Ativo,22
3574,C. P. B. ,UNIDADE DE DIAGNÓSTICO POR IMAGEM,PRIMEIRA CONSULTA,ENFERMAGEM - RESSONANCIA MAGNETICA NUCLEAR,Ativo,Sexta,1970-01-01 07:00:00.000,Manhã,Ativo,22
3574,C. P. B. ,UNIDADE DE DIAGNÓSTICO POR IMAGEM,PRIMEIRA CONSULTA,ENFERMAGEM - RESSONANCIA MAGNETICA NUCLEAR,Ativo,Sábado,1970-01-01 07:00:00.000,Manhã,Ativo,22
3576,S. P. M. D. C. ,UNIDADE DE DIAGNÓSTICO POR IMAGEM,PRIMEIRA CONSULTA,ENFERMAGEM - TOMOGRAFIA COMPUTADORIZADA,Ativo,Segunda,1970-01-01 07:00:00.000,Manhã,Ativo,28
3576,S. P. M. D. C. ,UNIDADE DE DIAGNÓSTICO POR IMAGEM,PRIMEIRA CONSULTA,ENFERMAGEM - TOMOGRAFIA COMPUTADORIZADA,Ativo,Terça,1970-01-01 07:00:00.000,Manhã,Ativo,28
3576,S. P. M. D. C. ,UNIDADE DE DIAGNÓSTICO POR IMAGEM,PRIMEIRA CONSULTA,ENFERMAGEM - TOMOGRAFIA COMPUTADORIZADA,Ativo,Quarta,1970-01-01 07:00:00.000,Manhã,Ativo,28
3576,S. P. M. D. C. ,UNIDADE DE DIAGNÓSTICO POR IMAGEM,PRIMEIRA CONSULTA,ENFERMAGEM - TOMOGRAFIA COMPUTADORIZADA,Ativo,Quinta,1970-01-01 07:00:00.000,Manhã,Ativo,28
3576,S. P. M. D. C. ,UNIDADE DE DIAGNÓSTICO POR IMAGEM,PRIMEIRA CONSULTA,ENFERMAGEM - TOMOGRAFIA COMPUTADORIZADA,Ativo,Sexta,1970-01-01 07:00:00.000,Manhã,Ativo,28
3578,S. P. M. D. C. ,UNIDADE DE DIAGNÓSTICO POR IMAGEM,PRIMEIRA CONSULTA,ENFERMAGEM - RESSONANCIA MAGNETICA NUCLEAR,Ativo,Segunda,1970-01-01 07:00:00.000,Manhã,Ativo,22
3578,S. P. M. D. C. ,UNIDADE DE DIAGNÓSTICO POR IMAGEM,PRIMEIRA CONSULTA,ENFERMAGEM - RESSONANCIA MAGNETICA NUCLEAR,Ativo,Terça,1970-01-01 07:00:00.000,Manhã,Ativo,22
3578,S. P. M. D. C. ,UNIDADE DE DIAGNÓSTICO POR IMAGEM,PRIMEIRA CONSULTA,ENFERMAGEM - RESSONANCIA MAGNETICA NUCLEAR,Ativo,Quarta,1970-01-01 07:00:00.000,Manhã,Ativo,22
3578,S. P. M. D. C. ,UNIDADE DE DIAGNÓSTICO POR IMAGEM,PRIMEIRA CONSULTA,ENFERMAGEM - RESSONANCIA MAGNETICA NUCLEAR,Ativo,Quinta,1970-01-01 07:00:00.000,Manhã,Ativo,22
3578,S. P. M. D. C. ,UNIDADE DE DIAGNÓSTICO POR IMAGEM,PRIMEIRA CONSULTA,ENFERMAGEM - RESSONANCIA MAGNETICA NUCLEAR,Ativo,Sexta,1970-01-01 07:00:00.000,Manhã,Ativo,22
3578,S. P. M. D. C. ,UNIDADE DE DIAGNÓSTICO POR IMAGEM,PRIMEIRA CONSULTA,ENFERMAGEM - RESSONANCIA MAGNETICA NUCLEAR,Ativo,Sábado,1970-01-01 07:00:00.000,Manhã,Ativo,22
3580,M. C. D. L. ,UNIDADE DE DIAGNÓSTICO POR IMAGEM,PRIMEIRA CONSULTA,ENFERMAGEM - TOMOGRAFIA COMPUTADORIZADA,Ativo,Segunda,1970-01-01 07:00:00.000,Manhã,Ativo,28
3580,M. C. D. L. ,UNIDADE DE DIAGNÓSTICO POR IMAGEM,PRIMEIRA CONSULTA,ENFERMAGEM - TOMOGRAFIA COMPUTADORIZADA,Ativo,Terça,1970-01-01 07:00:00.000,Manhã,Ativo,28
3580,M. C. D. L. ,UNIDADE DE DIAGNÓSTICO POR IMAGEM,PRIMEIRA CONSULTA,ENFERMAGEM - TOMOGRAFIA COMPUTADORIZADA,Ativo,Quarta,1970-01-01 07:00:00.000,Manhã,Ativo,28
3580,M. C. D. L. ,UNIDADE DE DIAGNÓSTICO POR IMAGEM,PRIMEIRA CONSULTA,ENFERMAGEM - TOMOGRAFIA COMPUTADORIZADA,Ativo,Quinta,1970-01-01 07:00:00.000,Manhã,Ativo,28
3580,M. C. D. L. ,UNIDADE DE DIAGNÓSTICO POR IMAGEM,PRIMEIRA CONSULTA,ENFERMAGEM - TOMOGRAFIA COMPUTADORIZADA,Ativo,Sexta,1970-01-01 07:00:00.000,Manhã,Ativo,28
3582,M. C. D. L. ,UNIDADE DE DIAGNÓSTICO POR IMAGEM,PRIMEIRA CONSULTA,ENFERMAGEM - RESSONANCIA MAGNETICA NUCLEAR,Ativo,Segunda,1970-01-01 07:00:00.000,Manhã,Ativo,22
3582,M. C. D. L. ,UNIDADE DE DIAGNÓSTICO POR IMAGEM,PRIMEIRA CONSULTA,ENFERMAGEM - RESSONANCIA MAGNETICA NUCLEAR,Ativo,Terça,1970-01-01 07:00:00.000,Manhã,Ativo,22
3582,M. C. D. L. ,UNIDADE DE DIAGNÓSTICO POR IMAGEM,PRIMEIRA CONSULTA,ENFERMAGEM - RESSONANCIA MAGNETICA NUCLEAR,Ativo,Quarta,1970-01-01 07:00:00.000,Manhã,Ativo,22
3582,M. C. D. L. ,UNIDADE DE DIAGNÓSTICO POR IMAGEM,PRIMEIRA CONSULTA,ENFERMAGEM - RESSONANCIA MAGNETICA NUCLEAR,Ativo,Quinta,1970-01-01 07:00:00.000,Manhã,Ativo,22
3582,M. C. D. L. ,UNIDADE DE DIAGNÓSTICO POR IMAGEM,PRIMEIRA CONSULTA,ENFERMAGEM - RESSONANCIA MAGNETICA NUCLEAR,Ativo,Sexta,1970-01-01 07:00:00.000,Manhã,Ativo,22
3582,M. C. D. L. ,UNIDADE DE DIAGNÓSTICO POR IMAGEM,PRIMEIRA CONSULTA,ENFERMAGEM - RESSONANCIA MAGNETICA NUCLEAR,Ativo,Sábado,1970-01-01 07:00:00.000,Manhã,Ativo,22
3584,L. D. S. F. ,NÚCLEO DO SERVIDOR (AMBULATÓRIO),CONSULTA PRIMEIRA VEZ SERVIDOR(A),ACOLHIMENTO SAUDE MENTAL - NASS,Ativo,Terça,1970-01-01 08:00:00.000,Manhã,Ativo,2
3584,L. D. S. F. ,NÚCLEO DO SERVIDOR (AMBULATÓRIO),CONSULTA RETORNO SERVIDOR(A),ACOLHIMENTO SAUDE MENTAL - NASS,Ativo,Terça,1970-01-01 10:00:00.000,Manhã,Ativo,1
3584,L. D. S. F. ,NÚCLEO DO SERVIDOR (AMBULATÓRIO),CONSULTA PRIMEIRA VEZ SERVIDOR(A),ACOLHIMENTO SAUDE MENTAL - NASS,Ativo,Quarta,1970-01-01 08:00:00.000,Manhã,Ativo,2
3584,L. D. S. F. ,NÚCLEO DO SERVIDOR (AMBULATÓRIO),CONSULTA RETORNO SERVIDOR(A),ACOLHIMENTO SAUDE MENTAL - NASS,Ativo,Quarta,1970-01-01 10:00:00.000,Manhã,Ativo,1
3584,L. D. S. F. ,NÚCLEO DO SERVIDOR (AMBULATÓRIO),CONSULTA RETORNO SERVIDOR(A),ACOLHIMENTO SAUDE MENTAL - NASS,Ativo,Quinta,1970-01-01 10:00:00.000,Manhã,Ativo,1
3584,L. D. S. F. ,NÚCLEO DO SERVIDOR (AMBULATÓRIO),CONSULTA PRIMEIRA VEZ SERVIDOR(A),ACOLHIMENTO SAUDE MENTAL - NASS,Ativo,Quinta,1970-01-01 08:00:00.000,Manhã,Ativo,2
3584,L. D. S. F. ,NÚCLEO DO SERVIDOR (AMBULATÓRIO),CONSULTA RETORNO SERVIDOR(A),ACOLHIMENTO SAUDE MENTAL - NASS,Ativo,Sexta,1970-01-01 11:00:00.000,Manhã,Ativo,1
3584,L. D. S. F. ,NÚCLEO DO SERVIDOR (AMBULATÓRIO),CONSULTA PRIMEIRA VEZ SERVIDOR(A),ACOLHIMENTO SAUDE MENTAL - NASS,Ativo,Sexta,1970-01-01 08:00:00.000,Manhã,Ativo,2
3584,L. D. S. F. ,NÚCLEO DO SERVIDOR (AMBULATÓRIO),CONSULTA PRIMEIRA VEZ SERVIDOR(A),ACOLHIMENTO SAUDE MENTAL - NASS,Ativo,Sexta,1970-01-01 10:00:00.000,Manhã,Ativo,1
3586,L. D. S. L. ,ENFERMAGEM,INTERCONSULTA,ENFERMAGEM PRE-OPERATORIO OFTALMOLOGIA,Ativo,Terça,1970-01-01 07:00:00.000,Manhã,Ativo,3
3586,L. D. S. L. ,ENFERMAGEM,RETORNO,ENFERMAGEM PRE-OPERATORIO OFTALMOLOGIA,Ativo,Terça,1970-01-01 10:00:00.000,Manhã,Ativo,2
3586,L. D. S. L. ,ENFERMAGEM,INTERCONSULTA,ENFERMAGEM PRE-OPERATORIO OFTALMOLOGIA,Ativo,Quinta,1970-01-01 07:00:00.000,Manhã,Ativo,3
3586,L. D. S. L. ,ENFERMAGEM,RETORNO,ENFERMAGEM PRE-OPERATORIO OFTALMOLOGIA,Ativo,Quinta,1970-01-01 10:00:00.000,Manhã,Ativo,2
3588,A. D. A. M. ,ANESTESIOLOGIA (AMBULATÓRIO),TELEATENDIMENTO,ANESTESIOLOGIA - TELEMEDICINA,Ativo,Segunda,1970-01-01 08:00:00.000,Manhã,Ativo,12
3588,A. D. A. M. ,ANESTESIOLOGIA (AMBULATÓRIO),TELEATENDIMENTO,ANESTESIOLOGIA - TELEMEDICINA,Ativo,Quarta,1970-01-01 08:00:00.000,Manhã,Ativo,12
3588,A. D. A. M. ,ANESTESIOLOGIA (AMBULATÓRIO),TELEATENDIMENTO,ANESTESIOLOGIA - TELEMEDICINA,Ativo,Quinta,1970-01-01 08:00:00.000,Manhã,Ativo,12
3588,A. D. A. M. ,ANESTESIOLOGIA (AMBULATÓRIO),TELEATENDIMENTO,ANESTESIOLOGIA - TELEMEDICINA,Ativo,Quinta,1970-01-01 13:30:00.000,Tarde,Ativo,10
3594,M. M. V. C. M. ,TRANSPLANTE (AMBULATÓRIO),CONSULTA REGULADA,TRANSPLANTE DE CORNEA - PRE-TRANSPLANTE,Ativo,Quinta,1970-01-01 10:00:00.000,Manhã,Ativo,2
3594,M. M. V. C. M. ,TRANSPLANTE (AMBULATÓRIO),INTERCONSULTA,TRANSPLANTE DE CORNEA - PRE-TRANSPLANTE,Ativo,Quinta,1970-01-01 07:00:00.000,Manhã,Ativo,3
3596,J. S. D. N. R. ,NUCLEO DE TELESSAUDE,TELEATENDIMENTO,TELEMEDICINA INTERCONSULTA CARGASHEMATO,Inativo,Quinta,1970-01-01 13:30:00.000,Tarde,Ativo,10
3598,J. D. S. B. ,NUCLEO DE TELESSAUDE,TELEATENDIMENTO,TELEMEDICINA INTERCONSULTA INFPNEUDOR,Ativo,Terça,1970-01-01 13:30:00.000,Tarde,Ativo,10
3600,J. M. A. F. ,UNIDADE DE DIAGNÓSTICO POR IMAGEM,PRIMEIRA CONSULTA,ENFERMAGEM - RESSONANCIA MAGNETICA NUCLEAR,Ativo,Segunda,1970-01-01 07:00:00.000,Manhã,Ativo,22
3600,J. M. A. F. ,UNIDADE DE DIAGNÓSTICO POR IMAGEM,PRIMEIRA CONSULTA,ENFERMAGEM - RESSONANCIA MAGNETICA NUCLEAR,Ativo,Terça,1970-01-01 07:00:00.000,Manhã,Ativo,22
3600,J. M. A. F. ,UNIDADE DE DIAGNÓSTICO POR IMAGEM,PRIMEIRA CONSULTA,ENFERMAGEM - RESSONANCIA MAGNETICA NUCLEAR,Ativo,Quarta,1970-01-01 07:00:00.000,Manhã,Ativo,22
3600,J. M. A. F. ,UNIDADE DE DIAGNÓSTICO POR IMAGEM,PRIMEIRA CONSULTA,ENFERMAGEM - RESSONANCIA MAGNETICA NUCLEAR,Ativo,Quinta,1970-01-01 07:00:00.000,Manhã,Ativo,22
3600,J. M. A. F. ,UNIDADE DE DIAGNÓSTICO POR IMAGEM,PRIMEIRA CONSULTA,ENFERMAGEM - RESSONANCIA MAGNETICA NUCLEAR,Ativo,Sexta,1970-01-01 07:00:00.000,Manhã,Ativo,22
3600,J. M. A. F. ,UNIDADE DE DIAGNÓSTICO POR IMAGEM,PRIMEIRA CONSULTA,ENFERMAGEM - RESSONANCIA MAGNETICA NUCLEAR,Ativo,Sábado,1970-01-01 07:00:00.000,Manhã,Ativo,22
3602,J. M. A. F. ,UNIDADE DE DIAGNÓSTICO POR IMAGEM,PRIMEIRA CONSULTA,ENFERMAGEM - TOMOGRAFIA COMPUTADORIZADA,Ativo,Segunda,1970-01-01 07:00:00.000,Manhã,Ativo,28
3602,J. M. A. F. ,UNIDADE DE DIAGNÓSTICO POR IMAGEM,PRIMEIRA CONSULTA,ENFERMAGEM - TOMOGRAFIA COMPUTADORIZADA,Ativo,Terça,1970-01-01 07:00:00.000,Manhã,Ativo,28
3602,J. M. A. F. ,UNIDADE DE DIAGNÓSTICO POR IMAGEM,PRIMEIRA CONSULTA,ENFERMAGEM - TOMOGRAFIA COMPUTADORIZADA,Ativo,Quarta,1970-01-01 07:00:00.000,Manhã,Ativo,28
3602,J. M. A. F. ,UNIDADE DE DIAGNÓSTICO POR IMAGEM,PRIMEIRA CONSULTA,ENFERMAGEM - TOMOGRAFIA COMPUTADORIZADA,Ativo,Quinta,1970-01-01 07:00:00.000,Manhã,Ativo,28
3602,J. M. A. F. ,UNIDADE DE DIAGNÓSTICO POR IMAGEM,PRIMEIRA CONSULTA,ENFERMAGEM - TOMOGRAFIA COMPUTADORIZADA,Ativo,Sexta,1970-01-01 07:00:00.000,Manhã,Ativo,28
3604,C. L. S. F. ,ONCOLOGIA (AMBULATÓRIO),INTERCONSULTA,ONCOLOGIA CLINICA,Ativo,Terça,1970-01-01 13:00:00.000,Tarde,Ativo,2
3604,C. L. S. F. ,ONCOLOGIA (AMBULATÓRIO),RETORNO,ONCOLOGIA CLINICA,Ativo,Terça,1970-01-01 13:00:00.000,Tarde,Ativo,10
3604,C. L. S. F. ,ONCOLOGIA (AMBULATÓRIO),INTERCONSULTA,ONCOLOGIA CLINICA,Ativo,Quarta,1970-01-01 13:00:00.000,Tarde,Ativo,2
3604,C. L. S. F. ,ONCOLOGIA (AMBULATÓRIO),RETORNO,ONCOLOGIA CLINICA,Ativo,Quarta,1970-01-01 13:00:00.000,Tarde,Ativo,10
3606,M. M. A. C. ,OTORRINOLARINGOLOGIA (AMBULATÓRIO),EXAME REGULADO,OTORRINOLARINGOLOGIA - VIDEOLARINGOSCOPIA,Ativo,Terça,1970-01-01 15:30:00.000,Tarde,Ativo,8
3606,M. M. A. C. ,OTORRINOLARINGOLOGIA (AMBULATÓRIO),EXAME REGULADO,OTORRINOLARINGOLOGIA - VIDEOLARINGOSCOPIA,Ativo,Sexta,1970-01-01 10:00:00.000,Manhã,Ativo,8
3608,C. M. A. D. M. M. ,ALERGIA E IMUNOLOGIA (AMBULATÓRIO),INTERCONSULTA,ALERGIA PNEUMOPEDIATRIA,Ativo,Segunda,1970-01-01 07:00:00.000,Manhã,Ativo,4
3608,C. M. A. D. M. M. ,ALERGIA E IMUNOLOGIA (AMBULATÓRIO),RETORNO,ALERGIA PNEUMOPEDIATRIA,Ativo,Sexta,1970-01-01 07:00:00.000,Manhã,Ativo,4
3610,C. M. A. D. M. M. ,ALERGIA E IMUNOLOGIA (AMBULATÓRIO),INTERCONSULTA,PNEUMOPEDIATRIA - PRE-OPERATORIO,Ativo,Sexta,1970-01-01 13:00:00.000,Tarde,Ativo,2
3612,L. S. D. A. M. ,PEDIATRIA (AMBULATÓRIO),RETORNO,PEDIATRIA - GASTRO,Ativo,Segunda,1970-01-01 13:00:00.000,Tarde,Ativo,4
3612,L. S. D. A. M. ,PEDIATRIA (AMBULATÓRIO),RETORNO,PEDIATRIA - GASTRO,Ativo,Terça,1970-01-01 07:00:00.000,Manhã,Ativo,5
3612,L. S. D. A. M. ,PEDIATRIA (AMBULATÓRIO),RETORNO,PEDIATRIA - GASTRO,Ativo,Terça,1970-01-01 13:00:00.000,Tarde,Ativo,5
3612,L. S. D. A. M. ,PEDIATRIA (AMBULATÓRIO),INTERCONSULTA,PEDIATRIA - GASTRO,Ativo,Quinta,1970-01-01 13:00:00.000,Tarde,Ativo,1
3612,L. S. D. A. M. ,PEDIATRIA (AMBULATÓRIO),RETORNO,PEDIATRIA - GASTRO,Ativo,Quinta,1970-01-01 13:00:00.000,Tarde,Ativo,7
3612,L. S. D. A. M. ,PEDIATRIA (AMBULATÓRIO),CONSULTA REGULADA,PEDIATRIA - GASTRO,Ativo,Quinta,1970-01-01 15:30:00.000,Tarde,Ativo,1
3614,B. G. D. M. ,ALERGIA E IMUNOLOGIA (AMBULATÓRIO),RETORNO,ALERGIA - REACAO A MEDICACAO,Ativo,Quarta,1970-01-01 07:00:00.000,Manhã,Ativo,6
3616,L. D. A. C. ,ANESTESIOLOGIA (AMBULATÓRIO),TELEATENDIMENTO,ANESTESIOLOGIA - TELEMEDICINA,Ativo,Segunda,1970-01-01 13:20:00.000,Tarde,Ativo,9
3616,L. D. A. C. ,ANESTESIOLOGIA (AMBULATÓRIO),TELEATENDIMENTO,ANESTESIOLOGIA - TELEMEDICINA,Ativo,Terça,1970-01-01 08:00:00.000,Manhã,Ativo,11
3616,L. D. A. C. ,ANESTESIOLOGIA (AMBULATÓRIO),TELEATENDIMENTO,ANESTESIOLOGIA - TELEMEDICINA,Ativo,Terça,1970-01-01 13:20:00.000,Tarde,Ativo,9
3616,L. D. A. C. ,ANESTESIOLOGIA (AMBULATÓRIO),TELEATENDIMENTO,ANESTESIOLOGIA - TELEMEDICINA,Ativo,Quarta,1970-01-01 13:20:00.000,Tarde,Ativo,9
3616,L. D. A. C. ,ANESTESIOLOGIA (AMBULATÓRIO),TELEATENDIMENTO,ANESTESIOLOGIA - TELEMEDICINA,Ativo,Quinta,1970-01-01 08:00:00.000,Manhã,Ativo,11
3616,L. D. A. C. ,ANESTESIOLOGIA (AMBULATÓRIO),TELEATENDIMENTO,ANESTESIOLOGIA - TELEMEDICINA,Ativo,Quinta,1970-01-01 13:20:00.000,Tarde,Ativo,9
3618,A. L. B. P. D. ,REUMATOLOGIA (AMBULATÓRIO),RETORNO,REUMATOLOGIA - INFUSAO,Ativo,Segunda,1970-01-01 07:00:00.000,Manhã,Ativo,15
3620,M. W. D. S. G. ,REUMATOLOGIA (AMBULATÓRIO),RETORNO,REUMATOLOGIA - INFUSAO,Ativo,Terça,1970-01-01 07:00:00.000,Manhã,Ativo,15
3620,M. W. D. S. G. ,REUMATOLOGIA (AMBULATÓRIO),RETORNO,REUMATOLOGIA - INFUSAO,Ativo,Sexta,1970-01-01 07:00:00.000,Manhã,Ativo,15
3622,B. R. D. F. ,REUMATOLOGIA (AMBULATÓRIO),,REUMATOLOGIA - ARTRITE REUMATOIDE,Inativo,,,,,
3624,M. W. D. S. G. ,REUMATOLOGIA (AMBULATÓRIO),,REUMATOLOGIA - VASCULITES,Inativo,,,,,
3626,L. H. C. S. D. M. ,ESPAÇO TRANS (AMBULATÓRIO),RETORNO,UROLOGIA - ESPAÇO TRANS,Ativo,Terça,1970-01-01 14:00:00.000,Tarde,Ativo,4
3626,L. H. C. S. D. M. ,ESPAÇO TRANS (AMBULATÓRIO),INTERCONSULTA,UROLOGIA - ESPAÇO TRANS,Ativo,Terça,1970-01-01 14:00:00.000,Tarde,Ativo,4
3628,D. S. C. D. L. ,CIRURGIA BARIATRICA,INTERCONSULTA,NUTRIÇÃO - PRÉ BARIÁTRICA,Ativo,Terça,1970-01-01 07:00:00.000,Manhã,Ativo,3
3628,D. S. C. D. L. ,CIRURGIA BARIATRICA,RETORNO,NUTRIÇÃO - PRÉ BARIÁTRICA,Ativo,Terça,1970-01-01 07:00:00.000,Manhã,Ativo,3
3628,D. S. C. D. L. ,CIRURGIA BARIATRICA,INTERCONSULTA,NUTRIÇÃO - PRÉ BARIÁTRICA,Ativo,Sexta,1970-01-01 07:00:00.000,Manhã,Ativo,3
3628,D. S. C. D. L. ,CIRURGIA BARIATRICA,RETORNO,NUTRIÇÃO - PRÉ BARIÁTRICA,Ativo,Sexta,1970-01-01 07:00:00.000,Manhã,Ativo,3
3630,K. K. R. V. D. M. ,OTORRINOLARINGOLOGIA (AMBULATÓRIO),RETORNO,OTORRINOLARINGOLOGIA - POS-OPERATORIO,Ativo,Quarta,1970-01-01 07:00:00.000,Manhã,Ativo,10
3632,J. D. S. B. ,CIRURGIA GERAL (AMBULATÓRIO),CONSULTA REGULADA,OCI - AVAL DIAG CANCER COLORRETAL,Ativo,Sexta,1970-01-01 10:00:00.000,Manhã,Ativo,2
3632,J. D. S. B. ,CIRURGIA GERAL (AMBULATÓRIO),RETORNO,OCI - AVAL DIAG CANCER COLORRETAL,Ativo,Sexta,1970-01-01 07:00:00.000,Manhã,Ativo,2
3634,G. B. S. D. V. F. C. ,GASTROENTEROLOGIA (AMBULATÓRIO),RETORNO,GASTROENTEROLOGIA - DOENÇA INF INTESTINAL,Ativo,Quarta,1970-01-01 13:00:00.000,Tarde,Ativo,8
3634,G. B. S. D. V. F. C. ,GASTROENTEROLOGIA (AMBULATÓRIO),CONSULTA REGULADA,GASTROENTEROLOGIA - DOENÇA INF INTESTINAL,Ativo,Quarta,1970-01-01 15:30:00.000,Tarde,Ativo,1
3634,G. B. S. D. V. F. C. ,GASTROENTEROLOGIA (AMBULATÓRIO),PRIMEIRA CONSULTA,GASTROENTEROLOGIA - DOENÇA INF INTESTINAL,Ativo,Quarta,1970-01-01 13:00:00.000,Tarde,Ativo,1
3638,F. J. R. ,NUCLEO DE TELESSAUDE,TELEATENDIMENTO,TELEMEDICINA INTERCONSULTA CARGASHEMATO,Ativo,Quinta,1970-01-01 08:00:00.000,Manhã,Ativo,11
3640,M. W. D. S. G. ,REUMATOLOGIA (AMBULATÓRIO),RETORNO,REUMATOLOGIA - OSTEOPOROSE,Ativo,Sexta,1970-01-01 07:00:00.000,Manhã,Ativo,14
3642,M. W. D. S. G. ,REUMATOLOGIA (AMBULATÓRIO),CONSULTA REGULADA,OSTEOPOROSE - TRIAGEM,Ativo,Sexta,1970-01-01 10:00:00.000,Manhã,Ativo,1
3644,B. R. D. F. ,REUMATOLOGIA (AMBULATÓRIO),CONSULTA REGULADA,LUPUS ERITEMATOSO SISTEMICO - TRIAGEM,Ativo,Quinta,1970-01-01 15:30:00.000,Tarde,Ativo,1
3646,P. S. O. ,NUCLEO DE TELESSAUDE,TELEATENDIMENTO,TELEMEDICINA INTERCONSULTA CARGASHEMATO,Ativo,Segunda,1970-01-01 13:30:00.000,Tarde,Ativo,10
3648,K. K. R. V. D. M. ,OTORRINOLARINGOLOGIA (AMBULATÓRIO),CONSULTA REGULADA,OCI - AVAL INICIAL DIAG DEFICIT AUDITIVO,Ativo,Quarta,1970-01-01 10:00:00.000,Manhã,Ativo,2
3650,V. M. S. ,GINECOLOGIA (AMBULATÓRIO),RETORNO,GINECOLOGIA (RESIDENTES),Ativo,Quarta,1970-01-01 13:00:00.000,Tarde,Ativo,8
3652,L. M. F. ,OFTALMOLOGIA (AMBULATÓRIO),CONSULTA REGULADA,OCI - AVAL INICIAL OFTALMO A PARTIR DE 9 ANOS,Ativo,Quarta,1970-01-01 15:30:00.000,Tarde,Ativo,2
3654,M. M. A. C. ,ESPAÇO TRANS (AMBULATÓRIO),INTERCONSULTA,OTORRINOLARINGOLOGIA - ESPACO TRANS,Ativo,Quinta,1970-01-01 07:00:00.000,Manhã,Ativo,1
3654,M. M. A. C. ,ESPAÇO TRANS (AMBULATÓRIO),RETORNO,OTORRINOLARINGOLOGIA - ESPACO TRANS,Ativo,Quinta,1970-01-01 07:30:00.000,Manhã,Ativo,1
3656,R. T. D. B. S. P. ,NEFROLOGIA (AMBULATÓRIO),INTERCONSULTA,NEFROLOGIA,Ativo,Segunda,1970-01-01 07:00:00.000,Manhã,Ativo,1
3656,R. T. D. B. S. P. ,NEFROLOGIA (AMBULATÓRIO),RETORNO,NEFROLOGIA,Ativo,Segunda,1970-01-01 07:00:00.000,Manhã,Ativo,5
3656,R. T. D. B. S. P. ,NEFROLOGIA (AMBULATÓRIO),CONSULTA REGULADA,NEFROLOGIA,Ativo,Segunda,1970-01-01 10:00:00.000,Manhã,Ativo,2
3658,M. D. C. M. R. ,ALERGIA E IMUNOLOGIA (AMBULATÓRIO),,ALERGIA - INFUSAO,Ativo,,,,,
3659,B. G. D. M. ,ALERGIA E IMUNOLOGIA (AMBULATÓRIO),RETORNO,ALERGIA - PROCEDIMENTOS,Ativo,Quinta,1970-01-01 13:00:00.000,Tarde,Ativo,2
3661,F. W. S. ,ALERGIA E IMUNOLOGIA (AMBULATÓRIO),,ALERGIA - INFUSAO,Ativo,,,,,
3662,B. G. D. M. ,ALERGIA E IMUNOLOGIA (AMBULATÓRIO),,ALERGIA - INFUSAO,Ativo,,,,,
3664,M. D. C. M. R. ,ALERGIA E IMUNOLOGIA (AMBULATÓRIO),,ALERGIA - PROCEDIMENTOS,Ativo,,,,,
3665,F. W. S. ,ALERGIA E IMUNOLOGIA (AMBULATÓRIO),,ALERGIA - PROCEDIMENTOS,Ativo,,,,,
3666,A. B. D. M. D. S. L. ,NEFROLOGIA (AMBULATÓRIO),RETORNO,CARDIORRENAL,Ativo,Segunda,1970-01-01 13:00:00.000,Tarde,Ativo,9
3666,A. B. D. M. D. S. L. ,NEFROLOGIA (AMBULATÓRIO),RETORNO,CARDIORRENAL,Ativo,Quinta,1970-01-01 07:00:00.000,Manhã,Ativo,7
3668,A. B. D. M. D. S. L. ,NEFROLOGIA (AMBULATÓRIO),RETORNO,CARDIO SEGEL,Ativo,Segunda,1970-01-01 07:00:00.000,Manhã,Ativo,6
3668,A. B. D. M. D. S. L. ,NEFROLOGIA (AMBULATÓRIO),RETORNO,CARDIO SEGEL,Ativo,Quarta,1970-01-01 07:00:00.000,Manhã,Ativo,6
3670,A. A. A. ,ALERGIA E IMUNOLOGIA (AMBULATÓRIO),RETORNO,ALERGIA - PROCEDIMENTOS,Ativo,Sexta,1970-01-01 07:00:00.000,Manhã,Ativo,1
3672,J. G. D. M. ,ALERGIA E IMUNOLOGIA (AMBULATÓRIO),,ALERGIA - PROCEDIMENTOS,Ativo,,,,,
3674,A. C. A. M. F. ,ALERGIA E IMUNOLOGIA (AMBULATÓRIO),,ALERGIA - INFUSAO,Ativo,,,,,
3675,A. A. A. ,ALERGIA E IMUNOLOGIA (AMBULATÓRIO),,ALERGIA - INFUSAO,Ativo,,,,,
3676,G. V. D. A. G. L. ,ALERGIA E IMUNOLOGIA (AMBULATÓRIO),,ALERGIA - PROCEDIMENTOS,Ativo,,,,,
3678,D. M. P. ,ALERGIA E IMUNOLOGIA (AMBULATÓRIO),,ALERGIA - PROCEDIMENTOS,Ativo,,,,,
3680,A. C. M. G. P. S. ,ALERGIA E IMUNOLOGIA (AMBULATÓRIO),RETORNO,ALERGIA - PROCEDIMENTOS,Ativo,Quinta,1970-01-01 13:00:00.000,Tarde,Ativo,2
3682,A. C. A. M. F. ,ALERGIA E IMUNOLOGIA (AMBULATÓRIO),RETORNO,ALERGIA - PROCEDIMENTOS,Ativo,Sexta,1970-01-01 07:00:00.000,Manhã,Ativo,2
3683,D. M. V. B. ,ALERGIA E IMUNOLOGIA (AMBULATÓRIO),,ALERGIA - PROCEDIMENTOS,Ativo,,,,,
3684,M. W. D. S. G. ,REUMATOLOGIA (AMBULATÓRIO),RETORNO,REUMATOLOGIA - ESPONDILOARTRITE E GOTA,Ativo,Terça,1970-01-01 13:00:00.000,Tarde,Ativo,19
3686,M. W. D. S. G. ,REUMATOLOGIA (AMBULATÓRIO),CONSULTA REGULADA,ESPONDILOARTRITE - TRIAGEM,Ativo,Terça,1970-01-01 15:30:00.000,Tarde,Ativo,1
3688,B. D. M. P. M. ,NUCLEO DE TELESSAUDE,TELEATENDIMENTO,TELEMEDICINA TRIAGEM INTERCONSULTA PEDIATRIA,Ativo,Segunda,1970-01-01 13:20:00.000,Tarde,Ativo,10
3690,P. C. A. L. ,PEDIATRIA (AMBULATÓRIO),TELEATENDIMENTO,TELEMEDICINA INTERCONSULTA NEURO PEDIATRIA,Inativo,Quarta,1970-01-01 08:00:00.000,Manhã,Inativo,8
3692,J. D. S. N. ,GINECOLOGIA (AMBULATÓRIO),RETORNO,GINECOLOGIA - MUTIRAO PLANEJAMENTO FAMILIAR,Inativo,Sexta,1970-01-01 07:00:00.000,Manhã,Ativo,13
3694,K. R. F. D. S. ,GINECOLOGIA (AMBULATÓRIO),RETORNO,GINECOLOGIA - MUTIRAO PLANEJAMENTO FAMILIAR,Inativo,Sexta,1970-01-01 07:00:00.000,Manhã,Ativo,12
3696,A. E. S. D. L. ,ANESTESIOLOGIA (AMBULATÓRIO),INTERCONSULTA,ANESTESIOLOGIA,Inativo,Sexta,1970-01-01 13:00:00.000,Tarde,Ativo,10
3696,A. E. S. D. L. ,ANESTESIOLOGIA (AMBULATÓRIO),INTERCONSULTA,ANESTESIOLOGIA,Inativo,Sexta,1970-01-01 07:00:00.000,Manhã,Ativo,10
3698,D. M. D. C. C. ,ANESTESIOLOGIA (AMBULATÓRIO),INTERCONSULTA,ANESTESIOLOGIA,Inativo,Sexta,1970-01-01 13:00:00.000,Tarde,Ativo,10
3698,D. M. D. C. C. ,ANESTESIOLOGIA (AMBULATÓRIO),INTERCONSULTA,ANESTESIOLOGIA,Inativo,Sexta,1970-01-01 07:00:00.000,Manhã,Ativo,10
3700,L. L. S. ,ANESTESIOLOGIA (AMBULATÓRIO),INTERCONSULTA,ANESTESIOLOGIA,Inativo,Sexta,1970-01-01 07:00:00.000,Manhã,Ativo,10
3700,L. L. S. ,ANESTESIOLOGIA (AMBULATÓRIO),INTERCONSULTA,ANESTESIOLOGIA,Inativo,Sexta,1970-01-01 13:00:00.000,Tarde,Ativo,10
3704,M. M. D. A. L. ,ANESTESIOLOGIA (AMBULATÓRIO),INTERCONSULTA,ANESTESIOLOGIA,Inativo,Sexta,1970-01-01 13:00:00.000,Tarde,Ativo,10
3704,M. M. D. A. L. ,ANESTESIOLOGIA (AMBULATÓRIO),INTERCONSULTA,ANESTESIOLOGIA,Inativo,Sexta,1970-01-01 07:00:00.000,Manhã,Ativo,10
3706,E. V. D. O. ,ANESTESIOLOGIA (AMBULATÓRIO),INTERCONSULTA,ANESTESIOLOGIA,Inativo,Sexta,1970-01-01 13:00:00.000,Tarde,Ativo,10
3706,E. V. D. O. ,ANESTESIOLOGIA (AMBULATÓRIO),INTERCONSULTA,ANESTESIOLOGIA,Inativo,Sexta,1970-01-01 07:00:00.000,Manhã,Ativo,10
3707,O. B. B. ,ANESTESIOLOGIA (AMBULATÓRIO),INTERCONSULTA,ANESTESIOLOGIA,Inativo,Sexta,1970-01-01 13:00:00.000,Tarde,Ativo,10
3707,O. B. B. ,ANESTESIOLOGIA (AMBULATÓRIO),INTERCONSULTA,ANESTESIOLOGIA,Inativo,Sexta,1970-01-01 07:00:00.000,Manhã,Ativo,10
3708,A. S. B. D. A. L. ,ANESTESIOLOGIA (AMBULATÓRIO),INTERCONSULTA,ANESTESIOLOGIA,Inativo,Sexta,1970-01-01 13:00:00.000,Tarde,Ativo,10
3708,A. S. B. D. A. L. ,ANESTESIOLOGIA (AMBULATÓRIO),INTERCONSULTA,ANESTESIOLOGIA,Inativo,Sexta,1970-01-01 07:00:00.000,Manhã,Ativo,10
3710,E. C. ,ANESTESIOLOGIA (AMBULATÓRIO),INTERCONSULTA,ANESTESIOLOGIA,Inativo,Sexta,1970-01-01 13:00:00.000,Tarde,Ativo,10
3710,E. C. ,ANESTESIOLOGIA (AMBULATÓRIO),INTERCONSULTA,ANESTESIOLOGIA,Inativo,Sexta,1970-01-01 07:00:00.000,Manhã,Ativo,10
3711,A. D. N. L. J. ,ANESTESIOLOGIA (AMBULATÓRIO),INTERCONSULTA,ANESTESIOLOGIA,Inativo,Sexta,1970-01-01 13:00:00.000,Tarde,Ativo,10
3711,A. D. N. L. J. ,ANESTESIOLOGIA (AMBULATÓRIO),INTERCONSULTA,ANESTESIOLOGIA,Inativo,Sexta,1970-01-01 07:00:00.000,Manhã,Ativo,10
3712,E. J. S. D. L. ,ANESTESIOLOGIA (AMBULATÓRIO),INTERCONSULTA,ANESTESIOLOGIA,Inativo,Sexta,1970-01-01 07:00:00.000,Manhã,Ativo,10
3712,E. J. S. D. L. ,ANESTESIOLOGIA (AMBULATÓRIO),INTERCONSULTA,ANESTESIOLOGIA,Inativo,Sexta,1970-01-01 13:00:00.000,Tarde,Ativo,10
3714,G. A. L. M. D. N. ,ANESTESIOLOGIA (AMBULATÓRIO),INTERCONSULTA,ANESTESIOLOGIA,Inativo,Sexta,1970-01-01 13:00:00.000,Tarde,Ativo,10
3714,G. A. L. M. D. N. ,ANESTESIOLOGIA (AMBULATÓRIO),INTERCONSULTA,ANESTESIOLOGIA,Inativo,Sexta,1970-01-01 07:00:00.000,Manhã,Ativo,10
3716,F. B. M. F. B. ,ANESTESIOLOGIA (AMBULATÓRIO),INTERCONSULTA,ANESTESIOLOGIA,Inativo,Sexta,1970-01-01 07:00:00.000,Manhã,Ativo,10
3716,F. B. M. F. B. ,ANESTESIOLOGIA (AMBULATÓRIO),INTERCONSULTA,ANESTESIOLOGIA,Inativo,Sexta,1970-01-01 13:00:00.000,Tarde,Ativo,10
3718,M. A. D. O. M. ,ANESTESIOLOGIA (AMBULATÓRIO),INTERCONSULTA,ANESTESIOLOGIA,Inativo,Sexta,1970-01-01 07:00:00.000,Manhã,Ativo,10
3718,M. A. D. O. M. ,ANESTESIOLOGIA (AMBULATÓRIO),INTERCONSULTA,ANESTESIOLOGIA,Inativo,Sexta,1970-01-01 13:00:00.000,Tarde,Ativo,10
3720,M. F. D. M. ,ANESTESIOLOGIA (AMBULATÓRIO),INTERCONSULTA,ANESTESIOLOGIA,Inativo,Sexta,1970-01-01 07:00:00.000,Manhã,Ativo,10
3720,M. F. D. M. ,ANESTESIOLOGIA (AMBULATÓRIO),INTERCONSULTA,ANESTESIOLOGIA,Inativo,Sexta,1970-01-01 13:00:00.000,Tarde,Ativo,10
3722,M. F. P. ,ANESTESIOLOGIA (AMBULATÓRIO),INTERCONSULTA,ANESTESIOLOGIA,Inativo,Sexta,1970-01-01 13:00:00.000,Tarde,Ativo,10
3722,M. F. P. ,ANESTESIOLOGIA (AMBULATÓRIO),INTERCONSULTA,ANESTESIOLOGIA,Inativo,Sexta,1970-01-01 07:00:00.000,Manhã,Ativo,10
3724,A. C. A. F. D. B. ,ANESTESIOLOGIA (AMBULATÓRIO),INTERCONSULTA,ANESTESIOLOGIA,Inativo,Sexta,1970-01-01 13:00:00.000,Tarde,Ativo,10
3724,A. C. A. F. D. B. ,ANESTESIOLOGIA (AMBULATÓRIO),INTERCONSULTA,ANESTESIOLOGIA,Inativo,Sexta,1970-01-01 07:00:00.000,Manhã,Ativo,10
3725,L. C. B. L. ,ANESTESIOLOGIA (AMBULATÓRIO),INTERCONSULTA,ANESTESIOLOGIA,Inativo,Sexta,1970-01-01 13:00:00.000,Tarde,Ativo,10
3725,L. C. B. L. ,ANESTESIOLOGIA (AMBULATÓRIO),INTERCONSULTA,ANESTESIOLOGIA,Inativo,Sexta,1970-01-01 07:00:00.000,Manhã,Ativo,10
3726,V. G. A. D. A. ,ANESTESIOLOGIA (AMBULATÓRIO),INTERCONSULTA,ANESTESIOLOGIA,Inativo,Sexta,1970-01-01 13:00:00.000,Tarde,Ativo,10
3726,V. G. A. D. A. ,ANESTESIOLOGIA (AMBULATÓRIO),INTERCONSULTA,ANESTESIOLOGIA,Inativo,Sexta,1970-01-01 07:00:00.000,Manhã,Ativo,10
3728,V. I. D. S. ,ANESTESIOLOGIA (AMBULATÓRIO),INTERCONSULTA,ANESTESIOLOGIA,Inativo,Sexta,1970-01-01 13:00:00.000,Tarde,Ativo,10
3728,V. I. D. S. ,ANESTESIOLOGIA (AMBULATÓRIO),INTERCONSULTA,ANESTESIOLOGIA,Inativo,Sexta,1970-01-01 07:00:00.000,Manhã,Ativo,10
3730,L. S. G. ,ANESTESIOLOGIA (AMBULATÓRIO),INTERCONSULTA,ANESTESIOLOGIA,Inativo,Sexta,1970-01-01 07:00:00.000,Manhã,Ativo,10
3730,L. S. G. ,ANESTESIOLOGIA (AMBULATÓRIO),INTERCONSULTA,ANESTESIOLOGIA,Inativo,Sexta,1970-01-01 13:00:00.000,Tarde,Ativo,10
3732,S. D. S. B. J. ,ANESTESIOLOGIA (AMBULATÓRIO),INTERCONSULTA,ANESTESIOLOGIA,Inativo,Sexta,1970-01-01 13:00:00.000,Tarde,Ativo,10
3732,S. D. S. B. J. ,ANESTESIOLOGIA (AMBULATÓRIO),INTERCONSULTA,ANESTESIOLOGIA,Inativo,Sexta,1970-01-01 07:00:00.000,Manhã,Ativo,10
3734,L. B. V. ,ANESTESIOLOGIA (AMBULATÓRIO),INTERCONSULTA,ANESTESIOLOGIA,Inativo,Sexta,1970-01-01 07:00:00.000,Manhã,Ativo,10
3734,L. B. V. ,ANESTESIOLOGIA (AMBULATÓRIO),INTERCONSULTA,ANESTESIOLOGIA,Inativo,Sexta,1970-01-01 13:00:00.000,Tarde,Ativo,10
3736,F. R. A. D. Q. ,ANESTESIOLOGIA (AMBULATÓRIO),INTERCONSULTA,ANESTESIOLOGIA,Inativo,Sexta,1970-01-01 07:00:00.000,Manhã,Ativo,10
3738,A. L. L. D. ,ANESTESIOLOGIA (AMBULATÓRIO),INTERCONSULTA,ANESTESIOLOGIA,Inativo,Sexta,1970-01-01 07:00:00.000,Manhã,Ativo,10
3738,A. L. L. D. ,ANESTESIOLOGIA (AMBULATÓRIO),INTERCONSULTA,ANESTESIOLOGIA,Inativo,Sexta,1970-01-01 13:00:00.000,Tarde,Ativo,10
3740,M. C. M. C. L. ,HEMATOLOGIA (AMBULATÓRIO),INTERCONSULTA,HEMATOLOGIA,Ativo,Segunda,1970-01-01 13:00:00.000,Tarde,Ativo,2
3740,M. C. M. C. L. ,HEMATOLOGIA (AMBULATÓRIO),RETORNO,HEMATOLOGIA,Ativo,Segunda,1970-01-01 13:00:00.000,Tarde,Ativo,10
3742,E. F. D. D. A. ,OFTALMOLOGIA (AMBULATÓRIO),INTERCONSULTA,OFTALMOLOGIA - LME,Ativo,Terça,1970-01-01 13:00:00.000,Tarde,Ativo,12
3744,A. C. A. D. M. ,GASTROENTEROLOGIA (AMBULATÓRIO),RETORNO,GASTROENTEROLOGIA,Ativo,Segunda,1970-01-01 07:00:00.000,Manhã,Ativo,5
3744,A. C. A. D. M. ,GASTROENTEROLOGIA (AMBULATÓRIO),INTERCONSULTA,GASTROENTEROLOGIA,Ativo,Segunda,1970-01-01 07:00:00.000,Manhã,Ativo,1
3744,A. C. A. D. M. ,GASTROENTEROLOGIA (AMBULATÓRIO),CONSULTA REGULADA,GASTROENTEROLOGIA,Ativo,Segunda,1970-01-01 10:00:00.000,Manhã,Ativo,2
3744,A. C. A. D. M. ,GASTROENTEROLOGIA (AMBULATÓRIO),INTERCONSULTA,GASTROENTEROLOGIA,Ativo,Sexta,1970-01-01 13:00:00.000,Tarde,Ativo,1
3744,A. C. A. D. M. ,GASTROENTEROLOGIA (AMBULATÓRIO),CONSULTA REGULADA,GASTROENTEROLOGIA,Ativo,Sexta,1970-01-01 15:30:00.000,Tarde,Ativo,1
3744,A. C. A. D. M. ,GASTROENTEROLOGIA (AMBULATÓRIO),RETORNO,GASTROENTEROLOGIA,Ativo,Sexta,1970-01-01 13:00:00.000,Tarde,Ativo,3
3746,A. C. A. D. M. ,GASTROENTEROLOGIA (AMBULATÓRIO),INTERCONSULTA,GASTROENTEROLOGIA - DOENÇA INF INTESTINAL,Ativo,Quarta,1970-01-01 07:00:00.000,Manhã,Ativo,1
3746,A. C. A. D. M. ,GASTROENTEROLOGIA (AMBULATÓRIO),CONSULTA REGULADA,GASTROENTEROLOGIA - DOENÇA INF INTESTINAL,Ativo,Quarta,1970-01-01 10:00:00.000,Manhã,Ativo,2
3746,A. C. A. D. M. ,GASTROENTEROLOGIA (AMBULATÓRIO),RETORNO,GASTROENTEROLOGIA - DOENÇA INF INTESTINAL,Ativo,Quarta,1970-01-01 07:00:00.000,Manhã,Ativo,5
3748,B. A. S. ,CARDIOLOGIA (AMBULATÓRIO),CONSULTA REGULADA,CARDIOLOGIA - POVOS ORIGINARIOS,Inativo,Terça,1970-01-01 15:30:00.000,Tarde,Ativo,15
3749,R. T. D. B. S. P. ,NEFROLOGIA (AMBULATÓRIO),CONSULTA REGULADA,NEFROLOGIA - POVOS ORIGINARIOS,Inativo,Quarta,1970-01-01 10:00:00.000,Manhã,Ativo,7
3750,M. M. T. F. P. ,OFTALMOLOGIA (AMBULATÓRIO),CONSULTA REGULADA,OFTALMOLOGIA - POVOS ORIGINARIOS,Inativo,Quarta,1970-01-01 10:00:00.000,Manhã,Ativo,10
3751,M. M. V. C. M. ,OFTALMOLOGIA (AMBULATÓRIO),CONSULTA REGULADA,OFTALMOLOGIA - POVOS ORIGINARIOS,Inativo,Quarta,1970-01-01 15:30:00.000,Tarde,Ativo,10
3752,A. A. B. F. ,CIRURGIA GERAL (AMBULATÓRIO),CONSULTA REGULADA,CIRURGIA GERAL - POVOS ORIGINARIOS,Inativo,Segunda,1970-01-01 10:00:00.000,Manhã,Ativo,10
3754,R. F. D. A. ,CIRURGIA GERAL (AMBULATÓRIO),CONSULTA REGULADA,CIRURGIA GERAL - POVOS ORIGINARIOS,Inativo,Segunda,1970-01-01 10:00:00.000,Manhã,Ativo,10
3756,B. A. S. ,CARDIOLOGIA (AMBULATÓRIO),RETORNO,CARDIOLOGIA - MIOCARDIOPATIAS E IC,Ativo,Segunda,1970-01-01 13:00:00.000,Tarde,Ativo,12
3758,B. A. S. ,CARDIOLOGIA (AMBULATÓRIO),RETORNO,CARDIOLOGIA,Ativo,Terça,1970-01-01 13:00:00.000,Tarde,Ativo,6
3758,B. A. S. ,CARDIOLOGIA (AMBULATÓRIO),CONSULTA REGULADA,CARDIOLOGIA,Ativo,Terça,1970-01-01 15:30:00.000,Tarde,Ativo,3
3758,B. A. S. ,CARDIOLOGIA (AMBULATÓRIO),CONSULTA REGULADA,CARDIOLOGIA,Ativo,Quarta,1970-01-01 15:30:00.000,Tarde,Ativo,3
3758,B. A. S. ,CARDIOLOGIA (AMBULATÓRIO),RETORNO,CARDIOLOGIA,Ativo,Quarta,1970-01-01 13:00:00.000,Tarde,Ativo,6
3760,B. A. S. ,CARDIOLOGIA (AMBULATÓRIO),INTERCONSULTA,CARDIO - RISCO CIRURGICO,Ativo,Terça,1970-01-01 13:00:00.000,Tarde,Ativo,3
3760,B. A. S. ,CARDIOLOGIA (AMBULATÓRIO),INTERCONSULTA,CARDIO - RISCO CIRURGICO,Ativo,Quarta,1970-01-01 13:00:00.000,Tarde,Ativo,3
3762,L. G. D. C. S. ,NEFROLOGIA (AMBULATÓRIO),CONSULTA REGULADA,NEFROLOGIA - ENFERMAGEM - POVOS ORIGINARIOS,Inativo,Quarta,1970-01-01 10:00:00.000,Manhã,Ativo,7
3764,P. C. A. L. ,PEDIATRIA (AMBULATÓRIO),TELEATENDIMENTO,TELEMEDICINA  NEUROPEDIATRIA,Ativo,Sexta,1970-01-01 08:00:00.000,Manhã,Ativo,7
3764,P. C. A. L. ,PEDIATRIA (AMBULATÓRIO),TELEATENDIMENTO,TELEMEDICINA  NEUROPEDIATRIA,Ativo,Sexta,1970-01-01 13:20:00.000,Tarde,Ativo,6
3766,T. D. S. D. S. ,PNEUMOLOGIA (AMBULATÓRIO),RETORNO,PNEUMOLOGIA,Ativo,Quarta,1970-01-01 13:00:00.000,Tarde,Ativo,4
3766,T. D. S. D. S. ,PNEUMOLOGIA (AMBULATÓRIO),CONSULTA REGULADA,PNEUMOLOGIA,Ativo,Quarta,1970-01-01 15:30:00.000,Tarde,Ativo,3
3766,T. D. S. D. S. ,PNEUMOLOGIA (AMBULATÓRIO),INTERCONSULTA,PNEUMOLOGIA,Ativo,Quarta,1970-01-01 13:00:00.000,Tarde,Ativo,3
3766,T. D. S. D. S. ,PNEUMOLOGIA (AMBULATÓRIO),RETORNO,PNEUMOLOGIA,Ativo,Quinta,1970-01-01 13:00:00.000,Tarde,Ativo,4
3766,T. D. S. D. S. ,PNEUMOLOGIA (AMBULATÓRIO),INTERCONSULTA,PNEUMOLOGIA,Ativo,Quinta,1970-01-01 13:00:00.000,Tarde,Ativo,3
3766,T. D. S. D. S. ,PNEUMOLOGIA (AMBULATÓRIO),CONSULTA REGULADA,PNEUMOLOGIA,Ativo,Quinta,1970-01-01 15:30:00.000,Tarde,Ativo,3
3769,A. B. M. L. D. A. T. ,ONCOLOGIA (AMBULATÓRIO),RETORNO,OCI PROGRESSAO DA AVAL DIAG CANCER DE MAMA II,Ativo,Segunda,1970-01-01 07:00:00.000,Manhã,Ativo,1
3769,A. B. M. L. D. A. T. ,ONCOLOGIA (AMBULATÓRIO),CONSULTA REGULADA,OCI PROGRESSAO DA AVAL DIAG CANCER DE MAMA II,Ativo,Segunda,1970-01-01 10:00:00.000,Manhã,Ativo,1
3770,G. E. C. S. ,ONCOLOGIA (AMBULATÓRIO),CONSULTA REGULADA,OCI AVAL DIAG INICIAL DE CANCER DE MAMA,Ativo,Terça,1970-01-01 10:00:00.000,Manhã,Ativo,2
3770,G. E. C. S. ,ONCOLOGIA (AMBULATÓRIO),RETORNO,OCI AVAL DIAG INICIAL DE CANCER DE MAMA,Ativo,Terça,1970-01-01 07:00:00.000,Manhã,Ativo,2
3770,G. E. C. S. ,ONCOLOGIA (AMBULATÓRIO),RETORNO,OCI AVAL DIAG INICIAL DE CANCER DE MAMA,Ativo,Terça,1970-01-01 13:00:00.000,Tarde,Ativo,2
3770,G. E. C. S. ,ONCOLOGIA (AMBULATÓRIO),CONSULTA REGULADA,OCI AVAL DIAG INICIAL DE CANCER DE MAMA,Ativo,Terça,1970-01-01 15:30:00.000,Tarde,Ativo,2
3772,J. D. F. ,ONCOLOGIA (AMBULATÓRIO),RETORNO,OCI AVAL DIAG INICIAL DE CANCER DE MAMA,Ativo,Terça,1970-01-01 07:00:00.000,Manhã,Ativo,2
3772,J. D. F. ,ONCOLOGIA (AMBULATÓRIO),CONSULTA REGULADA,OCI AVAL DIAG INICIAL DE CANCER DE MAMA,Ativo,Terça,1970-01-01 10:00:00.000,Manhã,Ativo,2
3773,L. D. F. L. P. D. L. ,ONCOLOGIA (AMBULATÓRIO),,OCI AVAL DIAG INICIAL DE CANCER DE MAMA,Inativo,,,,,
3774,L. D. F. L. P. D. L. ,ONCOLOGIA (AMBULATÓRIO),CONSULTA REGULADA,OCI PROGRESSAO DA AVAL DIAG CANCER DE MAMA II,Ativo,Sexta,1970-01-01 10:00:00.000,Manhã,Ativo,3
3774,L. D. F. L. P. D. L. ,ONCOLOGIA (AMBULATÓRIO),RETORNO,OCI PROGRESSAO DA AVAL DIAG CANCER DE MAMA II,Ativo,Sexta,1970-01-01 07:00:00.000,Manhã,Ativo,3
3775,J. D. F. ,ONCOLOGIA (AMBULATÓRIO),CONSULTA REGULADA,OCI PROGRESSAO DA AVAL DIAG CANCER DE MAMA II,Ativo,Quinta,1970-01-01 10:00:00.000,Manhã,Ativo,2
3775,J. D. F. ,ONCOLOGIA (AMBULATÓRIO),RETORNO,OCI PROGRESSAO DA AVAL DIAG CANCER DE MAMA II,Ativo,Quinta,1970-01-01 07:00:00.000,Manhã,Ativo,2
3776,G. E. C. S. ,ONCOLOGIA (AMBULATÓRIO),RETORNO,OCI PROGRESSAO DA AVAL DIAG CANCER DE MAMA II,Ativo,Quinta,1970-01-01 07:00:00.000,Manhã,Ativo,2
3776,G. E. C. S. ,ONCOLOGIA (AMBULATÓRIO),CONSULTA REGULADA,OCI PROGRESSAO DA AVAL DIAG CANCER DE MAMA II,Ativo,Quinta,1970-01-01 10:00:00.000,Manhã,Ativo,2
3780,A. B. M. L. D. A. T. ,ONCOLOGIA (AMBULATÓRIO),RETORNO,OCI AVAL DIAG INICIAL DE CANCER DE MAMA,Ativo,Segunda,1970-01-01 07:00:00.000,Manhã,Ativo,3
3780,A. B. M. L. D. A. T. ,ONCOLOGIA (AMBULATÓRIO),CONSULTA REGULADA,OCI AVAL DIAG INICIAL DE CANCER DE MAMA,Ativo,Segunda,1970-01-01 10:00:00.000,Manhã,Ativo,2
3782,T. C. N. D. M. ,PNEUMOLOGIA (AMBULATÓRIO),INTERCONSULTA,PNEUMOLOGIA - PARECER,Inativo,Quarta,1970-01-01 13:00:00.000,Tarde,Ativo,2
3782,T. C. N. D. M. ,PNEUMOLOGIA (AMBULATÓRIO),INTERCONSULTA,PNEUMOLOGIA - PARECER,Inativo,Quinta,1970-01-01 13:00:00.000,Tarde,Ativo,2
3784,P. C. R. ,FONOAUDIOLOGIA,RETORNO,FONOAUDIOLOGIA - GASTROPEDIATRIA,Ativo,Segunda,1970-01-01 07:00:00.000,Manhã,Ativo,6
3784,P. C. R. ,FONOAUDIOLOGIA,RETORNO,FONOAUDIOLOGIA - GASTROPEDIATRIA,Ativo,Terça,1970-01-01 07:00:00.000,Manhã,Ativo,6
3786,T. D. S. D. S. ,ONCOLOGIA (AMBULATÓRIO),RETORNO,PNEUMO-ONCO,Ativo,Quarta,1970-01-01 07:00:00.000,Manhã,Ativo,4
3786,T. D. S. D. S. ,ONCOLOGIA (AMBULATÓRIO),INTERCONSULTA,PNEUMO-ONCO,Ativo,Quarta,1970-01-01 07:00:00.000,Manhã,Ativo,2
3788,T. D. S. D. S. ,PNEUMOLOGIA (AMBULATÓRIO),INTERCONSULTA,PNEUMOLOGIA - PARECER,Ativo,Quarta,1970-01-01 13:00:00.000,Tarde,Ativo,2
3788,T. D. S. D. S. ,PNEUMOLOGIA (AMBULATÓRIO),INTERCONSULTA,PNEUMOLOGIA - PARECER,Ativo,Quinta,1970-01-01 13:00:00.000,Tarde,Ativo,2
3790,M. L. D. M. S. J. ,NEUROLOGIA (AMBULATÓRIO),RETORNO,NEUROLOGIA - VASCULAR,Ativo,Quarta,1970-01-01 07:00:00.000,Manhã,Ativo,4
3796,A. A. V. S. ,PEDIATRIA (AMBULATÓRIO),TELEATENDIMENTO,TELERREGULACAO DE ENFERMAGEM GASTRO - APLV,Ativo,Segunda,1970-01-01 08:30:00.000,Manhã,Ativo,3
3798,A. A. V. S. ,PEDIATRIA (AMBULATÓRIO),TELEATENDIMENTO,TELENFERMAGEM PEDIATRIA,Ativo,Segunda,1970-01-01 10:00:00.000,Manhã,Ativo,3
3800,K. L. A. B. ,PEDIATRIA (AMBULATÓRIO),TELEATENDIMENTO,TELENFERMAGEM PEDIATRIA,Ativo,Segunda,1970-01-01 14:00:00.000,Tarde,Ativo,5
3800,K. L. A. B. ,PEDIATRIA (AMBULATÓRIO),TELEATENDIMENTO,TELENFERMAGEM PEDIATRIA,Ativo,Quinta,1970-01-01 09:00:00.000,Manhã,Ativo,5
3802,G. C. M. S. ,PEDIATRIA (AMBULATÓRIO),TELEATENDIMENTO,TELENFERMAGEM PEDIATRIA,Ativo,Sexta,1970-01-01 14:00:00.000,Tarde,Ativo,4
3804,A. A. A. ,ALERGIA E IMUNOLOGIA (AMBULATÓRIO),RETORNO,ALERGIA - URTICARIA,Ativo,Terça,1970-01-01 13:00:00.000,Tarde,Ativo,1
3806,D. V. C. ,CARDIOLOGIA (AMBULATÓRIO),CONSULTA REGULADA,OCI AVALIACAO DE RISCO CIRURGICO,Ativo,Terça,1970-01-01 15:30:00.000,Tarde,Ativo,2
3806,D. V. C. ,CARDIOLOGIA (AMBULATÓRIO),RETORNO,OCI AVALIACAO DE RISCO CIRURGICO,Ativo,Terça,1970-01-01 13:00:00.000,Tarde,Ativo,2
3808,B. A. S. ,CARDIOLOGIA (AMBULATÓRIO),RETORNO,OCI AVALIACAO DE RISCO CIRURGICO,Ativo,Terça,1970-01-01 13:00:00.000,Tarde,Ativo,2
3808,B. A. S. ,CARDIOLOGIA (AMBULATÓRIO),CONSULTA REGULADA,OCI AVALIACAO DE RISCO CIRURGICO,Ativo,Terça,1970-01-01 15:30:00.000,Tarde,Ativo,2
3809,D. R. F. B. ,CARDIOLOGIA (AMBULATÓRIO),RETORNO,OCI AVALIACAO DE RISCO CIRURGICO,Ativo,Quinta,1970-01-01 13:00:00.000,Tarde,Ativo,2
3809,D. R. F. B. ,CARDIOLOGIA (AMBULATÓRIO),CONSULTA REGULADA,OCI AVALIACAO DE RISCO CIRURGICO,Ativo,Quinta,1970-01-01 15:30:00.000,Tarde,Ativo,2
3810,M. T. S. D. S. L. ,CARDIOLOGIA (AMBULATÓRIO),RETORNO,OCI AVALIACAO DE RISCO CIRURGICO,Ativo,Quinta,1970-01-01 13:00:00.000,Tarde,Ativo,2
3810,M. T. S. D. S. L. ,CARDIOLOGIA (AMBULATÓRIO),CONSULTA REGULADA,OCI AVALIACAO DE RISCO CIRURGICO,Ativo,Quinta,1970-01-01 15:30:00.000,Tarde,Ativo,2
3812,J. C. D. L. ,ESPAÇO TRANS (AMBULATÓRIO),INTERCONSULTA,GINECOLOGIA - ESPAÇO TRANS,Ativo,Sexta,1970-01-01 10:00:00.000,Manhã,Ativo,2
3812,J. C. D. L. ,ESPAÇO TRANS (AMBULATÓRIO),RETORNO,GINECOLOGIA - ESPAÇO TRANS,Ativo,Sexta,1970-01-01 10:00:00.000,Manhã,Ativo,2
3814,M. D. C. M. R. ,ALERGIA E IMUNOLOGIA (AMBULATÓRIO),RETORNO,ALERGIA - IMUNODEFICIENCIA,Ativo,Quinta,1970-01-01 07:00:00.000,Manhã,Ativo,1
3816,A. P. C. D. A. B. F. L. ,OTORRINOLARINGOLOGIA (AMBULATÓRIO),,OCI - AVAL DIAG NASOFARINGE E OROFARINGE,Inativo,,,,,
3818,C. H. C. ,PEDIATRIA (AMBULATÓRIO),RETORNO,GENETICA MEDICA,Ativo,Segunda,1970-01-01 07:00:00.000,Manhã,Ativo,3
3818,C. H. C. ,PEDIATRIA (AMBULATÓRIO),RETORNO,GENETICA MEDICA,Ativo,Segunda,1970-01-01 13:00:00.000,Tarde,Ativo,3
3818,C. H. C. ,PEDIATRIA (AMBULATÓRIO),CONSULTA REGULADA,GENETICA MEDICA,Ativo,Quinta,1970-01-01 15:30:00.000,Tarde,Ativo,1
3818,C. H. C. ,PEDIATRIA (AMBULATÓRIO),INTERCONSULTA,GENETICA MEDICA,Ativo,Quinta,1970-01-01 13:00:00.000,Tarde,Ativo,1
3818,C. H. C. ,PEDIATRIA (AMBULATÓRIO),INTERCONSULTA,GENETICA MEDICA,Ativo,Quinta,1970-01-01 07:00:00.000,Manhã,Ativo,1
3818,C. H. C. ,PEDIATRIA (AMBULATÓRIO),RETORNO,GENETICA MEDICA,Ativo,Quinta,1970-01-01 07:00:00.000,Manhã,Ativo,1
3820,J. L. D. P. P. F. ,NUCLEO DE TELESSAUDE,TELEATENDIMENTO,TELEMEDICINA INTERCONSULTA CARGASHEMATO,Ativo,Terça,1970-01-01 13:30:00.000,Tarde,Ativo,10
3820,J. L. D. P. P. F. ,NUCLEO DE TELESSAUDE,TELEATENDIMENTO,TELEMEDICINA INTERCONSULTA CARGASHEMATO,Ativo,Terça,1970-01-01 08:00:00.000,Manhã,Ativo,10
3822,K. S. D. V. A. ,NUCLEO DE TELESSAUDE,TELEATENDIMENTO,TELEMEDICINA INTERCONSULTA INFPNEUDOR,Ativo,Quarta,1970-01-01 13:30:00.000,Tarde,Ativo,9
3824,C. H. C. ,PEDIATRIA (AMBULATÓRIO),RETORNO,GENETICA MEDICA PEDIATRICA,Ativo,Segunda,1970-01-01 13:00:00.000,Tarde,Ativo,3
3824,C. H. C. ,PEDIATRIA (AMBULATÓRIO),RETORNO,GENETICA MEDICA PEDIATRICA,Ativo,Segunda,1970-01-01 07:00:00.000,Manhã,Ativo,3
3824,C. H. C. ,PEDIATRIA (AMBULATÓRIO),INTERCONSULTA,GENETICA MEDICA PEDIATRICA,Ativo,Quinta,1970-01-01 13:00:00.000,Tarde,Ativo,2
3824,C. H. C. ,PEDIATRIA (AMBULATÓRIO),INTERCONSULTA,GENETICA MEDICA PEDIATRICA,Ativo,Quinta,1970-01-01 07:00:00.000,Manhã,Ativo,1
3824,C. H. C. ,PEDIATRIA (AMBULATÓRIO),RETORNO,GENETICA MEDICA PEDIATRICA,Ativo,Quinta,1970-01-01 13:00:00.000,Tarde,Ativo,1
3824,C. H. C. ,PEDIATRIA (AMBULATÓRIO),CONSULTA REGULADA,GENETICA MEDICA PEDIATRICA,Ativo,Quinta,1970-01-01 15:30:00.000,Tarde,Ativo,1
3824,C. H. C. ,PEDIATRIA (AMBULATÓRIO),CONSULTA REGULADA,GENETICA MEDICA PEDIATRICA,Ativo,Quinta,1970-01-01 10:00:00.000,Manhã,Ativo,3
3826,M. T. B. W. ,ASSISTENCIA FARMACEUTICA,,FARMACIA - ONCOLOGIA,Ativo,,,,,
3828,K. M. D. S. M. ,ASSISTENCIA FARMACEUTICA,,FARMACIA - HEMODINAMICA,Ativo,,,,,
